valg,parti,kandidat,antal_stemmer,kommune/region,SFU_kandidat,anna_liste
kommunalvalg,A. Socialdemokratiet,Aase Bagger,0,Ishøj Kommune,Nej,Nej
kommunalvalg,A. Socialdemokratiet,Aase Pedersen,0,Aarhus Kommune,Nej,Nej
kommunalvalg,A. Socialdemokratiet,Abdirashid Sheikh,0,Aarhus Kommune,Nej,Nej
kommunalvalg,A. Socialdemokratiet,Abdul Karim Ahmad,0,Ringkøbing-Skjern Kommune,Nej,Nej
kommunalvalg,A. Socialdemokratiet,Adeel Akhtar,0,Brøndby Kommune,Nej,Nej
kommunalvalg,A. Socialdemokratiet,Adnan Ali Amin,0,Albertslund Kommune,Nej,Nej
kommunalvalg,A. Socialdemokratiet,"Adnan Y. M. Jedon, Brønderslev",0,Brønderslev Kommune,Nej,Nej
kommunalvalg,A. Socialdemokratiet,Ahmed Huseen Dhaqane,374,Rødovre Kommune,Nej,Nej
kommunalvalg,A. Socialdemokratiet,Akhlaq Ahmad,0,Albertslund Kommune,Nej,Nej
kommunalvalg,A. Socialdemokratiet,"Aksel Carlsen, Rønninge",8,Kerteminde Kommune,Nej,Nej
kommunalvalg,A. Socialdemokratiet,Alaaidin Abdelhafiz,39,Faxe Kommune,Nej,Nej
kommunalvalg,A. Socialdemokratiet,Alex Bødiker,0,Haderslev Kommune,Nej,Nej
kommunalvalg,A. Socialdemokratiet,Alex Gren,0,Middelfart Kommune,Nej,Nej
kommunalvalg,A. Socialdemokratiet,Alex Vejby Nielsen,0,Vejle Kommune,Nej,Nej
kommunalvalg,A. Socialdemokratiet,"Alexander Baadh, Trørød",0,Rudersdal Kommune,Nej,Nej
kommunalvalg,A. Socialdemokratiet,Alexander Gundelack Angelo,0,Hvidovre Kommune,Nej,Nej
kommunalvalg,A. Socialdemokratiet,Alexander Semga Nyugha,0,Aalborg Kommune,Nej,Nej
kommunalvalg,A. Socialdemokratiet,Ali Yavuz,0,Slagelse Kommune,Nej,Nej
kommunalvalg,A. Socialdemokratiet,"Alice Rudkjær, Bistrup",0,Rudersdal Kommune,Nej,Nej
kommunalvalg,A. Socialdemokratiet,Alice Silkjær,0,Allerød Kommune,Nej,Nej
kommunalvalg,A. Socialdemokratiet,Aligo Francis,83,Næstved Kommune,Nej,Nej
kommunalvalg,A. Socialdemokratiet,Alina Racila,0,Tønder Kommune,Nej,Nej
kommunalvalg,A. Socialdemokratiet,Allan Andersen,0,Tårnby Kommune,Nej,Nej
kommunalvalg,A. Socialdemokratiet,Allan Brink Christensen,0,Glostrup Kommune,Nej,Nej
kommunalvalg,A. Socialdemokratiet,Allan Buch,0,Middelfart Kommune,Nej,Nej
kommunalvalg,A. Socialdemokratiet,"Allan Gjersbøl, Grenaa",0,Norddjurs Kommune,Nej,Nej
kommunalvalg,A. Socialdemokratiet,"Allan Kreutzfeldt, Ølstykke",0,Egedal Kommune,Nej,Nej
kommunalvalg,A. Socialdemokratiet,Allan Larsen,0,Glostrup Kommune,Nej,Nej
kommunalvalg,A. Socialdemokratiet,"Allan Lauenblad, Vejen",0,Vejen Kommune,Nej,Nej
kommunalvalg,A. Socialdemokratiet,Allan Mose Jakobsen,0,Lemvig Kommune,Nej,Nej
kommunalvalg,A. Socialdemokratiet,"Allan Mølgaard Grosbøl, Hedensted",0,Hedensted Kommune,Nej,Nej
kommunalvalg,A. Socialdemokratiet,Allan Nielsen,0,Gribskov Kommune,Nej,Nej
kommunalvalg,A. Socialdemokratiet,"Allan Pertti Frandsen, Herslev",0,Fredericia Kommune,Nej,Nej
kommunalvalg,A. Socialdemokratiet,"Allan Sjørslev, Kerteminde",15,Kerteminde Kommune,Nej,Nej
kommunalvalg,A. Socialdemokratiet,Allan-Ivan Kristensen,0,Tårnby Kommune,Nej,Nej
kommunalvalg,A. Socialdemokratiet,"Almin Gabela, Sakskøbing",0,Guldborgsund Kommune,Nej,Nej
kommunalvalg,A. Socialdemokratiet,Amalie Kallesøe Bergholdt,0,Middelfart Kommune,Nej,Nej
kommunalvalg,A. Socialdemokratiet,Amanda Irina Larsen,0,Hvidovre Kommune,Nej,Nej
kommunalvalg,A. Socialdemokratiet,"Anders Bertel, Frederiks",2524,Viborg Kommune,Nej,Nej
kommunalvalg,A. Socialdemokratiet,Anders Brandt Sørensen,0,Frederikshavn Kommune,Nej,Nej
kommunalvalg,A. Socialdemokratiet,"Anders Bruun Rasmussen, Vestbyen",0,Horsens Kommune,Nej,Nej
kommunalvalg,A. Socialdemokratiet,Anders J. Andersen,0,Vordingborg Kommune,Nej,Nej
kommunalvalg,A. Socialdemokratiet,"Anders Kjær Kristensen, Vognsild",107,Vesthimmerlands Kommune,Nej,Nej
kommunalvalg,A. Socialdemokratiet,Anders Liltorp,0,Hvidovre Kommune,Nej,Nej
kommunalvalg,A. Socialdemokratiet,"Anders Løvbjerg, Silkeborg",0,Silkeborg Kommune,Nej,Nej
kommunalvalg,A. Socialdemokratiet,"Anders Olesen, Vipperød",0,Holbæk Kommune,Nej,Nej
kommunalvalg,A. Socialdemokratiet,"Anders Stenumgaard Lind, Grenaa",0,Norddjurs Kommune,Nej,Nej
kommunalvalg,A. Socialdemokratiet,"Anders Vaagan, Vestbyen",0,Horsens Kommune,Nej,Nej
kommunalvalg,A. Socialdemokratiet,"Anders Vigild, Gedved",0,Horsens Kommune,Nej,Nej
kommunalvalg,A. Socialdemokratiet,Anders Winnerskjold,0,Aarhus Kommune,Nej,Nej
kommunalvalg,A. Socialdemokratiet,Andre Osnes,0,Aalborg Kommune,Nej,Nej
kommunalvalg,A. Socialdemokratiet,"Andreas Bech, Køge",0,Køge Kommune,Nej,Nej
kommunalvalg,A. Socialdemokratiet,"Andreas Boesen, Vestbyen",0,Horsens Kommune,Nej,Nej
kommunalvalg,A. Socialdemokratiet,Andreas Frimer Linde,0,Lyngby-Taarbæk Kommune,Nej,Nej
kommunalvalg,A. Socialdemokratiet,"Andreas Green, Nykøbing F.",0,Guldborgsund Kommune,Nej,Nej
kommunalvalg,A. Socialdemokratiet,Andreas Keil,0,Københavns Kommune,Nej,Nej
kommunalvalg,A. Socialdemokratiet,"Andreas Tang-Brock, Ry",0,Skanderborg Kommune,Nej,Nej
kommunalvalg,A. Socialdemokratiet,"André Ellegaard Jensen, Nørager",67,Rebild Kommune,Nej,Nej
kommunalvalg,A. Socialdemokratiet,Ane Marie Søborg,0,Ringkøbing-Skjern Kommune,Nej,Nej
kommunalvalg,A. Socialdemokratiet,Anes Halilovic,0,Lolland Kommune,Nej,Nej
kommunalvalg,A. Socialdemokratiet,Anette Bæk,77,Hjørring Kommune,Nej,Nej
kommunalvalg,A. Socialdemokratiet,"Anette Hyre-Jensen, Fredericia - Midtbyen",0,Fredericia Kommune,Nej,Nej
kommunalvalg,A. Socialdemokratiet,Anette Lykke Jensen,67,Nordfyns Kommune,Nej,Nej
kommunalvalg,A. Socialdemokratiet,"Anette Maj Billesbølle, Holte",0,Rudersdal Kommune,Nej,Nej
kommunalvalg,A. Socialdemokratiet,Anette Pilmark,0,Brøndby Kommune,Nej,Nej
kommunalvalg,A. Socialdemokratiet,Anette Poulsen,0,Aarhus Kommune,Nej,Nej
kommunalvalg,A. Socialdemokratiet,Anette Rachlitz,391,Rødovre Kommune,Nej,Nej
kommunalvalg,A. Socialdemokratiet,Anette Sandgreen,0,Vallensbæk Kommune,Nej,Nej
kommunalvalg,A. Socialdemokratiet,"Ani Maj Andersen, Aabenraa",0,Aabenraa Kommune,Nej,Nej
kommunalvalg,A. Socialdemokratiet,Anita Brandorff,0,Haderslev Kommune,Nej,Nej
kommunalvalg,A. Socialdemokratiet,"Anita Søholm, Rønde",400,Syddjurs Kommune,Nej,Nej
kommunalvalg,A. Socialdemokratiet,Anja Al-Erhayem,458,Sorø Kommune,Nej,Nej
kommunalvalg,A. Socialdemokratiet,Anja Bisp Pedersen,0,Frederikssund Kommune,Nej,Nej
kommunalvalg,A. Socialdemokratiet,Anja Holtze,0,Ballerup Kommune,Nej,Nej
kommunalvalg,A. Socialdemokratiet,"Anja Kjærhus, Torsted",0,Horsens Kommune,Nej,Nej
kommunalvalg,A. Socialdemokratiet,Anja Reilev,0,Middelfart Kommune,Nej,Nej
kommunalvalg,A. Socialdemokratiet,Anja Resen,0,Ringsted Kommune,Nej,Nej
kommunalvalg,A. Socialdemokratiet,Anja Valente,37,Ærø Kommune,Nej,Nej
kommunalvalg,A. Socialdemokratiet,Anje Holmstad,0,Helsingør Kommune,Nej,Nej
kommunalvalg,A. Socialdemokratiet,"Ann Britt Frederiksen, Vester Hornum",81,Vesthimmerlands Kommune,Nej,Nej
kommunalvalg,A. Socialdemokratiet,Ann Chalotte Johansen,219,Nordfyns Kommune,Nej,Nej
kommunalvalg,A. Socialdemokratiet,Ann Rubæk-Nielsen,0,Bornholms Regionskommune,Nej,Nej
kommunalvalg,A. Socialdemokratiet,Ann-Britt Lærkedahl,0,Lolland Kommune,Nej,Nej
kommunalvalg,A. Socialdemokratiet,"Anna Aubertin, Blenstrup",243,Rebild Kommune,Nej,Nej
kommunalvalg,A. Socialdemokratiet,Anna Jasmin Hasle Hansen,0,Furesø Kommune,Nej,Nej
kommunalvalg,A. Socialdemokratiet,Anna Thusgård,0,Aarhus Kommune,Nej,Nej
kommunalvalg,A. Socialdemokratiet,Anne Bjergvang,0,Slagelse Kommune,Nej,Nej
kommunalvalg,A. Socialdemokratiet,"Anne Catherine Hoxcer Nielsen, Varde",0,Varde Kommune,Nej,Nej
kommunalvalg,A. Socialdemokratiet,Anne Fabricius,0,Odense Kommune,Nej,Nej
kommunalvalg,A. Socialdemokratiet,Anne Fredberg,0,Middelfart Kommune,Nej,Nej
kommunalvalg,A. Socialdemokratiet,Anne Hjortshøj,0,Randers Kommune,Nej,Nej
kommunalvalg,A. Socialdemokratiet,Anne Jensen,0,Bornholms Regionskommune,Nej,Nej
kommunalvalg,A. Socialdemokratiet,"Anne Jørgensen, Lyø",0,Faaborg-Midtfyn Kommune,Nej,Nej
kommunalvalg,A. Socialdemokratiet,Anne Katrine Olsen,0,Svendborg Kommune,Nej,Nej
kommunalvalg,A. Socialdemokratiet,"Anne Kyhn, Faaborg",0,Faaborg-Midtfyn Kommune,Nej,Nej
kommunalvalg,A. Socialdemokratiet,Anne Madsen,1624,Sorø Kommune,Nej,Nej
kommunalvalg,A. Socialdemokratiet,"Anne Marie Wulff Hedenborg, Roskilde",0,Roskilde Kommune,Nej,Nej
kommunalvalg,A. Socialdemokratiet,"Anne Mette Bak, Taastrup",0,Høje-Taastrup Kommune,Nej,Nej
kommunalvalg,A. Socialdemokratiet,"Anne Munch, Rødvig",0,Stevns Kommune,Nej,Nej
kommunalvalg,A. Socialdemokratiet,Anne Sofie Stjernholm,0,Vejle Kommune,Nej,Nej
kommunalvalg,A. Socialdemokratiet,Anne Thomas,0,Bornholms Regionskommune,Nej,Nej
kommunalvalg,A. Socialdemokratiet,"Anne-Emmanuelle Bertelsen, Vejen",0,Vejen Kommune,Nej,Nej
kommunalvalg,A. Socialdemokratiet,Anne-Lise Kuhre,0,Frederikssund Kommune,Nej,Nej
kommunalvalg,A. Socialdemokratiet,Anne-Marie Ejsten,34,Læsø Kommune,Nej,Nej
kommunalvalg,A. Socialdemokratiet,Anne-Mette Ebensgaard,0,Odense Kommune,Nej,Nej
kommunalvalg,A. Socialdemokratiet,"Anne-Mette Ibsen, Nordby",9,Fanø Kommune,Nej,Nej
kommunalvalg,A. Socialdemokratiet,Annette Betak,0,Tårnby Kommune,Nej,Nej
kommunalvalg,A. Socialdemokratiet,"Annette Dam, Sønderborg",0,Sønderborg Kommune,Nej,Nej
kommunalvalg,A. Socialdemokratiet,"Annette Nielsen, Ravnstrup",0,Brønderslev Kommune,Nej,Nej
kommunalvalg,A. Socialdemokratiet,Annette Normind Thomsen,0,Glostrup Kommune,Nej,Nej
kommunalvalg,A. Socialdemokratiet,Annette Raaschou van der Star,274,Sorø Kommune,Nej,Nej
kommunalvalg,A. Socialdemokratiet,Annette Westh,0,Halsnæs Kommune,Nej,Nej
kommunalvalg,A. Socialdemokratiet,"Anni Schmidt Pedersen, Skanderborg",0,Skanderborg Kommune,Nej,Nej
kommunalvalg,A. Socialdemokratiet,Annia Meline Brogaard,0,Slagelse Kommune,Nej,Nej
kommunalvalg,A. Socialdemokratiet,"Anstina Krogh, Håstrup",0,Faaborg-Midtfyn Kommune,Nej,Nej
kommunalvalg,A. Socialdemokratiet,Anton Lykke Jensen,0,Halsnæs Kommune,Nej,Nej
kommunalvalg,A. Socialdemokratiet,"Arne C. Holm, Birkerød",0,Rudersdal Kommune,Nej,Nej
kommunalvalg,A. Socialdemokratiet,Arne Jensen,0,Kalundborg Kommune,Nej,Nej
kommunalvalg,A. Socialdemokratiet,"Arne M. Jensen, Brønderslev",0,Brønderslev Kommune,Nej,Nej
kommunalvalg,A. Socialdemokratiet,Arne Poulstrup,0,Vejle Kommune,Nej,Nej
kommunalvalg,A. Socialdemokratiet,"Arulanantharajah Thillainadarasa, Herning",0,Herning Kommune,Nej,Nej
kommunalvalg,A. Socialdemokratiet,"Arvid Larsen, Vester Såby",0,Lejre Kommune,Nej,Nej
kommunalvalg,A. Socialdemokratiet,Asbjørn Dalgaard,0,Frederiksberg Kommune,Nej,Nej
kommunalvalg,A. Socialdemokratiet,Asbjørn Reissmann,0,Københavns Kommune,Nej,Nej
kommunalvalg,A. Socialdemokratiet,"Asger Andersen, Vegger",557,Vesthimmerlands Kommune,Nej,Nej
kommunalvalg,A. Socialdemokratiet,"Asger Birk Jensen, Høje Taastrup",0,Høje-Taastrup Kommune,Nej,Nej
kommunalvalg,A. Socialdemokratiet,Aslaug Jørgensen,0,Hvidovre Kommune,Nej,Nej
kommunalvalg,A. Socialdemokratiet,"Assia Ingeborg Hybert Zouaoui, Østbyen",0,Horsens Kommune,Nej,Nej
kommunalvalg,A. Socialdemokratiet,Astrid Ejlersen,0,Svendborg Kommune,Nej,Nej
kommunalvalg,A. Socialdemokratiet,"Astrid Søgaard, Kaas",0,Jammerbugt Kommune,Nej,Nej
kommunalvalg,A. Socialdemokratiet,"Aud Spurkeland Grøne, Grevinge",0,Odsherred Kommune,Nej,Nej
kommunalvalg,A. Socialdemokratiet,"Augusta Elmeskov, Kisserup",0,Lejre Kommune,Nej,Nej
kommunalvalg,A. Socialdemokratiet,Awale Mohamed,0,Ishøj Kommune,Nej,Nej
kommunalvalg,A. Socialdemokratiet,Azra Hasanbegovic,0,Vejle Kommune,Nej,Nej
kommunalvalg,A. Socialdemokratiet,"B. S. Andersen, Borup",0,Køge Kommune,Nej,Nej
kommunalvalg,A. Socialdemokratiet,"Bayram Polat, Humlebæk",75,Fredensborg Kommune,Nej,Nej
kommunalvalg,A. Socialdemokratiet,Bayram Yüksel,0,Ishøj Kommune,Nej,Nej
kommunalvalg,A. Socialdemokratiet,"Bella Mortensen, Munkebo",75,Kerteminde Kommune,Nej,Nej
kommunalvalg,A. Socialdemokratiet,"Benny Melgaard, Hadsund",73,Mariagerfjord Kommune,Nej,Nej
kommunalvalg,A. Socialdemokratiet,"Bent Bugge Herlevsen, Mariager",15,Mariagerfjord Kommune,Nej,Nej
kommunalvalg,A. Socialdemokratiet,Bent Elling,0,Helsingør Kommune,Nej,Nej
kommunalvalg,A. Socialdemokratiet,Bent H. Pedersen,0,Frederikshavn Kommune,Nej,Nej
kommunalvalg,A. Socialdemokratiet,Bent Jørgensen,177,Kolding Kommune,Nej,Nej
kommunalvalg,A. Socialdemokratiet,"Bent Riis, Vestbyen",0,Horsens Kommune,Nej,Nej
kommunalvalg,A. Socialdemokratiet,Bent Vedsted Rønne,0,Haderslev Kommune,Nej,Nej
kommunalvalg,A. Socialdemokratiet,Bent Wolder Mortensen,0,Lemvig Kommune,Nej,Nej
kommunalvalg,A. Socialdemokratiet,"Bente Blumensaat, Ejby",0,Lejre Kommune,Nej,Nej
kommunalvalg,A. Socialdemokratiet,"Bente Hedegaard, Auning",0,Norddjurs Kommune,Nej,Nej
kommunalvalg,A. Socialdemokratiet,"Bente Kristiane Hoel, Nordby",3,Fanø Kommune,Nej,Nej
kommunalvalg,A. Socialdemokratiet,Berit Algreen Nilsson,0,Brøndby Kommune,Nej,Nej
kommunalvalg,A. Socialdemokratiet,Berit Rousing,0,Aarhus Kommune,Nej,Nej
kommunalvalg,A. Socialdemokratiet,"Berit Schaldemose, Glamsbjerg",0,Assens Kommune,Nej,Nej
kommunalvalg,A. Socialdemokratiet,"Berit Schilling, Fredericia - Midtbyen",0,Fredericia Kommune,Nej,Nej
kommunalvalg,A. Socialdemokratiet,Bertel Riber,10,Dragør Kommune,Nej,Nej
kommunalvalg,A. Socialdemokratiet,Betina Svinggaard,0,Helsingør Kommune,Nej,Nej
kommunalvalg,A. Socialdemokratiet,"Bettina Bøcker Kjeldsen, Brønderslev",0,Brønderslev Kommune,Nej,Nej
kommunalvalg,A. Socialdemokratiet,Bettina Jensen,224,Sorø Kommune,Nej,Nej
kommunalvalg,A. Socialdemokratiet,"Bettina Niebuhr Jeppesen, Vejlby Sogn",0,Fredericia Kommune,Nej,Nej
kommunalvalg,A. Socialdemokratiet,Bettina Ugelvig,0,Furesø Kommune,Nej,Nej
kommunalvalg,A. Socialdemokratiet,"Birger Filskov, Nr. Nebel",0,Varde Kommune,Nej,Nej
kommunalvalg,A. Socialdemokratiet,"Birgit Knudsen, Sønderho",4,Fanø Kommune,Nej,Nej
kommunalvalg,A. Socialdemokratiet,Birgitte Glifberg,203,Rødovre Kommune,Nej,Nej
kommunalvalg,A. Socialdemokratiet,Birgitte Grejsen,0,Vejle Kommune,Nej,Nej
kommunalvalg,A. Socialdemokratiet,"Birgitte Kristine Nielsen, Them",0,Silkeborg Kommune,Nej,Nej
kommunalvalg,A. Socialdemokratiet,Birgitte Munk Grunnet,1966,Kolding Kommune,Nej,Nej
kommunalvalg,A. Socialdemokratiet,Birgitte Schwabe,66,Nordfyns Kommune,Nej,Nej
kommunalvalg,A. Socialdemokratiet,"Birthe Knudsen, Østbirk",0,Horsens Kommune,Nej,Nej
kommunalvalg,A. Socialdemokratiet,"Birthe Nielsen, Hejnsvig",0,Billund Kommune,Nej,Nej
kommunalvalg,A. Socialdemokratiet,Birthe Stjernegaard,0,Svendborg Kommune,Nej,Nej
kommunalvalg,A. Socialdemokratiet,"Birthe Sønderskov, Nordby",5,Fanø Kommune,Nej,Nej
kommunalvalg,A. Socialdemokratiet,"Bjarke Abel, Greve Landsby",0,Greve Kommune,Nej,Nej
kommunalvalg,A. Socialdemokratiet,"Bjarne Andersen, Fly",19,Viborg Kommune,Nej,Nej
kommunalvalg,A. Socialdemokratiet,"Bjarne Ego Jørgensen, Ejby",0,Lejre Kommune,Nej,Nej
kommunalvalg,A. Socialdemokratiet,Bjarne Elnegaard,0,Svendborg Kommune,Nej,Nej
kommunalvalg,A. Socialdemokratiet,"Bjarne Groth Kjær, Karlslunde",0,Greve Kommune,Nej,Nej
kommunalvalg,A. Socialdemokratiet,Bjarne Henriksen,0,Frederiksberg Kommune,Nej,Nej
kommunalvalg,A. Socialdemokratiet,Bjarne Jensen,0,Aalborg Kommune,Nej,Nej
kommunalvalg,A. Socialdemokratiet,"Bjarne Laustsen, Støvring",1233,Rebild Kommune,Nej,Nej
kommunalvalg,A. Socialdemokratiet,Bjarne Malmros,0,Vordingborg Kommune,Nej,Nej
kommunalvalg,A. Socialdemokratiet,"Bjarne Simonsen, Herrestrup",0,Odsherred Kommune,Nej,Nej
kommunalvalg,A. Socialdemokratiet,"Bjørn Allerelli Andersen, Ulkebøl",0,Sønderborg Kommune,Nej,Nej
kommunalvalg,A. Socialdemokratiet,Bjørn Brøndum Pedersen,0,Svendborg Kommune,Nej,Nej
kommunalvalg,A. Socialdemokratiet,Bjørn Rasmussen,0,Frederikssund Kommune,Nej,Nej
kommunalvalg,A. Socialdemokratiet,"Bo Bøge Jensen, Asnæs",0,Odsherred Kommune,Nej,Nej
kommunalvalg,A. Socialdemokratiet,Bo Hansen,0,Svendborg Kommune,Nej,Nej
kommunalvalg,A. Socialdemokratiet,Bo Jul Nielsen,0,Gribskov Kommune,Nej,Nej
kommunalvalg,A. Socialdemokratiet,Bo Morthorst Rasmussen,0,Haderslev Kommune,Nej,Nej
kommunalvalg,A. Socialdemokratiet,Bo Sander,127,Kolding Kommune,Nej,Nej
kommunalvalg,A. Socialdemokratiet,"Bo Skov Johansen, Sdr. Vissing",0,Horsens Kommune,Nej,Nej
kommunalvalg,A. Socialdemokratiet,Bo Zabel,0,Herlev Kommune,Nej,Nej
kommunalvalg,A. Socialdemokratiet,Bodil Kornbek,0,Lyngby-Taarbæk Kommune,Nej,Nej
kommunalvalg,A. Socialdemokratiet,"Bodil Pedersen, Mejrup",0,Holstebro Kommune,Nej,Nej
kommunalvalg,A. Socialdemokratiet,"Bodil Staal, Holsted",0,Vejen Kommune,Nej,Nej
kommunalvalg,A. Socialdemokratiet,Bodil Thye,0,Tønder Kommune,Nej,Nej
kommunalvalg,A. Socialdemokratiet,"Bonnie Fjord, Midtbyen",0,Esbjerg Kommune,Nej,Nej
kommunalvalg,A. Socialdemokratiet,Brian Hornbek,156,Næstved Kommune,Nej,Nej
kommunalvalg,A. Socialdemokratiet,Brian Kjær,0,Frederikshavn Kommune,Nej,Nej
kommunalvalg,A. Socialdemokratiet,Brian Lebæk,86,Nordfyns Kommune,Nej,Nej
kommunalvalg,A. Socialdemokratiet,"Brian M. Bisgaard, Ferritslev",0,Faaborg-Midtfyn Kommune,Nej,Nej
kommunalvalg,A. Socialdemokratiet,"Brian Nissen, Filskov",0,Billund Kommune,Nej,Nej
kommunalvalg,A. Socialdemokratiet,"Brian Roed, Viborg",416,Viborg Kommune,Nej,Nej
kommunalvalg,A. Socialdemokratiet,Brian Schunk,23,Faxe Kommune,Nej,Nej
kommunalvalg,A. Socialdemokratiet,"Brian Skafsgaard Thinggaard, Snedsted",0,Thisted Kommune,Nej,Nej
kommunalvalg,A. Socialdemokratiet,"Brian Øllegaard, Stenløse",0,Egedal Kommune,Nej,Nej
kommunalvalg,A. Socialdemokratiet,Brit Skovgaard,0,Vordingborg Kommune,Nej,Nej
kommunalvalg,A. Socialdemokratiet,"Brita Leth, Assens",0,Assens Kommune,Nej,Nej
kommunalvalg,A. Socialdemokratiet,Britt Dam,0,Frederiksberg Kommune,Nej,Nej
kommunalvalg,A. Socialdemokratiet,Britt Jensen,3094,Rødovre Kommune,Nej,Nej
kommunalvalg,A. Socialdemokratiet,Britt Norre,15,Langeland Kommune,Nej,Nej
kommunalvalg,A. Socialdemokratiet,"Britt Pedersen, Martofte",65,Kerteminde Kommune,Nej,Nej
kommunalvalg,A. Socialdemokratiet,Britta Huntley,0,Slagelse Kommune,Nej,Nej
kommunalvalg,A. Socialdemokratiet,"Britta Lange, Eskilstrup",0,Guldborgsund Kommune,Nej,Nej
kommunalvalg,A. Socialdemokratiet,"Burak Ulrik Ulucan, Osted",0,Lejre Kommune,Nej,Nej
kommunalvalg,A. Socialdemokratiet,"Bøje Holmsgaard Lundtoft, Pandrup",0,Jammerbugt Kommune,Nej,Nej
kommunalvalg,A. Socialdemokratiet,Børge Bech,117,Hjørring Kommune,Nej,Nej
kommunalvalg,A. Socialdemokratiet,"Børge Jørgensen, Vrønding",0,Horsens Kommune,Nej,Nej
kommunalvalg,A. Socialdemokratiet,Calle Greisholm,0,Gladsaxe Kommune,Nej,Nej
kommunalvalg,A. Socialdemokratiet,Camilla Christensen,0,Glostrup Kommune,Nej,Nej
kommunalvalg,A. Socialdemokratiet,Camilla Jæger,142,Odder Kommune,Nej,Nej
kommunalvalg,A. Socialdemokratiet,Camilla Meyer,1055,Faxe Kommune,Nej,Nej
kommunalvalg,A. Socialdemokratiet,"Camilla Rønde, Ebeltoft",348,Syddjurs Kommune,Nej,Nej
kommunalvalg,A. Socialdemokratiet,Carina Flink,0,Vordingborg Kommune,Nej,Nej
kommunalvalg,A. Socialdemokratiet,Carina Jacobsen,68,Næstved Kommune,Nej,Nej
kommunalvalg,A. Socialdemokratiet,"Carina Manley Hansen, Hornslet",445,Syddjurs Kommune,Nej,Nej
kommunalvalg,A. Socialdemokratiet,"Carl-Eric Würtz Pallesen, Grenaa",0,Norddjurs Kommune,Nej,Nej
kommunalvalg,A. Socialdemokratiet,Caroline Victoria Christensen,0,Hørsholm Kommune,Nej,Nej
kommunalvalg,A. Socialdemokratiet,"Carsten Dyrby Høj, Fredericia - Midtby",0,Fredericia Kommune,Nej,Nej
kommunalvalg,A. Socialdemokratiet,Carsten Jarner Olsen,0,Nyborg Kommune,Nej,Nej
kommunalvalg,A. Socialdemokratiet,Carsten Kringelum Duus,0,Odense Kommune,Nej,Nej
kommunalvalg,A. Socialdemokratiet,"Carsten Nielsen, Humlebæk",279,Fredensborg Kommune,Nej,Nej
kommunalvalg,A. Socialdemokratiet,Carsten Rasmussen,7520,Næstved Kommune,Nej,Nej
kommunalvalg,A. Socialdemokratiet,"Carsten Schultz-Nielsen, Varde",0,Varde Kommune,Nej,Nej
kommunalvalg,A. Socialdemokratiet,Carsten Thrane,0,Svendborg Kommune,Nej,Nej
kommunalvalg,A. Socialdemokratiet,Casper Bach Andersen,0,Odense Kommune,Nej,Nej
kommunalvalg,A. Socialdemokratiet,Casper Christophersen,6,Faxe Kommune,Nej,Nej
kommunalvalg,A. Socialdemokratiet,"Casper Dahl Stenfelt, Taastrup",0,Høje-Taastrup Kommune,Nej,Nej
kommunalvalg,A. Socialdemokratiet,Casper Harild-Ankersen,0,Frederikssund Kommune,Nej,Nej
kommunalvalg,A. Socialdemokratiet,"Casper Larsen, Mørkøv",0,Holbæk Kommune,Nej,Nej
kommunalvalg,A. Socialdemokratiet,Casper Overgaard,0,Vejle Kommune,Nej,Nej
kommunalvalg,A. Socialdemokratiet,Cecilie Haaland,0,Haderslev Kommune,Nej,Nej
kommunalvalg,A. Socialdemokratiet,"Cecilie Rønn, Bramming",0,Esbjerg Kommune,Nej,Nej
kommunalvalg,A. Socialdemokratiet,"Cecilie Seidelin Petersen, Tommerup St.",0,Assens Kommune,Nej,Nej
kommunalvalg,A. Socialdemokratiet,"Charlotte Engelbrecht, Adsbøl",0,Sønderborg Kommune,Nej,Nej
kommunalvalg,A. Socialdemokratiet,"Charlotte Grau, Guderup",0,Sønderborg Kommune,Nej,Nej
kommunalvalg,A. Socialdemokratiet,Charlotte Holtermann,0,Ballerup Kommune,Nej,Nej
kommunalvalg,A. Socialdemokratiet,"Charlotte Nielsen, Holbæk",0,Holbæk Kommune,Nej,Nej
kommunalvalg,A. Socialdemokratiet,Charlotte Roest,809,Næstved Kommune,Nej,Nej
kommunalvalg,A. Socialdemokratiet,"Charlotte Sander, Fredensborg",337,Fredensborg Kommune,Nej,Nej
kommunalvalg,A. Socialdemokratiet,Charlotte Soelberg,129,Nordfyns Kommune,Nej,Nej
kommunalvalg,A. Socialdemokratiet,"Charlotte Strandgaard, Bjedstrup",0,Skanderborg Kommune,Nej,Nej
kommunalvalg,A. Socialdemokratiet,Chastine Nygaard Engqvist,0,Tårnby Kommune,Nej,Nej
kommunalvalg,A. Socialdemokratiet,Chelina Bagger,143,Hjørring Kommune,Nej,Nej
kommunalvalg,A. Socialdemokratiet,"Chili Preisler-Andersen, Roskilde",0,Roskilde Kommune,Nej,Nej
kommunalvalg,A. Socialdemokratiet,Chirie Laulund-Pedersen,19,Langeland Kommune,Nej,Nej
kommunalvalg,A. Socialdemokratiet,"Christen Bager, Dronninglund",0,Brønderslev Kommune,Nej,Nej
kommunalvalg,A. Socialdemokratiet,"Christian ""Kedde"" Schulz",0,Haderslev Kommune,Nej,Nej
kommunalvalg,A. Socialdemokratiet,Christian Bach,0,Randers Kommune,Nej,Nej
kommunalvalg,A. Socialdemokratiet,"Christian Bro, Fredericia - Vest",0,Fredericia Kommune,Nej,Nej
kommunalvalg,A. Socialdemokratiet,Christian Engelbrecht Pedersen,0,Randers Kommune,Nej,Nej
kommunalvalg,A. Socialdemokratiet,Christian Faurholdt Jeppesen,0,Bornholms Regionskommune,Nej,Nej
kommunalvalg,A. Socialdemokratiet,"Christian Meesenburg Andersen, Oue",14,Mariagerfjord Kommune,Nej,Nej
kommunalvalg,A. Socialdemokratiet,"Christian Müller, Bankager",0,Horsens Kommune,Nej,Nej
kommunalvalg,A. Socialdemokratiet,Christian Nielsen,25,Faxe Kommune,Nej,Nej
kommunalvalg,A. Socialdemokratiet,Christian von Benzon,129,Næstved Kommune,Nej,Nej
kommunalvalg,A. Socialdemokratiet,Christiane Pape Lehrmann,0,Middelfart Kommune,Nej,Nej
kommunalvalg,A. Socialdemokratiet,Christina Berg,0,Struer Kommune,Nej,Nej
kommunalvalg,A. Socialdemokratiet,"Christina Brun, Faaborg",0,Faaborg-Midtfyn Kommune,Nej,Nej
kommunalvalg,A. Socialdemokratiet,Christina Christensen,59,Nordfyns Kommune,Nej,Nej
kommunalvalg,A. Socialdemokratiet,"Christina Egelund Antonsen, Bygholm",0,Horsens Kommune,Nej,Nej
kommunalvalg,A. Socialdemokratiet,"Christina Fast, Fårevejle",0,Odsherred Kommune,Nej,Nej
kommunalvalg,A. Socialdemokratiet,"Christina Furholm Kjærgaard, Ugelbølle",306,Syddjurs Kommune,Nej,Nej
kommunalvalg,A. Socialdemokratiet,"Christina Hvass Hansen, Regstrup",0,Holbæk Kommune,Nej,Nej
kommunalvalg,A. Socialdemokratiet,"Christina Krzyrosiak Hansen, Butterup",0,Holbæk Kommune,Nej,Ja
kommunalvalg,A. Socialdemokratiet,Christina Pagh,40,Næstved Kommune,Nej,Nej
kommunalvalg,A. Socialdemokratiet,Christina Sylvest-Noer,0,Frederiksberg Kommune,Nej,Nej
kommunalvalg,A. Socialdemokratiet,Christine Jørnø Vestergaard,0,Frederiksberg Kommune,Nej,Nej
kommunalvalg,A. Socialdemokratiet,Christoffer Rosenkrands,0,Københavns Kommune,Nej,Nej
kommunalvalg,A. Socialdemokratiet,Christoffer Rüsz,0,Aalborg Kommune,Nej,Nej
kommunalvalg,A. Socialdemokratiet,Claes Jensen,103,Odder Kommune,Nej,Nej
kommunalvalg,A. Socialdemokratiet,"Claus Bech Clausen, Holstebro",0,Holstebro Kommune,Nej,Nej
kommunalvalg,A. Socialdemokratiet,"Claus Brinck, Sønderborg",0,Sønderborg Kommune,Nej,Nej
kommunalvalg,A. Socialdemokratiet,"Claus Busk, Ryomgård",62,Syddjurs Kommune,Nej,Nej
kommunalvalg,A. Socialdemokratiet,Claus Christoffersen,0,Helsingør Kommune,Nej,Nej
kommunalvalg,A. Socialdemokratiet,"Claus Corneliussen, Nivå",208,Fredensborg Kommune,Nej,Nej
kommunalvalg,A. Socialdemokratiet,Claus Davidsen,0,Furesø Kommune,Nej,Nej
kommunalvalg,A. Socialdemokratiet,Claus Døssing,12,Læsø Kommune,Nej,Nej
kommunalvalg,A. Socialdemokratiet,Claus Henrik Nedermark,0,Frederikshavn Kommune,Nej,Nej
kommunalvalg,A. Socialdemokratiet,Claus Johanson,0,Nyborg Kommune,Nej,Nej
kommunalvalg,A. Socialdemokratiet,"Claus Kramer Hansen, Gråsten",0,Sønderborg Kommune,Nej,Nej
kommunalvalg,A. Socialdemokratiet,Claus Krogsholt,0,Randers Kommune,Nej,Nej
kommunalvalg,A. Socialdemokratiet,Claus Krossteig,0,Svendborg Kommune,Nej,Nej
kommunalvalg,A. Socialdemokratiet,"Claus Larsen, Jyllinge",0,Roskilde Kommune,Nej,Nej
kommunalvalg,A. Socialdemokratiet,Claus Larsen-Jensen,0,Bornholms Regionskommune,Nej,Nej
kommunalvalg,A. Socialdemokratiet,"Claus Nybo, Vestervig",0,Thisted Kommune,Nej,Nej
kommunalvalg,A. Socialdemokratiet,Claus Skjoldborg,0,Odense Kommune,Nej,Nej
kommunalvalg,A. Socialdemokratiet,Claus Søgaard Andersen,0,Struer Kommune,Nej,Nej
kommunalvalg,A. Socialdemokratiet,"Claus Thaisen, Uldum",0,Hedensted Kommune,Nej,Nej
kommunalvalg,A. Socialdemokratiet,Claus Vilhelmsen,0,Hvidovre Kommune,Nej,Nej
kommunalvalg,A. Socialdemokratiet,Claus Weichel,0,Vallensbæk Kommune,Nej,Nej
kommunalvalg,A. Socialdemokratiet,Conni Rosendahl,0,Herlev Kommune,Nej,Nej
kommunalvalg,A. Socialdemokratiet,"Connie B. Jensen, Lejre",0,Lejre Kommune,Nej,Nej
kommunalvalg,A. Socialdemokratiet,"Cømert Sonsuz, Nivå",308,Fredensborg Kommune,Nej,Nej
kommunalvalg,A. Socialdemokratiet,Dagmar Andersen,0,Odense Kommune,Nej,Nej
kommunalvalg,A. Socialdemokratiet,"Dan Ravn Larsen, Bredstrup-Pjedsted",0,Fredericia Kommune,Nej,Nej
kommunalvalg,A. Socialdemokratiet,"Dan von der Lippe, Auning",0,Norddjurs Kommune,Nej,Nej
kommunalvalg,A. Socialdemokratiet,Daniel Boalth Petersen,0,Helsingør Kommune,Nej,Nej
kommunalvalg,A. Socialdemokratiet,"Daniel Buttenschøn, Ebeltoft",22,Syddjurs Kommune,Nej,Nej
kommunalvalg,A. Socialdemokratiet,Daniel Nors,0,Skive Kommune,Nej,Nej
kommunalvalg,A. Socialdemokratiet,"Daniel Teodor Avram, Skads",0,Esbjerg Kommune,Nej,Nej
kommunalvalg,A. Socialdemokratiet,"Daniel Thomasen, Silkeborg",0,Silkeborg Kommune,Nej,Nej
kommunalvalg,A. Socialdemokratiet,Danielle Brokholm,0,Aalborg Kommune,Nej,Nej
kommunalvalg,A. Socialdemokratiet,"David Gulløv, Fredericia - Nord",0,Fredericia Kommune,Nej,Nej
kommunalvalg,A. Socialdemokratiet,Deniz Celal Kilic,0,Furesø Kommune,Nej,Nej
kommunalvalg,A. Socialdemokratiet,Dennis Albinus Jørgensen,0,Slagelse Kommune,Nej,Nej
kommunalvalg,A. Socialdemokratiet,"Dennis Bramsen, Skanderborg",0,Skanderborg Kommune,Nej,Nej
kommunalvalg,A. Socialdemokratiet,Dennis Charles Hansen,0,Aalborg Kommune,Nej,Nej
kommunalvalg,A. Socialdemokratiet,"Dennis Fridthjof, Øster Ulslev",0,Guldborgsund Kommune,Nej,Nej
kommunalvalg,A. Socialdemokratiet,Dennis Gartig,5,Sorø Kommune,Nej,Nej
kommunalvalg,A. Socialdemokratiet,"Dennis Hedegaard, Hastrup",0,Køge Kommune,Nej,Nej
kommunalvalg,A. Socialdemokratiet,Dennis Jensen,0,Bornholms Regionskommune,Nej,Nej
kommunalvalg,A. Socialdemokratiet,Dennis Møller Thomsen,0,Aalborg Kommune,Nej,Nej
kommunalvalg,A. Socialdemokratiet,"Dennis Nielsen, Fredericia - Erritsø",0,Fredericia Kommune,Nej,Nej
kommunalvalg,A. Socialdemokratiet,Dennis Priis,0,Hvidovre Kommune,Nej,Nej
kommunalvalg,A. Socialdemokratiet,"Dennis Stüker, Skovsted",0,Thisted Kommune,Nej,Nej
kommunalvalg,A. Socialdemokratiet,"Dennis Thiesen, Idom-Råsted",0,Holstebro Kommune,Nej,Nej
kommunalvalg,A. Socialdemokratiet,"Derya Tamer, Holbæk",0,Holbæk Kommune,Nej,Nej
kommunalvalg,A. Socialdemokratiet,"Desalegn Tufa, Sønderborg",0,Sønderborg Kommune,Nej,Nej
kommunalvalg,A. Socialdemokratiet,Diana Leicht Christensen,0,Lolland Kommune,Nej,Nej
kommunalvalg,A. Socialdemokratiet,Diana Opperby,0,Randers Kommune,Nej,Nej
kommunalvalg,A. Socialdemokratiet,"Diane Aarestrup, Pandrup",0,Jammerbugt Kommune,Nej,Nej
kommunalvalg,A. Socialdemokratiet,Diane Amstrup,0,Vejle Kommune,Nej,Nej
kommunalvalg,A. Socialdemokratiet,Dickte Noël Toft,0,Hørsholm Kommune,Nej,Nej
kommunalvalg,A. Socialdemokratiet,"Didde Lauritzen, Nybøl",0,Sønderborg Kommune,Nej,Nej
kommunalvalg,A. Socialdemokratiet,"Dina Bredal, Silkeborg",0,Silkeborg Kommune,Nej,Nej
kommunalvalg,A. Socialdemokratiet,"Ditte Højvang Petersen, Ry",0,Skanderborg Kommune,Nej,Nej
kommunalvalg,A. Socialdemokratiet,Dogan Polat,0,Albertslund Kommune,Nej,Nej
kommunalvalg,A. Socialdemokratiet,"Dorit Schultz, Greve",0,Greve Kommune,Nej,Nej
kommunalvalg,A. Socialdemokratiet,"Doron Edry, Tistrup",0,Varde Kommune,Nej,Nej
kommunalvalg,A. Socialdemokratiet,"Dorrit Haulrich, Stouby",0,Hedensted Kommune,Nej,Nej
kommunalvalg,A. Socialdemokratiet,"Dorrit Knudsen, Aabenraa",0,Aabenraa Kommune,Nej,Nej
kommunalvalg,A. Socialdemokratiet,"Dorte Beyer Nielsen, Kokkedal",73,Fredensborg Kommune,Nej,Nej
kommunalvalg,A. Socialdemokratiet,Dorte Schmidt,169,Nordfyns Kommune,Nej,Nej
kommunalvalg,A. Socialdemokratiet,"Dorte Soll, Kruså",0,Aabenraa Kommune,Nej,Nej
kommunalvalg,A. Socialdemokratiet,Dorte Vilsgaard,0,Struer Kommune,Nej,Nej
kommunalvalg,A. Socialdemokratiet,"Dorthe Fallesen Frimann, Egeskov",0,Fredericia Kommune,Nej,Nej
kommunalvalg,A. Socialdemokratiet,Dorthe Holmager Weichel,0,Vallensbæk Kommune,Nej,Nej
kommunalvalg,A. Socialdemokratiet,"Dorthe Jensen, Virklund",0,Silkeborg Kommune,Nej,Nej
kommunalvalg,A. Socialdemokratiet,"Dorthe Pagh, Himmelev",0,Roskilde Kommune,Nej,Nej
kommunalvalg,A. Socialdemokratiet,"Dorthe Pia Hansen, Holstebro",0,Holstebro Kommune,Nej,Nej
kommunalvalg,A. Socialdemokratiet,Duygu A. Ngotho,0,Helsingør Kommune,Nej,Nej
kommunalvalg,A. Socialdemokratiet,Ebbe Wendt Lorenzen,0,Frederiksberg Kommune,Nej,Nej
kommunalvalg,A. Socialdemokratiet,"Edin Hajder, Hobro",360,Mariagerfjord Kommune,Nej,Nej
kommunalvalg,A. Socialdemokratiet,"Edisa Bajtarevic, Roskilde",0,Roskilde Kommune,Nej,Nej
kommunalvalg,A. Socialdemokratiet,Edith Chenga Chamwi,0,Københavns Kommune,Nej,Nej
kommunalvalg,A. Socialdemokratiet,Egon Henriksen,0,Ringkøbing-Skjern Kommune,Nej,Nej
kommunalvalg,A. Socialdemokratiet,"Egon Madsen, Rødekro",0,Aabenraa Kommune,Nej,Nej
kommunalvalg,A. Socialdemokratiet,Eik Frikke,0,Middelfart Kommune,Nej,Nej
kommunalvalg,A. Socialdemokratiet,Elias Engel-Andreasen,115,Rødovre Kommune,Nej,Nej
kommunalvalg,A. Socialdemokratiet,"Elin Winther, Bække",0,Vejen Kommune,Nej,Nej
kommunalvalg,A. Socialdemokratiet,Elisabeth Simonsen,0,Tønder Kommune,Nej,Nej
kommunalvalg,A. Socialdemokratiet,"Elmer Philipsen, Glamsbjerg",0,Assens Kommune,Nej,Nej
kommunalvalg,A. Socialdemokratiet,Emery Karatasi,0,Københavns Kommune,Nej,Nej
kommunalvalg,A. Socialdemokratiet,Emil Møller,86,Favrskov Kommune,Nej,Nej
kommunalvalg,A. Socialdemokratiet,Emil Storm-Fredeløkke,0,Randers Kommune,Nej,Nej
kommunalvalg,A. Socialdemokratiet,Emilla Møller,0,Københavns Kommune,Nej,Nej
kommunalvalg,A. Socialdemokratiet,"Emilly Pedersen, Brønderslev",0,Brønderslev Kommune,Nej,Nej
kommunalvalg,A. Socialdemokratiet,Emmanuel Fjordbak Lykke Ravn,0,Struer Kommune,Nej,Nej
kommunalvalg,A. Socialdemokratiet,"Erdal Alici, Dagnæs",0,Horsens Kommune,Nej,Nej
kommunalvalg,A. Socialdemokratiet,Erdal Colak,0,Vallensbæk Kommune,Nej,Nej
kommunalvalg,A. Socialdemokratiet,"Ergin Özer, Kokkedal",224,Fredensborg Kommune,Nej,Nej
kommunalvalg,A. Socialdemokratiet,Eric Steffensen,0,Lolland Kommune,Nej,Nej
kommunalvalg,A. Socialdemokratiet,"Erik Boye Kirk, Trustrup",0,Norddjurs Kommune,Nej,Nej
kommunalvalg,A. Socialdemokratiet,Erik Børsting,0,Vejle Kommune,Nej,Nej
kommunalvalg,A. Socialdemokratiet,"Erik Damgaard, Gedesby",0,Guldborgsund Kommune,Nej,Nej
kommunalvalg,A. Socialdemokratiet,"Erik Eugen Olsen, Birkerød",0,Rudersdal Kommune,Nej,Nej
kommunalvalg,A. Socialdemokratiet,Erik Kryger,0,Bornholms Regionskommune,Nej,Nej
kommunalvalg,A. Socialdemokratiet,Erik Kyed Trolle,0,Frederikshavn Kommune,Nej,Nej
kommunalvalg,A. Socialdemokratiet,"Erik Lauritzen, Blans",0,Sønderborg Kommune,Nej,Nej
kommunalvalg,A. Socialdemokratiet,"Erik Lorenzen, Broager",0,Sønderborg Kommune,Nej,Nej
kommunalvalg,A. Socialdemokratiet,"Erik Nielsen, Nordby",6,Fanø Kommune,Nej,Nej
kommunalvalg,A. Socialdemokratiet,Erik Særkjær,185,Favrskov Kommune,Nej,Nej
kommunalvalg,A. Socialdemokratiet,"Erik Uldall Hansen, Aabenraa",0,Aabenraa Kommune,Nej,Nej
kommunalvalg,A. Socialdemokratiet,Erkan Yapici,0,Ishøj Kommune,Nej,Nej
kommunalvalg,A. Socialdemokratiet,Erling Andersen,0,Ballerup Kommune,Nej,Nej
kommunalvalg,A. Socialdemokratiet,"Erling Thrane, Janderup",0,Varde Kommune,Nej,Nej
kommunalvalg,A. Socialdemokratiet,Esben Erichsen,0,Middelfart Kommune,Nej,Nej
kommunalvalg,A. Socialdemokratiet,Esben Hansen,0,Kalundborg Kommune,Nej,Nej
kommunalvalg,A. Socialdemokratiet,"Esben Kronborg, Stensballe",0,Horsens Kommune,Nej,Nej
kommunalvalg,A. Socialdemokratiet,Esther Metzon,0,Tårnby Kommune,Nej,Nej
kommunalvalg,A. Socialdemokratiet,Estrid Husen,27,Næstved Kommune,Nej,Nej
kommunalvalg,A. Socialdemokratiet,"Eva Anker Lund, Holbæk",0,Holbæk Kommune,Nej,Nej
kommunalvalg,A. Socialdemokratiet,"Eva Bendix, Viborg",53,Viborg Kommune,Nej,Nej
kommunalvalg,A. Socialdemokratiet,"Eva Bonde, Kvaglund",0,Esbjerg Kommune,Nej,Nej
kommunalvalg,A. Socialdemokratiet,Eva Borchorst Mejnertz,0,Aarhus Kommune,Nej,Nej
kommunalvalg,A. Socialdemokratiet,Eva Carlslund,259,Odder Kommune,Nej,Nej
kommunalvalg,A. Socialdemokratiet,Eva Gebauer,0,Vallensbæk Kommune,Nej,Nej
kommunalvalg,A. Socialdemokratiet,"Eva Kristensen, Grindsted",0,Billund Kommune,Nej,Nej
kommunalvalg,A. Socialdemokratiet,"Eva Pinnerup, Viborg",577,Viborg Kommune,Nej,Nej
kommunalvalg,A. Socialdemokratiet,Evald Lange Rise,0,Aalborg Kommune,Nej,Nej
kommunalvalg,A. Socialdemokratiet,Evals Gruevski,53,Næstved Kommune,Nej,Nej
kommunalvalg,A. Socialdemokratiet,Faghir Bent Bashri,0,Struer Kommune,Nej,Nej
kommunalvalg,A. Socialdemokratiet,"Fahreta Kadic, Østbyen",0,Horsens Kommune,Nej,Nej
kommunalvalg,A. Socialdemokratiet,Fatma Cetinkaya,0,Randers Kommune,Nej,Nej
kommunalvalg,A. Socialdemokratiet,"Felex Pedersen, Grevinge",0,Odsherred Kommune,Nej,Nej
kommunalvalg,A. Socialdemokratiet,Filip Bekic Bladt,376,Kolding Kommune,Nej,Nej
kommunalvalg,A. Socialdemokratiet,"Filiz Sarah Thunø, Jyllinge",0,Roskilde Kommune,Nej,Nej
kommunalvalg,A. Socialdemokratiet,"Finn Jensen, Idestrup",0,Guldborgsund Kommune,Nej,Nej
kommunalvalg,A. Socialdemokratiet,"Finn Kejfe Abrahamsen, Hedensted",0,Hedensted Kommune,Nej,Nej
kommunalvalg,A. Socialdemokratiet,"Finn Ladegaard, Næsbjerg",0,Varde Kommune,Nej,Nej
kommunalvalg,A. Socialdemokratiet,Finn Larsen,0,Solrød Kommune,Nej,Nej
kommunalvalg,A. Socialdemokratiet,Finn Lund Nyby,0,Aalborg Kommune,Nej,Nej
kommunalvalg,A. Socialdemokratiet,Finn Lykkeskov,0,Haderslev Kommune,Nej,Nej
kommunalvalg,A. Socialdemokratiet,Flemming Bo Petersen,0,Allerød Kommune,Nej,Nej
kommunalvalg,A. Socialdemokratiet,"Flemming Engler, Nykøbing F.",0,Guldborgsund Kommune,Nej,Nej
kommunalvalg,A. Socialdemokratiet,Flemming Gjelstrup,0,Tønder Kommune,Nej,Nej
kommunalvalg,A. Socialdemokratiet,Flemming Jørgensen,0,Albertslund Kommune,Nej,Nej
kommunalvalg,A. Socialdemokratiet,Flemming Kjærgaard,87,Sorø Kommune,Nej,Nej
kommunalvalg,A. Socialdemokratiet,Flemming Lunde Østergaard Hansen,169,Rødovre Kommune,Nej,Nej
kommunalvalg,A. Socialdemokratiet,Flemming Skærbæk,0,Ringsted Kommune,Nej,Nej
kommunalvalg,A. Socialdemokratiet,Flemming T. Sørensen,0,Struer Kommune,Nej,Nej
kommunalvalg,A. Socialdemokratiet,Florina Elena Temes,18,Morsø Kommune,Nej,Nej
kommunalvalg,A. Socialdemokratiet,Folmer Hjorth Kristensen,32,Læsø Kommune,Nej,Nej
kommunalvalg,A. Socialdemokratiet,Folmer Krogh,365,Kolding Kommune,Nej,Nej
kommunalvalg,A. Socialdemokratiet,"Frands Fischer, Gl. Rye",0,Skanderborg Kommune,Nej,Nej
kommunalvalg,A. Socialdemokratiet,"Frank Christiansen, Mosede",0,Greve Kommune,Nej,Nej
kommunalvalg,A. Socialdemokratiet,"Frank Edvard Hansen, Rødvig",0,Stevns Kommune,Nej,Nej
kommunalvalg,A. Socialdemokratiet,"Frank Hvid Petersen, Trekroner",0,Roskilde Kommune,Nej,Nej
kommunalvalg,A. Socialdemokratiet,"Frank Kronborg Christensen, Rødvig",0,Stevns Kommune,Nej,Nej
kommunalvalg,A. Socialdemokratiet,"Frank Møller Worch, Skanderborg",0,Skanderborg Kommune,Nej,Nej
kommunalvalg,A. Socialdemokratiet,Frank Thingholm,53,Morsø Kommune,Nej,Nej
kommunalvalg,A. Socialdemokratiet,"Frank Trolle, Biersted",0,Jammerbugt Kommune,Nej,Nej
kommunalvalg,A. Socialdemokratiet,"Frank W. Damgaard, Stilling",0,Skanderborg Kommune,Nej,Nej
kommunalvalg,A. Socialdemokratiet,Freddy Østbygaard,0,Glostrup Kommune,Nej,Nej
kommunalvalg,A. Socialdemokratiet,Frederik Halkjær,0,Vejle Kommune,Nej,Nej
kommunalvalg,A. Socialdemokratiet,"Frederik Lisemose, Fredensborg",32,Fredensborg Kommune,Nej,Nej
kommunalvalg,A. Socialdemokratiet,"Frederik Vestergaard Jørgensen, Hjerting",0,Esbjerg Kommune,Nej,Nej
kommunalvalg,A. Socialdemokratiet,"Fritz Birk Sørensen, Allingåbro",0,Norddjurs Kommune,Nej,Nej
kommunalvalg,A. Socialdemokratiet,Furkan Yavuz,0,Gladsaxe Kommune,Nej,Nej
kommunalvalg,A. Socialdemokratiet,"Ganeswaran Shanmugaratnam, Dybbøl",0,Sønderborg Kommune,Nej,Nej
kommunalvalg,A. Socialdemokratiet,George Hinge,0,Aarhus Kommune,Nej,Nej
kommunalvalg,A. Socialdemokratiet,Gert Block Rasmussen,152,Nordfyns Kommune,Nej,Nej
kommunalvalg,A. Socialdemokratiet,Gert Verner Jørgensen,10,Langeland Kommune,Nej,Nej
kommunalvalg,A. Socialdemokratiet,Gitte Friberg Bomholdt,0,Herlev Kommune,Nej,Nej
kommunalvalg,A. Socialdemokratiet,Gitte Kiilerich,0,Frederikshavn Kommune,Nej,Nej
kommunalvalg,A. Socialdemokratiet,Gitte Kristensen,0,Københavns Kommune,Nej,Nej
kommunalvalg,A. Socialdemokratiet,"Gitte Simoni, Vindinge",0,Roskilde Kommune,Nej,Nej
kommunalvalg,A. Socialdemokratiet,Gorm Hansen,0,Struer Kommune,Nej,Nej
kommunalvalg,A. Socialdemokratiet,Grete Berggren,0,Middelfart Kommune,Nej,Nej
kommunalvalg,A. Socialdemokratiet,Grethe Lykke Knudsen,0,Vejle Kommune,Nej,Nej
kommunalvalg,A. Socialdemokratiet,Grethe Villadsen,163,Favrskov Kommune,Nej,Nej
kommunalvalg,A. Socialdemokratiet,Gry Hernø,0,Lolland Kommune,Nej,Nej
kommunalvalg,A. Socialdemokratiet,Gunde Odgaard,34,Hillerød Kommune,Nej,Nej
kommunalvalg,A. Socialdemokratiet,Gustav Mortensen,685,Næstved Kommune,Nej,Nej
kommunalvalg,A. Socialdemokratiet,"H. C. Jørgensen, Engesvang",488,Ikast-Brande Kommune,Nej,Nej
kommunalvalg,A. Socialdemokratiet,Hajg Zanazanian,0,Brøndby Kommune,Nej,Nej
kommunalvalg,A. Socialdemokratiet,Hamlaoui Bahloul,491,Kolding Kommune,Nej,Nej
kommunalvalg,A. Socialdemokratiet,Hanna Andresen,144,Kolding Kommune,Nej,Nej
kommunalvalg,A. Socialdemokratiet,Hanne B. Holst,0,Herlev Kommune,Nej,Nej
kommunalvalg,A. Socialdemokratiet,Hanne Bache Vognbjerg,0,Solrød Kommune,Nej,Nej
kommunalvalg,A. Socialdemokratiet,"Hanne Bjelke Britorn, Silkeborg",0,Silkeborg Kommune,Nej,Nej
kommunalvalg,A. Socialdemokratiet,"Hanne Grangaard, Tørring",0,Hedensted Kommune,Nej,Nej
kommunalvalg,A. Socialdemokratiet,Hanne Klit,0,Svendborg Kommune,Nej,Nej
kommunalvalg,A. Socialdemokratiet,Hanne Lillie,0,Struer Kommune,Nej,Nej
kommunalvalg,A. Socialdemokratiet,Hanne Skou Poulsen,0,Vallensbæk Kommune,Nej,Nej
kommunalvalg,A. Socialdemokratiet,Hanne Sørensen,325,Næstved Kommune,Nej,Nej
kommunalvalg,A. Socialdemokratiet,"Hans Berg, Bruunshåb",300,Viborg Kommune,Nej,Nej
kommunalvalg,A. Socialdemokratiet,Hans Christian Strange-Lebech,0,Furesø Kommune,Nej,Nej
kommunalvalg,A. Socialdemokratiet,"Hans Erik Møller, Østerbyen",0,Esbjerg Kommune,Nej,Nej
kommunalvalg,A. Socialdemokratiet,"Hans Erling Sørensen, Køge N",0,Køge Kommune,Nej,Nej
kommunalvalg,A. Socialdemokratiet,"Hans Jørgen Møller, Aalestrup",100,Vesthimmerlands Kommune,Nej,Nej
kommunalvalg,A. Socialdemokratiet,Hans Jørgen Niewald,24,Sorø Kommune,Nej,Nej
kommunalvalg,A. Socialdemokratiet,"Hans Peter Hollænder, Sønderborg",0,Sønderborg Kommune,Nej,Nej
kommunalvalg,A. Socialdemokratiet,Hans Peter Rønn Bolding,114,Ærø Kommune,Nej,Nej
kommunalvalg,A. Socialdemokratiet,"Hans Rosgaard, Rødkærsbro",35,Viborg Kommune,Nej,Nej
kommunalvalg,A. Socialdemokratiet,"Hans Stavnsager, Faaborg",0,Faaborg-Midtfyn Kommune,Nej,Nej
kommunalvalg,A. Socialdemokratiet,Harald Christensen,0,Tønder Kommune,Nej,Nej
kommunalvalg,A. Socialdemokratiet,"Harald Pedersen, Stubbekøbing",0,Guldborgsund Kommune,Nej,Nej
kommunalvalg,A. Socialdemokratiet,"Hardy Jack Rasmussen, Esbjerg by",0,Esbjerg Kommune,Nej,Nej
kommunalvalg,A. Socialdemokratiet,Hari Neupane,0,Københavns Kommune,Nej,Nej
kommunalvalg,A. Socialdemokratiet,Harun Avdal,0,Helsingør Kommune,Nej,Nej
kommunalvalg,A. Socialdemokratiet,"Harun Güler, Østbyen",0,Horsens Kommune,Nej,Nej
kommunalvalg,A. Socialdemokratiet,Harun Muharemovic,0,Brøndby Kommune,Nej,Nej
kommunalvalg,A. Socialdemokratiet,"Heidi Alberthe Nielsen, Stenderup-Krogager",0,Billund Kommune,Nej,Nej
kommunalvalg,A. Socialdemokratiet,"Heidi Falden, Birkerød",0,Rudersdal Kommune,Nej,Nej
kommunalvalg,A. Socialdemokratiet,Heidi Marqweis,0,Lolland Kommune,Nej,Nej
kommunalvalg,A. Socialdemokratiet,"Heidi Skovbølling Holm, Brædstrup",0,Horsens Kommune,Nej,Nej
kommunalvalg,A. Socialdemokratiet,"Heidi Utermøhl, Nykøbing F.",0,Guldborgsund Kommune,Nej,Nej
kommunalvalg,A. Socialdemokratiet,Heidi Valentin,29,Nordfyns Kommune,Nej,Nej
kommunalvalg,A. Socialdemokratiet,"Heine Obitsø Jepsen, Tvis",0,Holstebro Kommune,Nej,Nej
kommunalvalg,A. Socialdemokratiet,Heino Hamborg Gudmundsen,0,Aarhus Kommune,Nej,Nej
kommunalvalg,A. Socialdemokratiet,"Heinrich Berwald, Studsgård",0,Herning Kommune,Nej,Nej
kommunalvalg,A. Socialdemokratiet,Helena Rasmussen,0,Ringkøbing-Skjern Kommune,Nej,Nej
kommunalvalg,A. Socialdemokratiet,Helge Friis,0,Halsnæs Kommune,Nej,Nej
kommunalvalg,A. Socialdemokratiet,"Helge Kold, Haarby",0,Assens Kommune,Nej,Nej
kommunalvalg,A. Socialdemokratiet,Hella Hardø Tiedemann,0,Ballerup Kommune,Nej,Nej
kommunalvalg,A. Socialdemokratiet,Helle Adelborg,0,Hvidovre Kommune,Nej,Nej
kommunalvalg,A. Socialdemokratiet,Helle Bager Nielsen,0,Glostrup Kommune,Nej,Nej
kommunalvalg,A. Socialdemokratiet,"Helle Eriksen, Hadsund",344,Mariagerfjord Kommune,Nej,Nej
kommunalvalg,A. Socialdemokratiet,Helle Frederiksen,0,Aalborg Kommune,Nej,Nej
kommunalvalg,A. Socialdemokratiet,"Helle Gade, Voel",0,Silkeborg Kommune,Nej,Nej
kommunalvalg,A. Socialdemokratiet,Helle Hansen,0,Samsø Kommune,Nej,Nej
kommunalvalg,A. Socialdemokratiet,Helle Katrine Møller,0,Furesø Kommune,Nej,Nej
kommunalvalg,A. Socialdemokratiet,"Helle Lethmar, Køge",0,Køge Kommune,Nej,Nej
kommunalvalg,A. Socialdemokratiet,Helle Madsen,0,Skive Kommune,Nej,Nej
kommunalvalg,A. Socialdemokratiet,"Helle Obenhausen Mortensen, Snaptun",0,Hedensted Kommune,Nej,Nej
kommunalvalg,A. Socialdemokratiet,"Helle Præsius Busk, Sejs-Svejbæk",0,Silkeborg Kommune,Nej,Nej
kommunalvalg,A. Socialdemokratiet,"Helle Qvist Toft, Arden",337,Mariagerfjord Kommune,Nej,Nej
kommunalvalg,A. Socialdemokratiet,Helle Raun Oddershede,0,Odense Kommune,Nej,Nej
kommunalvalg,A. Socialdemokratiet,Helle Schaldemose Bagger,0,Ishøj Kommune,Nej,Nej
kommunalvalg,A. Socialdemokratiet,"Helle Sejrup, Bolderslev",0,Aabenraa Kommune,Nej,Nej
kommunalvalg,A. Socialdemokratiet,Helle Stolberg,0,Københavns Kommune,Nej,Nej
kommunalvalg,A. Socialdemokratiet,"Helle Thomsen, Grenaa",0,Norddjurs Kommune,Nej,Nej
kommunalvalg,A. Socialdemokratiet,"Helle Viuf, Tune",0,Greve Kommune,Nej,Nej
kommunalvalg,A. Socialdemokratiet,Helle Waagner,142,Nordfyns Kommune,Nej,Nej
kommunalvalg,A. Socialdemokratiet,Henning A. Jensen,0,Bornholms Regionskommune,Nej,Nej
kommunalvalg,A. Socialdemokratiet,"Henning Boe, Assens",0,Assens Kommune,Nej,Nej
kommunalvalg,A. Socialdemokratiet,Henning Elmelund,0,Brøndby Kommune,Nej,Nej
kommunalvalg,A. Socialdemokratiet,"Henning Emil Hein, Sædding",0,Esbjerg Kommune,Nej,Nej
kommunalvalg,A. Socialdemokratiet,Henning Gad,0,Tønder Kommune,Nej,Nej
kommunalvalg,A. Socialdemokratiet,"Henning Holm, Hurup Thy",0,Thisted Kommune,Nej,Nej
kommunalvalg,A. Socialdemokratiet,"Henning Sejer Jakobsen, Hørning",0,Skanderborg Kommune,Nej,Nej
kommunalvalg,A. Socialdemokratiet,"Henning Tønning, Sakskøbing",0,Guldborgsund Kommune,Nej,Nej
kommunalvalg,A. Socialdemokratiet,"Henning Urban Dam, Holtug",0,Stevns Kommune,Nej,Nej
kommunalvalg,A. Socialdemokratiet,Henriette Christensen,0,Struer Kommune,Nej,Nej
kommunalvalg,A. Socialdemokratiet,Henriette Fentz Leithoff,0,Vordingborg Kommune,Nej,Nej
kommunalvalg,A. Socialdemokratiet,"Henriette Jensen, Nykøbing F.",0,Guldborgsund Kommune,Nej,Nej
kommunalvalg,A. Socialdemokratiet,Henriette Levin,0,Nyborg Kommune,Nej,Nej
kommunalvalg,A. Socialdemokratiet,"Henrik Alleslev, Ølsted",0,Hedensted Kommune,Nej,Nej
kommunalvalg,A. Socialdemokratiet,Henrik Dornfeldt,0,Brøndby Kommune,Nej,Nej
kommunalvalg,A. Socialdemokratiet,"Henrik Hansen, Assens",0,Assens Kommune,Nej,Nej
kommunalvalg,A. Socialdemokratiet,"Henrik Harris Sloth, Løgstør",338,Vesthimmerlands Kommune,Nej,Nej
kommunalvalg,A. Socialdemokratiet,Henrik Hollender,0,Brøndby Kommune,Nej,Nej
kommunalvalg,A. Socialdemokratiet,Henrik Juhl Kristensen,0,Vejle Kommune,Nej,Nej
kommunalvalg,A. Socialdemokratiet,Henrik Kragh,0,Nyborg Kommune,Nej,Nej
kommunalvalg,A. Socialdemokratiet,Henrik Leth,0,Randers Kommune,Nej,Nej
kommunalvalg,A. Socialdemokratiet,"Henrik Mosbæk, Holbæk",0,Holbæk Kommune,Nej,Nej
kommunalvalg,A. Socialdemokratiet,Henrik Olsen,0,Ishøj Kommune,Nej,Nej
kommunalvalg,A. Socialdemokratiet,"Henrik Puggaard, Billund",0,Billund Kommune,Nej,Nej
kommunalvalg,A. Socialdemokratiet,Henrik Rasmussen,28,Næstved Kommune,Nej,Ja
kommunalvalg,A. Socialdemokratiet,"Henrik Rathje, Egernsund",0,Sønderborg Kommune,Nej,Nej
kommunalvalg,A. Socialdemokratiet,"Henrik Sass Christensen, Stenløse",0,Egedal Kommune,Nej,Nej
kommunalvalg,A. Socialdemokratiet,Henrik Scholz,0,Tønder Kommune,Nej,Nej
kommunalvalg,A. Socialdemokratiet,Henrik Skovhave,27,Sorø Kommune,Nej,Nej
kommunalvalg,A. Socialdemokratiet,"Henrik Sohl, Broager",0,Sønderborg Kommune,Nej,Nej
kommunalvalg,A. Socialdemokratiet,Henrik Sundstrup,0,Herlev Kommune,Nej,Nej
kommunalvalg,A. Socialdemokratiet,Henrik Sylvest Olsen,0,Lyngby-Taarbæk Kommune,Nej,Nej
kommunalvalg,A. Socialdemokratiet,Henrik Taagaard,559,Hjørring Kommune,Nej,Nej
kommunalvalg,A. Socialdemokratiet,"Henrik Terp, Aars",163,Vesthimmerlands Kommune,Nej,Nej
kommunalvalg,A. Socialdemokratiet,Henrik Tolstrup,0,Halsnæs Kommune,Nej,Nej
kommunalvalg,A. Socialdemokratiet,Henrik Vestergård,0,Nyborg Kommune,Nej,Nej
kommunalvalg,A. Socialdemokratiet,Henrik W. Olsen,0,Hvidovre Kommune,Nej,Nej
kommunalvalg,A. Socialdemokratiet,"Herluf Hansen, Lyndby",0,Lejre Kommune,Nej,Nej
kommunalvalg,A. Socialdemokratiet,Hermod Ringgaard-Christensen,28,Rødovre Kommune,Nej,Nej
kommunalvalg,A. Socialdemokratiet,Hjalte Vinter,0,Odense Kommune,Nej,Nej
kommunalvalg,A. Socialdemokratiet,Holger Schou Rasmussen,0,Lolland Kommune,Nej,Nej
kommunalvalg,A. Socialdemokratiet,Hugo Andersen,88,Hjørring Kommune,Nej,Nej
kommunalvalg,A. Socialdemokratiet,"Hugo Hammel, Sengeløse",0,Høje-Taastrup Kommune,Nej,Nej
kommunalvalg,A. Socialdemokratiet,Hüseyin Arac,0,Aarhus Kommune,Nej,Nej
kommunalvalg,A. Socialdemokratiet,Ib Carlsen,0,Lyngby-Taarbæk Kommune,Nej,Nej
kommunalvalg,A. Socialdemokratiet,"Ib Petersen, Hårlev",0,Stevns Kommune,Nej,Nej
kommunalvalg,A. Socialdemokratiet,"Ib Stougaard, Holstebro",0,Holstebro Kommune,Nej,Nej
kommunalvalg,A. Socialdemokratiet,Iben Sønderup,0,Aarhus Kommune,Nej,Nej
kommunalvalg,A. Socialdemokratiet,"Ida Pedersen, Hanstholm",0,Thisted Kommune,Nej,Nej
kommunalvalg,A. Socialdemokratiet,Idrees Haider,132,Nordfyns Kommune,Nej,Nej
kommunalvalg,A. Socialdemokratiet,Idris Yorulmaz,0,Hvidovre Kommune,Nej,Nej
kommunalvalg,A. Socialdemokratiet,"Inge Dinis, Bording",480,Ikast-Brande Kommune,Nej,Nej
kommunalvalg,A. Socialdemokratiet,Inge Helle Hansen,88,Hillerød Kommune,Nej,Nej
kommunalvalg,A. Socialdemokratiet,"Inge Laurvig-Borch, Kerteminde",29,Kerteminde Kommune,Nej,Nej
kommunalvalg,A. Socialdemokratiet,"Inge-Lise Hvid, Mosede",0,Greve Kommune,Nej,Nej
kommunalvalg,A. Socialdemokratiet,"Inger Lis Sørensen, Bjerringbro",45,Viborg Kommune,Nej,Nej
kommunalvalg,A. Socialdemokratiet,"Ingrid Andersen, Aarup",0,Assens Kommune,Nej,Nej
kommunalvalg,A. Socialdemokratiet,Ingrid Funch Jørgensen,0,Bornholms Regionskommune,Nej,Nej
kommunalvalg,A. Socialdemokratiet,Irem Ulusoy,0,Ballerup Kommune,Nej,Nej
kommunalvalg,A. Socialdemokratiet,Irene Lund Pedersen,0,Ringkøbing-Skjern Kommune,Nej,Nej
kommunalvalg,A. Socialdemokratiet,Isabell Friis Madsen,2316,Favrskov Kommune,Nej,Nej
kommunalvalg,A. Socialdemokratiet,"Ismail Ibo, Sønderborg",0,Sønderborg Kommune,Nej,Nej
kommunalvalg,A. Socialdemokratiet,"Ivan Damsted, Tommerup St.",0,Assens Kommune,Nej,Nej
kommunalvalg,A. Socialdemokratiet,Ivan Hansen,296,Sorø Kommune,Nej,Nej
kommunalvalg,A. Socialdemokratiet,Ivan Møller Sørensen,0,Lemvig Kommune,Nej,Nej
kommunalvalg,A. Socialdemokratiet,"Jackie Lehmann Hansen, Nykøbing F.",0,Guldborgsund Kommune,Nej,Nej
kommunalvalg,A. Socialdemokratiet,Jacob Bjørnskov Nielsen,0,Middelfart Kommune,Nej,Nej
kommunalvalg,A. Socialdemokratiet,"Jacob Ejs, Daugård",0,Hedensted Kommune,Nej,Nej
kommunalvalg,A. Socialdemokratiet,Jacob Kamper,0,Vordingborg Kommune,Nej,Nej
kommunalvalg,A. Socialdemokratiet,"Jacob Rosen Madsen, Gludsted",82,Ikast-Brande Kommune,Nej,Nej
kommunalvalg,A. Socialdemokratiet,Jakob Brokholm Mortensen,0,Lemvig Kommune,Nej,Nej
kommunalvalg,A. Socialdemokratiet,Jakob Finn Wiis Tønnesen,0,Middelfart Kommune,Nej,Nej
kommunalvalg,A. Socialdemokratiet,"Jakob Hassingboe, Agersted",0,Brønderslev Kommune,Nej,Nej
kommunalvalg,A. Socialdemokratiet,Jakob Hougaard,0,Københavns Kommune,Nej,Nej
kommunalvalg,A. Socialdemokratiet,Jakob Meibom,82,Sorø Kommune,Nej,Nej
kommunalvalg,A. Socialdemokratiet,Jakob Stagaard,398,Kolding Kommune,Nej,Nej
kommunalvalg,A. Socialdemokratiet,Jakob Thiemann,0,Københavns Kommune,Nej,Nej
kommunalvalg,A. Socialdemokratiet,Jan Bierberg,1,Læsø Kommune,Nej,Nej
kommunalvalg,A. Socialdemokratiet,Jan D. Andersen,0,Skive Kommune,Nej,Nej
kommunalvalg,A. Socialdemokratiet,"Jan Fink Mejlgaard, Thisted",0,Thisted Kommune,Nej,Nej
kommunalvalg,A. Socialdemokratiet,"Jan Fischer, Hornslet",372,Syddjurs Kommune,Nej,Nej
kommunalvalg,A. Socialdemokratiet,"Jan Hendeliowitz, Køge",0,Køge Kommune,Nej,Nej
kommunalvalg,A. Socialdemokratiet,Jan Henriksen,0,Slagelse Kommune,Nej,Nej
kommunalvalg,A. Socialdemokratiet,"Jan Huneck, Store Heddinge",0,Stevns Kommune,Nej,Nej
kommunalvalg,A. Socialdemokratiet,"Jan Johansen, Kerteminde",201,Kerteminde Kommune,Nej,Nej
kommunalvalg,A. Socialdemokratiet,"Jan Kiding, Hundige",0,Greve Kommune,Nej,Nej
kommunalvalg,A. Socialdemokratiet,Jan Kjærsgaard,76,Odder Kommune,Nej,Nej
kommunalvalg,A. Socialdemokratiet,"Jan Koborg Olsen, Hovedgård",0,Horsens Kommune,Nej,Nej
kommunalvalg,A. Socialdemokratiet,Jan Kongebro,120,Rødovre Kommune,Nej,Nej
kommunalvalg,A. Socialdemokratiet,Jan Månsson,22,Sorø Kommune,Nej,Nej
kommunalvalg,A. Socialdemokratiet,Jan Salskov,0,Tønder Kommune,Nej,Nej
kommunalvalg,A. Socialdemokratiet,"Jan Sonne-Schmidt, Klokkerholm",0,Brønderslev Kommune,Nej,Nej
kommunalvalg,A. Socialdemokratiet,"Jan Therkelsen, Holstebro",0,Holstebro Kommune,Nej,Nej
kommunalvalg,A. Socialdemokratiet,"Jane Grøn, Mariager",262,Mariagerfjord Kommune,Nej,Nej
kommunalvalg,A. Socialdemokratiet,"Jane Rishøj, Hannæs",0,Thisted Kommune,Nej,Nej
kommunalvalg,A. Socialdemokratiet,Janek Balling Majewicz,0,Frederiksberg Kommune,Nej,Nej
kommunalvalg,A. Socialdemokratiet,"Jannick Dam Kristensen, Vorbasse",0,Billund Kommune,Nej,Nej
kommunalvalg,A. Socialdemokratiet,Jannik Haulik Jørgensen,0,Halsnæs Kommune,Nej,Nej
kommunalvalg,A. Socialdemokratiet,Janus Høyrup Bach-Nielsen,0,Vejle Kommune,Nej,Nej
kommunalvalg,A. Socialdemokratiet,"Janus Lynggaard, Jels",0,Vejen Kommune,Nej,Nej
kommunalvalg,A. Socialdemokratiet,"Jarl Sabroe, Tuse",0,Holbæk Kommune,Nej,Nej
kommunalvalg,A. Socialdemokratiet,Jasminka Kamic,0,Frederiksberg Kommune,Nej,Nej
kommunalvalg,A. Socialdemokratiet,"Jean-Luc Ngassa, Roskilde",0,Roskilde Kommune,Nej,Nej
kommunalvalg,A. Socialdemokratiet,Jeanett Wraae,0,Middelfart Kommune,Nej,Nej
kommunalvalg,A. Socialdemokratiet,"Jeanette Duvander, Esbjerg",0,Esbjerg Kommune,Nej,Nej
kommunalvalg,A. Socialdemokratiet,"Jeanette Holst, Køge",0,Køge Kommune,Nej,Nej
kommunalvalg,A. Socialdemokratiet,"Jeanette Schjællerup, Torsvang",0,Horsens Kommune,Nej,Nej
kommunalvalg,A. Socialdemokratiet,Jens Anton Tingstrøm,0,Gladsaxe Kommune,Nej,Nej
kommunalvalg,A. Socialdemokratiet,"Jens Chr. Golding, Moseby",0,Jammerbugt Kommune,Nej,Nej
kommunalvalg,A. Socialdemokratiet,"Jens Chr. Pedersen, Farsø",296,Vesthimmerlands Kommune,Nej,Nej
kommunalvalg,A. Socialdemokratiet,Jens Dahlgaard,1693,Morsø Kommune,Nej,Nej
kommunalvalg,A. Socialdemokratiet,Jens Erik Lind,232,Kolding Kommune,Nej,Nej
kommunalvalg,A. Socialdemokratiet,Jens Fisker Carlsbæk,0,Københavns Kommune,Nej,Nej
kommunalvalg,A. Socialdemokratiet,Jens Græsted,9,Hillerød Kommune,Nej,Nej
kommunalvalg,A. Socialdemokratiet,Jens Hvidemose,76,Faxe Kommune,Nej,Nej
kommunalvalg,A. Socialdemokratiet,Jens Jensen,0,Ringkøbing-Skjern Kommune,Nej,Nej
kommunalvalg,A. Socialdemokratiet,Jens Jæger,0,Frederikshavn Kommune,Nej,Nej
kommunalvalg,A. Socialdemokratiet,Jens Korning,3,Dragør Kommune,Nej,Nej
kommunalvalg,A. Socialdemokratiet,"Jens Kristiansen, Tuse",0,Holbæk Kommune,Nej,Nej
kommunalvalg,A. Socialdemokratiet,"Jens Nielsen, Hvalsø",0,Lejre Kommune,Nej,Nej
kommunalvalg,A. Socialdemokratiet,Jens Nissen,0,Tønder Kommune,Nej,Nej
kommunalvalg,A. Socialdemokratiet,Jens Ravn,0,Vordingborg Kommune,Nej,Nej
kommunalvalg,A. Socialdemokratiet,"Jens Riise Dalgaard, Arden",563,Mariagerfjord Kommune,Nej,Nej
kommunalvalg,A. Socialdemokratiet,Jens-Peter Hansen,0,Vordingborg Kommune,Nej,Nej
kommunalvalg,A. Socialdemokratiet,"Jeppe Klenitz-Jakobsen, Mørkøv",0,Holbæk Kommune,Nej,Nej
kommunalvalg,A. Socialdemokratiet,Jeppe Larsen,0,Odense Kommune,Nej,Nej
kommunalvalg,A. Socialdemokratiet,Jes Bastholm,114,Hjørring Kommune,Nej,Nej
kommunalvalg,A. Socialdemokratiet,Jes Rønn Hansen,0,Middelfart Kommune,Nej,Nej
kommunalvalg,A. Socialdemokratiet,"Jes Schwartz-Hansen, Sønderborg",0,Sønderborg Kommune,Nej,Nej
kommunalvalg,A. Socialdemokratiet,"Jesper Arbo Frederiksen, Galten-Skovby",0,Skanderborg Kommune,Nej,Nej
kommunalvalg,A. Socialdemokratiet,Jesper Bay,0,Nyborg Kommune,Nej,Nej
kommunalvalg,A. Socialdemokratiet,"Jesper Boie, Herning",0,Herning Kommune,Nej,Nej
kommunalvalg,A. Socialdemokratiet,Jesper Bøgh Sørensen,0,Frederikshavn Kommune,Nej,Nej
kommunalvalg,A. Socialdemokratiet,Jesper Clausson,215,Rødovre Kommune,Nej,Nej
kommunalvalg,A. Socialdemokratiet,Jesper Gade,0,Randers Kommune,Nej,Nej
kommunalvalg,A. Socialdemokratiet,Jesper Kampmann,119,Gentofte Kommune,Nej,Nej
kommunalvalg,A. Socialdemokratiet,Jesper Kjeldsen,0,Aarhus Kommune,Nej,Nej
kommunalvalg,A. Socialdemokratiet,"Jesper Kock, Sønderborg",0,Sønderborg Kommune,Nej,Nej
kommunalvalg,A. Socialdemokratiet,"Jesper L. Ekström, Nordby",7,Fanø Kommune,Nej,Nej
kommunalvalg,A. Socialdemokratiet,"Jesper Larsen, Dronninglund",0,Brønderslev Kommune,Nej,Nej
kommunalvalg,A. Socialdemokratiet,"Jesper Larsen, Nordborg",0,Sønderborg Kommune,Nej,Nej
kommunalvalg,A. Socialdemokratiet,Jesper Olesen,0,Struer Kommune,Nej,Nej
kommunalvalg,A. Socialdemokratiet,Jesper Pedersen,66,Odder Kommune,Nej,Nej
kommunalvalg,A. Socialdemokratiet,Jesper Ravnsbjerg,101,Næstved Kommune,Nej,Nej
kommunalvalg,A. Socialdemokratiet,Jesper Skinhøj Sund,0,Lemvig Kommune,Nej,Nej
kommunalvalg,A. Socialdemokratiet,"Jesper Smaling, Dybbøl",0,Sønderborg Kommune,Nej,Nej
kommunalvalg,A. Socialdemokratiet,Jesper Stegler,0,Brøndby Kommune,Nej,Nej
kommunalvalg,A. Socialdemokratiet,Jesper Wittenburg,0,Frederikssund Kommune,Nej,Nej
kommunalvalg,A. Socialdemokratiet,Jesper Würtzen,0,Ballerup Kommune,Nej,Nej
kommunalvalg,A. Socialdemokratiet,"Jette Andersen, Hundige",0,Greve Kommune,Nej,Nej
kommunalvalg,A. Socialdemokratiet,"Jette Damsø Henriksen, Guderup",0,Sønderborg Kommune,Nej,Nej
kommunalvalg,A. Socialdemokratiet,"Jette Jensen, Vester Såby",0,Lejre Kommune,Nej,Nej
kommunalvalg,A. Socialdemokratiet,"Jette Karlsen, Karlslunde",0,Greve Kommune,Nej,Nej
kommunalvalg,A. Socialdemokratiet,"Jette Sandal, Sparkær",38,Viborg Kommune,Nej,Nej
kommunalvalg,A. Socialdemokratiet,"Jette Sloth, Fårevejle",0,Odsherred Kommune,Nej,Nej
kommunalvalg,A. Socialdemokratiet,"Jeyarajah Rasiah, Grindsted",0,Billund Kommune,Nej,Nej
kommunalvalg,A. Socialdemokratiet,Jilali Daf,0,Ishøj Kommune,Nej,Nej
kommunalvalg,A. Socialdemokratiet,"Jimmi Andreassen, Hogager",0,Holstebro Kommune,Nej,Nej
kommunalvalg,A. Socialdemokratiet,"Jimmi Krøyer, Faaborg",0,Faaborg-Midtfyn Kommune,Nej,Nej
kommunalvalg,A. Socialdemokratiet,Jimmi Mikkelsen,50,Morsø Kommune,Nej,Nej
kommunalvalg,A. Socialdemokratiet,Jimmi Schoubo Povlsen,0,Aalborg Kommune,Nej,Nej
kommunalvalg,A. Socialdemokratiet,"Jimmie Mathiesen, Brørup",0,Vejen Kommune,Nej,Nej
kommunalvalg,A. Socialdemokratiet,Joachim Holten Palvig,188,Gentofte Kommune,Nej,Nej
kommunalvalg,A. Socialdemokratiet,Joakim Rex Blankschøn,287,Næstved Kommune,Nej,Nej
kommunalvalg,A. Socialdemokratiet,Joan Balling,0,Kalundborg Kommune,Nej,Nej
kommunalvalg,A. Socialdemokratiet,Joan Jensen,0,Vallensbæk Kommune,Nej,Nej
kommunalvalg,A. Socialdemokratiet,Joan Kate Pedersen,167,Langeland Kommune,Nej,Nej
kommunalvalg,A. Socialdemokratiet,Joan Pedersen,0,Frederiksberg Kommune,Nej,Nej
kommunalvalg,A. Socialdemokratiet,"Johan Hjorth Jacobsen, Hylke",0,Skanderborg Kommune,Nej,Nej
kommunalvalg,A. Socialdemokratiet,Johan S. Müller,0,Ballerup Kommune,Nej,Nej
kommunalvalg,A. Socialdemokratiet,Johannes Gyldal Sandell,0,Herlev Kommune,Nej,Nej
kommunalvalg,A. Socialdemokratiet,Johannes Lundsfryd Jensen,0,Middelfart Kommune,Nej,Nej
kommunalvalg,A. Socialdemokratiet,Johannes Renneberg,27,Ærø Kommune,Nej,Nej
kommunalvalg,A. Socialdemokratiet,"Johannes Trudslev, Manna-Thise",0,Brønderslev Kommune,Nej,Nej
kommunalvalg,A. Socialdemokratiet,John Arly Henriksen,0,Svendborg Kommune,Nej,Nej
kommunalvalg,A. Socialdemokratiet,John Christiansen,170,Morsø Kommune,Nej,Nej
kommunalvalg,A. Socialdemokratiet,John Christoffersen,0,Struer Kommune,Nej,Nej
kommunalvalg,A. Socialdemokratiet,John Dinesen,0,Ishøj Kommune,Nej,Nej
kommunalvalg,A. Socialdemokratiet,John Dyrby Paulsen,0,Slagelse Kommune,Nej,Nej
kommunalvalg,A. Socialdemokratiet,"John Eriksen, Munkebo",56,Kerteminde Kommune,Nej,Nej
kommunalvalg,A. Socialdemokratiet,John Fobian-Madsen,0,Ringsted Kommune,Nej,Nej
kommunalvalg,A. Socialdemokratiet,"John Hansen, Støvring",68,Rebild Kommune,Nej,Nej
kommunalvalg,A. Socialdemokratiet,John Jørgensen,0,Middelfart Kommune,Nej,Nej
kommunalvalg,A. Socialdemokratiet,John Karlsson,0,Frederikshavn Kommune,Nej,Nej
kommunalvalg,A. Socialdemokratiet,"John Larsen, Horne",0,Faaborg-Midtfyn Kommune,Nej,Nej
kommunalvalg,A. Socialdemokratiet,"John Larsen, Nykøbing Sj.",0,Odsherred Kommune,Nej,Nej
kommunalvalg,A. Socialdemokratiet,John Løvenskjold Nielsen,0,Solrød Kommune,Nej,Nej
kommunalvalg,A. Socialdemokratiet,"John Nyborg, Fredericia - Midtbyen",0,Fredericia Kommune,Nej,Nej
kommunalvalg,A. Socialdemokratiet,John Slater,0,Ballerup Kommune,Nej,Nej
kommunalvalg,A. Socialdemokratiet,"John T. Olsen, Hundige",0,Greve Kommune,Nej,Nej
kommunalvalg,A. Socialdemokratiet,Johnni Andersen,0,Hvidovre Kommune,Nej,Nej
kommunalvalg,A. Socialdemokratiet,Johnny Beck,0,Vejle Kommune,Nej,Nej
kommunalvalg,A. Socialdemokratiet,Johnny Kent Knudsen,0,Skive Kommune,Nej,Nej
kommunalvalg,A. Socialdemokratiet,Johnny Kristensen,106,Nordfyns Kommune,Nej,Nej
kommunalvalg,A. Socialdemokratiet,"Jonas Bjørn Whitehorn, Køge",0,Køge Kommune,Nej,Nej
kommunalvalg,A. Socialdemokratiet,Jonas Helgesen,0,Ringsted Kommune,Nej,Nej
kommunalvalg,A. Socialdemokratiet,Jonas Manthey Olsen,0,Københavns Kommune,Nej,Nej
kommunalvalg,A. Socialdemokratiet,Jonas Ring Madsen,0,Solrød Kommune,Nej,Nej
kommunalvalg,A. Socialdemokratiet,"Jonas Sivertsen, Balle",0,Silkeborg Kommune,Nej,Nej
kommunalvalg,A. Socialdemokratiet,Jonatan Frandsen,0,Slagelse Kommune,Nej,Nej
kommunalvalg,A. Socialdemokratiet,"Jonna Jul Gudmundsen, Varde",0,Varde Kommune,Nej,Nej
kommunalvalg,A. Socialdemokratiet,Judithe Nielsen,0,Albertslund Kommune,Nej,Nej
kommunalvalg,A. Socialdemokratiet,Julie Juhler Østergaard,0,Haderslev Kommune,Nej,Nej
kommunalvalg,A. Socialdemokratiet,Julie Krogh,0,Albertslund Kommune,Nej,Nej
kommunalvalg,A. Socialdemokratiet,"Julie Maaløe, Hedensted",0,Hedensted Kommune,Nej,Nej
kommunalvalg,A. Socialdemokratiet,Julie Marie Larsen,0,Albertslund Kommune,Nej,Nej
kommunalvalg,A. Socialdemokratiet,Julie Vinther,176,Hjørring Kommune,Nej,Nej
kommunalvalg,A. Socialdemokratiet,June Menne,0,Frederikshavn Kommune,Nej,Nej
kommunalvalg,A. Socialdemokratiet,Jytte Garnov,0,Allerød Kommune,Nej,Nej
kommunalvalg,A. Socialdemokratiet,"Jytte Sørensen, Sønderborg",0,Sønderborg Kommune,Nej,Nej
kommunalvalg,A. Socialdemokratiet,Jytte Willendrup,0,Solrød Kommune,Nej,Nej
kommunalvalg,A. Socialdemokratiet,"Jørgen Ahlquist, Ribe",0,Esbjerg Kommune,Nej,Nej
kommunalvalg,A. Socialdemokratiet,"Jørgen Dalsgaard, Nordby",26,Fanø Kommune,Nej,Nej
kommunalvalg,A. Socialdemokratiet,"Jørgen Hindkjær, Lysabild",0,Sønderborg Kommune,Nej,Nej
kommunalvalg,A. Socialdemokratiet,Jørgen Juul Rasmussen,0,Herlev Kommune,Nej,Nej
kommunalvalg,A. Socialdemokratiet,Jørgen Richardt Nielsen,108,Faxe Kommune,Nej,Nej
kommunalvalg,A. Socialdemokratiet,Jørgen Roos,3,Ærø Kommune,Nej,Nej
kommunalvalg,A. Socialdemokratiet,"Jørgen Thøgersen, Brørup",0,Vejen Kommune,Nej,Nej
kommunalvalg,A. Socialdemokratiet,Jørn Højmark,0,Ishøj Kommune,Nej,Nej
kommunalvalg,A. Socialdemokratiet,"Kai Bayer, Grindsted",0,Billund Kommune,Nej,Nej
kommunalvalg,A. Socialdemokratiet,"Kai Holm, Kerteminde",17,Kerteminde Kommune,Nej,Nej
kommunalvalg,A. Socialdemokratiet,"Kaj Duvander, Hundige",0,Greve Kommune,Nej,Nej
kommunalvalg,A. Socialdemokratiet,Kalle Jensen,0,Albertslund Kommune,Nej,Nej
kommunalvalg,A. Socialdemokratiet,"Karen Dalsgaard, Kerteminde",137,Kerteminde Kommune,Nej,Nej
kommunalvalg,A. Socialdemokratiet,Karen Lagoni,0,Randers Kommune,Nej,Nej
kommunalvalg,A. Socialdemokratiet,Karen Lynn Jacobsen,0,Bornholms Regionskommune,Nej,Nej
kommunalvalg,A. Socialdemokratiet,"Karen Mølbæk, Augustenborg",0,Sønderborg Kommune,Nej,Nej
kommunalvalg,A. Socialdemokratiet,"Karen Strandfelt, Manna-Thise",0,Brønderslev Kommune,Nej,Nej
kommunalvalg,A. Socialdemokratiet,"Karen Østergaard, Hadsund",271,Mariagerfjord Kommune,Nej,Nej
kommunalvalg,A. Socialdemokratiet,Karin Alsø,0,Furesø Kommune,Nej,Nej
kommunalvalg,A. Socialdemokratiet,Karin Anker,0,Herlev Kommune,Nej,Nej
kommunalvalg,A. Socialdemokratiet,Karin Dencker,0,Gladsaxe Kommune,Nej,Nej
kommunalvalg,A. Socialdemokratiet,"Karin Schwartz, Tjæreborg",0,Esbjerg Kommune,Nej,Nej
kommunalvalg,A. Socialdemokratiet,Karin Villadsen,167,Morsø Kommune,Nej,Nej
kommunalvalg,A. Socialdemokratiet,"Karina Graves, Sorring",0,Silkeborg Kommune,Nej,Nej
kommunalvalg,A. Socialdemokratiet,Karina Kjærulff Sørensen,47,Rødovre Kommune,Nej,Nej
kommunalvalg,A. Socialdemokratiet,Karina Knobelauch,0,Samsø Kommune,Nej,Nej
kommunalvalg,A. Socialdemokratiet,"Karina Krog Fredslund, Greve",0,Greve Kommune,Nej,Nej
kommunalvalg,A. Socialdemokratiet,"Karina Lyneborg, Tølløse",0,Holbæk Kommune,Nej,Nej
kommunalvalg,A. Socialdemokratiet,Karina Overby,0,Ringkøbing-Skjern Kommune,Nej,Nej
kommunalvalg,A. Socialdemokratiet,"Karina Vestergaard, Grindsted",0,Billund Kommune,Nej,Nej
kommunalvalg,A. Socialdemokratiet,Karl Bilde Jensen,0,Ishøj Kommune,Nej,Nej
kommunalvalg,A. Socialdemokratiet,Karl Magnus Bidstrup,0,Svendborg Kommune,Nej,Nej
kommunalvalg,A. Socialdemokratiet,"Karoline Bergkvist Søgaard, Rimsø",0,Norddjurs Kommune,Nej,Nej
kommunalvalg,A. Socialdemokratiet,Karsten Thomsen,0,Frederikshavn Kommune,Nej,Nej
kommunalvalg,A. Socialdemokratiet,"Kasper B. G. Lauritsen, Holstebro",0,Holstebro Kommune,Nej,Nej
kommunalvalg,A. Socialdemokratiet,Kasper Beith Søndergaard,54,Hjørring Kommune,Nej,Nej
kommunalvalg,A. Socialdemokratiet,Kasper Bjering Søby Jensen,0,Ishøj Kommune,Nej,Nej
kommunalvalg,A. Socialdemokratiet,Kasper Damsgaard,0,Glostrup Kommune,Nej,Nej
kommunalvalg,A. Socialdemokratiet,"Kasper Ejsing Olesen, Langeskov",1051,Kerteminde Kommune,Nej,Nej
kommunalvalg,A. Socialdemokratiet,Kasper Flygare,0,Bornholms Regionskommune,Nej,Nej
kommunalvalg,A. Socialdemokratiet,"Kasper Glyngø, Juelsminde",0,Hedensted Kommune,Nej,Nej
kommunalvalg,A. Socialdemokratiet,"Kasper Haagen Jensen, Alderslyst",0,Silkeborg Kommune,Nej,Nej
kommunalvalg,A. Socialdemokratiet,"Kasper Pauli Pedersen, Ikast",792,Ikast-Brande Kommune,Nej,Nej
kommunalvalg,A. Socialdemokratiet,Kasper Solberg,773,Nordfyns Kommune,Nej,Nej
kommunalvalg,A. Socialdemokratiet,Kasper Stisen,0,Københavns Kommune,Nej,Nej
kommunalvalg,A. Socialdemokratiet,Kassandra Hansen,272,Gentofte Kommune,Nej,Nej
kommunalvalg,A. Socialdemokratiet,Katarina Ritz,0,Furesø Kommune,Nej,Nej
kommunalvalg,A. Socialdemokratiet,Kathrine Bley Amdisen,0,Ishøj Kommune,Nej,Nej
kommunalvalg,A. Socialdemokratiet,"Katrine Burmann, Stubbekøbing",0,Guldborgsund Kommune,Nej,Nej
kommunalvalg,A. Socialdemokratiet,Katrine Friborg,87,Ærø Kommune,Nej,Nej
kommunalvalg,A. Socialdemokratiet,Katrine Skov,0,Gladsaxe Kommune,Nej,Nej
kommunalvalg,A. Socialdemokratiet,Kenneth Andersen,0,Vordingborg Kommune,Nej,Nej
kommunalvalg,A. Socialdemokratiet,Kenneth F. Christensen,0,Hvidovre Kommune,Nej,Nej
kommunalvalg,A. Socialdemokratiet,Kenneth Jensen,0,Frederikssund Kommune,Nej,Nej
kommunalvalg,A. Socialdemokratiet,"Kenneth Nyholm, Aars",232,Vesthimmerlands Kommune,Nej,Nej
kommunalvalg,A. Socialdemokratiet,Kent Jørgensen,0,Svendborg Kommune,Nej,Nej
kommunalvalg,A. Socialdemokratiet,Kevin Kiilerich,0,Ballerup Kommune,Nej,Nej
kommunalvalg,A. Socialdemokratiet,"Khaled Ahmadi, Thisted",0,Thisted Kommune,Nej,Nej
kommunalvalg,A. Socialdemokratiet,Kifaax Malin,0,Aalborg Kommune,Nej,Nej
kommunalvalg,A. Socialdemokratiet,"Kiki Bille Bach, Aabybro",0,Jammerbugt Kommune,Nej,Nej
kommunalvalg,A. Socialdemokratiet,Kim Christensen,0,Københavns Kommune,Nej,Nej
kommunalvalg,A. Socialdemokratiet,"Kim Christensen, Tistrup",0,Varde Kommune,Nej,Nej
kommunalvalg,A. Socialdemokratiet,Kim Christiansen,0,Frederiksberg Kommune,Nej,Nej
kommunalvalg,A. Socialdemokratiet,Kim Damgaard Hansen,59,Morsø Kommune,Nej,Nej
kommunalvalg,A. Socialdemokratiet,Kim Daugbjerg,0,Halsnæs Kommune,Nej,Nej
kommunalvalg,A. Socialdemokratiet,"Kim Fischer, Sønderho",8,Fanø Kommune,Nej,Nej
kommunalvalg,A. Socialdemokratiet,Kim Hauborg,0,Tønder Kommune,Nej,Nej
kommunalvalg,A. Socialdemokratiet,Kim Jepsen,0,Skive Kommune,Nej,Nej
kommunalvalg,A. Socialdemokratiet,"Kim Levisen, Brovst",0,Jammerbugt Kommune,Nej,Nej
kommunalvalg,A. Socialdemokratiet,"Kim Mads Madsen, Stubbæk",0,Aabenraa Kommune,Nej,Nej
kommunalvalg,A. Socialdemokratiet,Kim Neve,21,Rødovre Kommune,Nej,Nej
kommunalvalg,A. Socialdemokratiet,"Kim Nielsen, Munkebo",58,Kerteminde Kommune,Nej,Nej
kommunalvalg,A. Socialdemokratiet,Kim Nørgaard,38,Odder Kommune,Nej,Nej
kommunalvalg,A. Socialdemokratiet,Kim Philip Brammer Welcher,19,Langeland Kommune,Nej,Nej
kommunalvalg,A. Socialdemokratiet,Kim Suhr,0,Vordingborg Kommune,Nej,Nej
kommunalvalg,A. Socialdemokratiet,Kirsten Boller,71,Morsø Kommune,Nej,Nej
kommunalvalg,A. Socialdemokratiet,"Kirsten Hoffmann, Ejstrupholm",403,Ikast-Brande Kommune,Nej,Nej
kommunalvalg,A. Socialdemokratiet,"Kirsten Høj Nielsen, Fredericia - Midtby",0,Fredericia Kommune,Nej,Nej
kommunalvalg,A. Socialdemokratiet,Kirsten Jensen,2068,Hillerød Kommune,Nej,Nej
kommunalvalg,A. Socialdemokratiet,Kirsten Lauritsen,0,Halsnæs Kommune,Nej,Nej
kommunalvalg,A. Socialdemokratiet,Kirsten Paugan,0,Vejle Kommune,Nej,Nej
kommunalvalg,A. Socialdemokratiet,Kirsten Rask,0,Kalundborg Kommune,Nej,Nej
kommunalvalg,A. Socialdemokratiet,Kirsten Wendell,0,Bornholms Regionskommune,Nej,Nej
kommunalvalg,A. Socialdemokratiet,Klaus Bach,0,Tårnby Kommune,Nej,Nej
kommunalvalg,A. Socialdemokratiet,"Klaus Flæng, Vinderup",0,Holstebro Kommune,Nej,Nej
kommunalvalg,A. Socialdemokratiet,Klaus Fynsk Norup,33,Ærø Kommune,Nej,Nej
kommunalvalg,A. Socialdemokratiet,"Klaus Kildemand, Askov",0,Vejen Kommune,Nej,Nej
kommunalvalg,A. Socialdemokratiet,"Klaus Nielsen, Vipperød",0,Holbæk Kommune,Nej,Nej
kommunalvalg,A. Socialdemokratiet,Klaus Pedersen,0,Middelfart Kommune,Nej,Nej
kommunalvalg,A. Socialdemokratiet,Klaus Svensson,0,Lolland Kommune,Nej,Nej
kommunalvalg,A. Socialdemokratiet,"Klaus Sønderup Lorenzen, Sdr. Omme",0,Billund Kommune,Nej,Nej
kommunalvalg,A. Socialdemokratiet,Knud Bjerrum,0,Lemvig Kommune,Nej,Nej
kommunalvalg,A. Socialdemokratiet,"Knud Holdgaard, Søbylund",0,Herning Kommune,Nej,Nej
kommunalvalg,A. Socialdemokratiet,Knud Rosing,10,Dragør Kommune,Nej,Nej
kommunalvalg,A. Socialdemokratiet,Kresten Kjær Sørensen,0,Aarhus Kommune,Nej,Nej
kommunalvalg,A. Socialdemokratiet,Kristen Olesen,10,Faxe Kommune,Nej,Nej
kommunalvalg,A. Socialdemokratiet,"Kristian Beuschau, Nordborg",0,Sønderborg Kommune,Nej,Nej
kommunalvalg,A. Socialdemokratiet,"Kristian Sandgaard Timmermann, Kundby",0,Holbæk Kommune,Nej,Nej
kommunalvalg,A. Socialdemokratiet,Kristian Sommer,0,Aarhus Kommune,Nej,Nej
kommunalvalg,A. Socialdemokratiet,"Kristian Stride, Silkeborg",0,Silkeborg Kommune,Nej,Nej
kommunalvalg,A. Socialdemokratiet,"Kristina Luplau Breining, Hårlev",0,Stevns Kommune,Nej,Nej
kommunalvalg,A. Socialdemokratiet,"Kristina Stange, Borup",0,Køge Kommune,Nej,Nej
kommunalvalg,A. Socialdemokratiet,Kristine Andersen,0,Svendborg Kommune,Nej,Nej
kommunalvalg,A. Socialdemokratiet,Kristine Bugge Mellemgaard,0,Ballerup Kommune,Nej,Nej
kommunalvalg,A. Socialdemokratiet,Kristine Henriksen,0,Gladsaxe Kommune,Nej,Nej
kommunalvalg,A. Socialdemokratiet,Kristine Vesterskov Olsen,0,Kalundborg Kommune,Nej,Nej
kommunalvalg,A. Socialdemokratiet,Kristoffer Appel,0,Frederiksberg Kommune,Nej,Nej
kommunalvalg,A. Socialdemokratiet,Kristoffer Merrild,352,Favrskov Kommune,Nej,Nej
kommunalvalg,A. Socialdemokratiet,Kurt Johansen,0,Vordingborg Kommune,Nej,Nej
kommunalvalg,A. Socialdemokratiet,Kurt Normark,0,Hvidovre Kommune,Nej,Nej
kommunalvalg,A. Socialdemokratiet,"Kåre Villadsen, Langeskov",65,Kerteminde Kommune,Nej,Nej
kommunalvalg,A. Socialdemokratiet,"Laila Flyvholm Jensen, Vognsild",90,Vesthimmerlands Kommune,Nej,Nej
kommunalvalg,A. Socialdemokratiet,Lars A. Clark,0,Albertslund Kommune,Nej,Nej
kommunalvalg,A. Socialdemokratiet,Lars Aslan Rasmussen,0,Københavns Kommune,Nej,Nej
kommunalvalg,A. Socialdemokratiet,Lars Bisgaard,0,Lyngby-Taarbæk Kommune,Nej,Nej
kommunalvalg,A. Socialdemokratiet,Lars Bluhme,211,Odder Kommune,Nej,Nej
kommunalvalg,A. Socialdemokratiet,Lars Bo Winther,162,Gentofte Kommune,Nej,Nej
kommunalvalg,A. Socialdemokratiet,"Lars Breum, Ådalen",19,Syddjurs Kommune,Nej,Nej
kommunalvalg,A. Socialdemokratiet,"Lars Faarup, Silkeborg",0,Silkeborg Kommune,Nej,Nej
kommunalvalg,A. Socialdemokratiet,"Lars Guldborg, Augustenborg",0,Sønderborg Kommune,Nej,Nej
kommunalvalg,A. Socialdemokratiet,Lars Gundelack Jensen,0,Hvidovre Kommune,Nej,Nej
kommunalvalg,A. Socialdemokratiet,"Lars Hansborg-Sørensen, Munkebo",156,Kerteminde Kommune,Nej,Nej
kommunalvalg,A. Socialdemokratiet,Lars Hein,0,Tårnby Kommune,Nej,Nej
kommunalvalg,A. Socialdemokratiet,"Lars Jegstrup, Galten-Skovby",0,Skanderborg Kommune,Nej,Nej
kommunalvalg,A. Socialdemokratiet,Lars Jepsen,0,Frederikssund Kommune,Nej,Nej
kommunalvalg,A. Socialdemokratiet,Lars Kaspersen,0,Gladsaxe Kommune,Nej,Nej
kommunalvalg,A. Socialdemokratiet,Lars Mann Pedersen,0,Herlev Kommune,Nej,Nej
kommunalvalg,A. Socialdemokratiet,Lars Møller Pedersen,0,Struer Kommune,Nej,Nej
kommunalvalg,A. Socialdemokratiet,"Lars Møller, Grenaa",0,Norddjurs Kommune,Nej,Nej
kommunalvalg,A. Socialdemokratiet,"Lars Nielsen, V. Åby",0,Faaborg-Midtfyn Kommune,Nej,Nej
kommunalvalg,A. Socialdemokratiet,"Lars Qvist, Holbæk",0,Holbæk Kommune,Nej,Nej
kommunalvalg,A. Socialdemokratiet,"Lars Rasmussen, Munkebo",30,Kerteminde Kommune,Nej,Nej
kommunalvalg,A. Socialdemokratiet,"Lars Roost Dinesen, Holbæk",0,Holbæk Kommune,Nej,Nej
kommunalvalg,A. Socialdemokratiet,Lars Rømer,0,Tønder Kommune,Nej,Nej
kommunalvalg,A. Socialdemokratiet,"Lars Thaarbøl, Holbæk",0,Holbæk Kommune,Nej,Nej
kommunalvalg,A. Socialdemokratiet,Lars Vigsø,0,Middelfart Kommune,Nej,Nej
kommunalvalg,A. Socialdemokratiet,Lars-Christian Thorvil,0,Frederikshavn Kommune,Nej,Nej
kommunalvalg,A. Socialdemokratiet,"Lasse Bjørn Møller, Holstebro",0,Holstebro Kommune,Nej,Nej
kommunalvalg,A. Socialdemokratiet,Lasse Falster,0,Lolland Kommune,Nej,Nej
kommunalvalg,A. Socialdemokratiet,Lasse Frimand Jensen,0,Aalborg Kommune,Nej,Nej
kommunalvalg,A. Socialdemokratiet,"Lasse Tajmer, Assens",0,Assens Kommune,Nej,Nej
kommunalvalg,A. Socialdemokratiet,Laura Rosenvinge,0,Københavns Kommune,Nej,Nej
kommunalvalg,A. Socialdemokratiet,Lauritz Ziethen,0,Københavns Kommune,Nej,Nej
kommunalvalg,A. Socialdemokratiet,"Leif Egholm, Højby",0,Odsherred Kommune,Nej,Nej
kommunalvalg,A. Socialdemokratiet,"Leif Hartmann, Nordby",3,Fanø Kommune,Nej,Nej
kommunalvalg,A. Socialdemokratiet,"Leif Limkilde, Greve",0,Greve Kommune,Nej,Nej
kommunalvalg,A. Socialdemokratiet,"Leif Rothe Rasmussen, Aarup",0,Assens Kommune,Nej,Nej
kommunalvalg,A. Socialdemokratiet,"Leif Skaarup, Hobro",1919,Mariagerfjord Kommune,Nej,Nej
kommunalvalg,A. Socialdemokratiet,Lena Holm Olsen,0,Vejle Kommune,Nej,Nej
kommunalvalg,A. Socialdemokratiet,Lena Smed Olsen,0,Skive Kommune,Nej,Nej
kommunalvalg,A. Socialdemokratiet,Lene Bang,0,Furesø Kommune,Nej,Nej
kommunalvalg,A. Socialdemokratiet,Lene Due,130,Rødovre Kommune,Nej,Nej
kommunalvalg,A. Socialdemokratiet,"Lene Dybdal, Ulfborg",0,Holstebro Kommune,Nej,Nej
kommunalvalg,A. Socialdemokratiet,Lene Lindberg,0,Helsingør Kommune,Nej,Nej
kommunalvalg,A. Socialdemokratiet,"Lene Møller Nielsen, Køge",0,Køge Kommune,Nej,Nej
kommunalvalg,A. Socialdemokratiet,"Lene Rasmussen, Dreslette",0,Assens Kommune,Nej,Nej
kommunalvalg,A. Socialdemokratiet,"Lene Skovmark Elsborg, Fredericia - Midtbyen",0,Fredericia Kommune,Nej,Nej
kommunalvalg,A. Socialdemokratiet,"Lene Straarup, Mols",175,Syddjurs Kommune,Nej,Nej
kommunalvalg,A. Socialdemokratiet,"Lene Stumph Nielsen, Ikast",89,Ikast-Brande Kommune,Nej,Nej
kommunalvalg,A. Socialdemokratiet,Lene Thiemer Hedegaard,0,Vejle Kommune,Nej,Nej
kommunalvalg,A. Socialdemokratiet,"Lesia Havryliuk, Farsø",263,Vesthimmerlands Kommune,Nej,Nej
kommunalvalg,A. Socialdemokratiet,Lili Naurholm Nørgaard,0,Samsø Kommune,Nej,Nej
kommunalvalg,A. Socialdemokratiet,Lilly Pedersen,0,Frederikshavn Kommune,Nej,Nej
kommunalvalg,A. Socialdemokratiet,Linda Frederiksen,281,Næstved Kommune,Nej,Nej
kommunalvalg,A. Socialdemokratiet,"Linda Lyngsøe, Kjellerup",0,Silkeborg Kommune,Nej,Nej
kommunalvalg,A. Socialdemokratiet,Linda Nielsen,0,Ringkøbing-Skjern Kommune,Nej,Nej
kommunalvalg,A. Socialdemokratiet,Line Kjær Christensen,0,Københavns Kommune,Nej,Nej
kommunalvalg,A. Socialdemokratiet,Line Kraghede Jensen,189,Hjørring Kommune,Nej,Nej
kommunalvalg,A. Socialdemokratiet,"Line Vinum Sørensen, Bygholm",0,Horsens Kommune,Nej,Nej
kommunalvalg,A. Socialdemokratiet,"Lis Ingemann, Rørvig",0,Odsherred Kommune,Nej,Nej
kommunalvalg,A. Socialdemokratiet,"Lis Mancini, Øster Hurup",90,Mariagerfjord Kommune,Nej,Nej
kommunalvalg,A. Socialdemokratiet,Lis Molinari,0,Lyngby-Taarbæk Kommune,Nej,Nej
kommunalvalg,A. Socialdemokratiet,Lis Tribler,0,Slagelse Kommune,Nej,Nej
kommunalvalg,A. Socialdemokratiet,Lisa Ward,0,Glostrup Kommune,Nej,Nej
kommunalvalg,A. Socialdemokratiet,"Lisbet Emmery, Gjøl",0,Jammerbugt Kommune,Nej,Nej
kommunalvalg,A. Socialdemokratiet,Lisbeth Emsholm,16,Langeland Kommune,Nej,Nej
kommunalvalg,A. Socialdemokratiet,Lisbeth Gaardhøj,0,Vejle Kommune,Nej,Nej
kommunalvalg,A. Socialdemokratiet,Lisbeth K. Andersen,0,Ringsted Kommune,Nej,Nej
kommunalvalg,A. Socialdemokratiet,Lisbeth Svane Kusk,92,Morsø Kommune,Nej,Nej
kommunalvalg,A. Socialdemokratiet,"Lisbeth Wilstrup, Mosede",0,Greve Kommune,Nej,Nej
kommunalvalg,A. Socialdemokratiet,Lise Bjerre Zachosine,0,Vordingborg Kommune,Nej,Nej
kommunalvalg,A. Socialdemokratiet,Lise Jørgensen,0,Aarhus Kommune,Nej,Nej
kommunalvalg,A. Socialdemokratiet,"Lise Rægaard, Holstebro",0,Holstebro Kommune,Nej,Nej
kommunalvalg,A. Socialdemokratiet,Lise-Lotte Leervad Larsen,0,Randers Kommune,Nej,Nej
kommunalvalg,A. Socialdemokratiet,Liselotte Heftholm,0,Frederikshavn Kommune,Nej,Nej
kommunalvalg,A. Socialdemokratiet,"Liselotte Hillestrøm, Juelsminde",0,Hedensted Kommune,Nej,Nej
kommunalvalg,A. Socialdemokratiet,Lisette Lind Larsen,351,Faxe Kommune,Nej,Nej
kommunalvalg,A. Socialdemokratiet,Liss Porsborg,96,Dragør Kommune,Nej,Nej
kommunalvalg,A. Socialdemokratiet,Lissa Birkkjær Højmose,0,Skive Kommune,Nej,Nej
kommunalvalg,A. Socialdemokratiet,Listestemmer,24688,Lemvig Kommune,Nej,Nej
kommunalvalg,A. Socialdemokratiet,Liv Lundholm Pedersen,0,Frederikshavn Kommune,Nej,Nej
kommunalvalg,A. Socialdemokratiet,Liva Høybye,0,Aalborg Kommune,Nej,Nej
kommunalvalg,A. Socialdemokratiet,Lolan Ottesen,0,Ballerup Kommune,Nej,Nej
kommunalvalg,A. Socialdemokratiet,"Lone Akselsen, Brylle",0,Assens Kommune,Nej,Nej
kommunalvalg,A. Socialdemokratiet,"Lone Blume, Horsens C",0,Horsens Kommune,Nej,Nej
kommunalvalg,A. Socialdemokratiet,Lone Boye,536,Favrskov Kommune,Nej,Nej
kommunalvalg,A. Socialdemokratiet,"Lone Børlum, Herning",0,Herning Kommune,Nej,Nej
kommunalvalg,A. Socialdemokratiet,"Lone Clausen, Hjallerup",0,Brønderslev Kommune,Nej,Nej
kommunalvalg,A. Socialdemokratiet,Lone Jakobi,1635,Odder Kommune,Nej,Nej
kommunalvalg,A. Socialdemokratiet,Lone Nørgård Holst-Hansen,0,Struer Kommune,Nej,Nej
kommunalvalg,A. Socialdemokratiet,Lone Pilgaard Sørensen,0,Lemvig Kommune,Nej,Nej
kommunalvalg,A. Socialdemokratiet,Lone Sandholdt Jacobsen,0,Aarhus Kommune,Nej,Nej
kommunalvalg,A. Socialdemokratiet,Lone Smidt,0,Nyborg Kommune,Nej,Nej
kommunalvalg,A. Socialdemokratiet,Lotte S. Christiansen,0,Hvidovre Kommune,Nej,Nej
kommunalvalg,A. Socialdemokratiet,Louise Colding,239,Hillerød Kommune,Nej,Nej
kommunalvalg,A. Socialdemokratiet,Louise Gade Ellekrog,0,Middelfart Kommune,Nej,Nej
kommunalvalg,A. Socialdemokratiet,Louise Gellert,0,Glostrup Kommune,Nej,Nej
kommunalvalg,A. Socialdemokratiet,Louise Herløv,0,Vordingborg Kommune,Nej,Nej
kommunalvalg,A. Socialdemokratiet,Louise Høgild Kristensen,0,Ringkøbing-Skjern Kommune,Nej,Nej
kommunalvalg,A. Socialdemokratiet,Louise Lauge Thorsen,0,Glostrup Kommune,Nej,Nej
kommunalvalg,A. Socialdemokratiet,"Louise Mehnke, Kokkedal",771,Fredensborg Kommune,Nej,Nej
kommunalvalg,A. Socialdemokratiet,"Louise Stenmann, Ølholm",0,Hedensted Kommune,Nej,Nej
kommunalvalg,A. Socialdemokratiet,"Lucas Lind Sandager, Aabenraa",0,Aabenraa Kommune,Nej,Nej
kommunalvalg,A. Socialdemokratiet,Lucas Thorbye Mørch,0,Furesø Kommune,Nej,Nej
kommunalvalg,A. Socialdemokratiet,"Lykke Handberg, Tønning",0,Horsens Kommune,Nej,Nej
kommunalvalg,A. Socialdemokratiet,"Mads Lustrup, Esbjerg",0,Esbjerg Kommune,Nej,Nej
kommunalvalg,A. Socialdemokratiet,"Mads Panny, Viborg",1698,Viborg Kommune,Nej,Nej
kommunalvalg,A. Socialdemokratiet,Mads Randbøll Wolff,0,Bornholms Regionskommune,Nej,Nej
kommunalvalg,A. Socialdemokratiet,Mads S. B. Pedersen,0,Københavns Kommune,Nej,Nej
kommunalvalg,A. Socialdemokratiet,Mads Simonsen,0,Frederiksberg Kommune,Nej,Nej
kommunalvalg,A. Socialdemokratiet,Mads Thomsen,0,Odense Kommune,Nej,Nej
kommunalvalg,A. Socialdemokratiet,Mads Vergo,0,Halsnæs Kommune,Nej,Nej
kommunalvalg,A. Socialdemokratiet,Magni Cederholm,0,Frederikssund Kommune,Nej,Nej
kommunalvalg,A. Socialdemokratiet,Magnus F. Stilling,146,Kolding Kommune,Nej,Nej
kommunalvalg,A. Socialdemokratiet,Mahmut Erdem,0,Brøndby Kommune,Nej,Nej
kommunalvalg,A. Socialdemokratiet,"Mai Nørreskov, Smørum",0,Egedal Kommune,Nej,Nej
kommunalvalg,A. Socialdemokratiet,Mai-Britt Beith,3856,Hjørring Kommune,Nej,Nej
kommunalvalg,A. Socialdemokratiet,Mai-Britt Strøm,0,Svendborg Kommune,Nej,Nej
kommunalvalg,A. Socialdemokratiet,Maja Albrechtsen,0,Aarhus Kommune,Nej,Nej
kommunalvalg,A. Socialdemokratiet,Maja Højgaard,0,Brøndby Kommune,Nej,Nej
kommunalvalg,A. Socialdemokratiet,"Majbrit Bjerke, Store Heddinge",0,Stevns Kommune,Nej,Nej
kommunalvalg,A. Socialdemokratiet,"Majbritt Theilgaard Iversen, Varde",0,Varde Kommune,Nej,Nej
kommunalvalg,A. Socialdemokratiet,"Malde Novak, Herfølge",0,Køge Kommune,Nej,Nej
kommunalvalg,A. Socialdemokratiet,Malene Ellebæk,0,Kalundborg Kommune,Nej,Nej
kommunalvalg,A. Socialdemokratiet,"Malene Hansen, Kerteminde",236,Kerteminde Kommune,Nej,Nej
kommunalvalg,A. Socialdemokratiet,"Malene Prehn, Fredensborg",183,Fredensborg Kommune,Nej,Nej
kommunalvalg,A. Socialdemokratiet,"Malene Thackrah, Taastrup",0,Høje-Taastrup Kommune,Nej,Nej
kommunalvalg,A. Socialdemokratiet,Malou Astrup,0,Frederiksberg Kommune,Nej,Nej
kommunalvalg,A. Socialdemokratiet,Malte Mathies Løcke,0,Frederiksberg Kommune,Nej,Nej
kommunalvalg,A. Socialdemokratiet,Marco Damgaard,0,Herlev Kommune,Nej,Ja
kommunalvalg,A. Socialdemokratiet,Marcus Guldager,0,Hørsholm Kommune,Nej,Nej
kommunalvalg,A. Socialdemokratiet,Marcus Jepsen,0,Tårnby Kommune,Nej,Nej
kommunalvalg,A. Socialdemokratiet,Margit Lorentzen,10,Faxe Kommune,Nej,Nej
kommunalvalg,A. Socialdemokratiet,"Maria Allenfeld Jensen, Vig",0,Odsherred Kommune,Nej,Nej
kommunalvalg,A. Socialdemokratiet,"Maria Bertelsen Grann, Løgstrup",412,Viborg Kommune,Nej,Nej
kommunalvalg,A. Socialdemokratiet,"Maria Busborg, Ringe",0,Faaborg-Midtfyn Kommune,Nej,Nej
kommunalvalg,A. Socialdemokratiet,Maria Dideriksen,0,Lolland Kommune,Nej,Nej
kommunalvalg,A. Socialdemokratiet,Maria Fromseier Kjærgaard,0,Bornholms Regionskommune,Nej,Nej
kommunalvalg,A. Socialdemokratiet,Maria Gade Dorf,0,Frederikshavn Kommune,Nej,Nej
kommunalvalg,A. Socialdemokratiet,Maria Glinvad Damgaard,0,Haderslev Kommune,Nej,Nej
kommunalvalg,A. Socialdemokratiet,Maria Gudme,0,Københavns Kommune,Nej,Nej
kommunalvalg,A. Socialdemokratiet,"Maria Hansen, Tyrsted",0,Horsens Kommune,Nej,Nej
kommunalvalg,A. Socialdemokratiet,"Maria Hilding, Sønderris",0,Esbjerg Kommune,Nej,Nej
kommunalvalg,A. Socialdemokratiet,Maria Kornbek,0,Københavns Kommune,Nej,Nej
kommunalvalg,A. Socialdemokratiet,Maria Lundahl Assov,0,Ballerup Kommune,Nej,Nej
kommunalvalg,A. Socialdemokratiet,Maria Stagis,0,Aalborg Kommune,Nej,Nej
kommunalvalg,A. Socialdemokratiet,"Maria Witthøft, Hundige",0,Greve Kommune,Nej,Nej
kommunalvalg,A. Socialdemokratiet,Marianne Christensen,0,Gribskov Kommune,Nej,Nej
kommunalvalg,A. Socialdemokratiet,Marianne Dræby Zuccarello,0,Lemvig Kommune,Nej,Nej
kommunalvalg,A. Socialdemokratiet,Marianne Jensen,63,Nordfyns Kommune,Nej,Nej
kommunalvalg,A. Socialdemokratiet,"Marianne Jensen, Try / Hjallerup",0,Brønderslev Kommune,Nej,Nej
kommunalvalg,A. Socialdemokratiet,Marianne Kold,0,Tårnby Kommune,Nej,Nej
kommunalvalg,A. Socialdemokratiet,Marianne Olsen,292,Næstved Kommune,Nej,Nej
kommunalvalg,A. Socialdemokratiet,"Marianne Røgen, Ølstykke",0,Egedal Kommune,Nej,Nej
kommunalvalg,A. Socialdemokratiet,"Marie Ebsen, Føvling",0,Vejen Kommune,Nej,Nej
kommunalvalg,A. Socialdemokratiet,"Marie Højlund, Jordløse",0,Assens Kommune,Nej,Nej
kommunalvalg,A. Socialdemokratiet,Marie Skødt,0,Haderslev Kommune,Nej,Nej
kommunalvalg,A. Socialdemokratiet,"Marie Stærke, Køge",0,Køge Kommune,Nej,Nej
kommunalvalg,A. Socialdemokratiet,Marie Topp,0,Herlev Kommune,Nej,Nej
kommunalvalg,A. Socialdemokratiet,Marie Zeeb,0,Samsø Kommune,Nej,Nej
kommunalvalg,A. Socialdemokratiet,Marie-Louise Knuppert,0,Frederiksberg Kommune,Nej,Nej
kommunalvalg,A. Socialdemokratiet,"Mariola Jokiel Svendsen, Karlslunde",0,Greve Kommune,Nej,Nej
kommunalvalg,A. Socialdemokratiet,"Marita Geinitz, Sønderborg",0,Sønderborg Kommune,Nej,Nej
kommunalvalg,A. Socialdemokratiet,"Marius Kristensen, Herning",0,Herning Kommune,Nej,Nej
kommunalvalg,A. Socialdemokratiet,"Mark Søgaard, Vissenbjerg",0,Assens Kommune,Nej,Nej
kommunalvalg,A. Socialdemokratiet,Markus Bischoff,0,Vejle Kommune,Nej,Nej
kommunalvalg,A. Socialdemokratiet,Marlene Bilenberg,0,Slagelse Kommune,Nej,Nej
kommunalvalg,A. Socialdemokratiet,"Martin Alminde Friis, Billund",0,Billund Kommune,Nej,Nej
kommunalvalg,A. Socialdemokratiet,Martin Bertelsen,0,Skive Kommune,Nej,Nej
kommunalvalg,A. Socialdemokratiet,Martin Boesen,0,Lolland Kommune,Nej,Nej
kommunalvalg,A. Socialdemokratiet,"Martin Clausen, Sdr. Hygum, Rødding",0,Vejen Kommune,Nej,Nej
kommunalvalg,A. Socialdemokratiet,Martin Hager Andersen,93,Favrskov Kommune,Nej,Nej
kommunalvalg,A. Socialdemokratiet,Martin Hækkerup,417,Hillerød Kommune,Nej,Nej
kommunalvalg,A. Socialdemokratiet,Martin Høyer Rasmussen,0,Ballerup Kommune,Nej,Nej
kommunalvalg,A. Socialdemokratiet,Martin Jensen,0,Vejle Kommune,Nej,Nej
kommunalvalg,A. Socialdemokratiet,"Martin Langemose, Fredericia - Vest",0,Fredericia Kommune,Nej,Nej
kommunalvalg,A. Socialdemokratiet,"Martin Lynggaard, Nr. Asmindrup",0,Odsherred Kommune,Nej,Nej
kommunalvalg,A. Socialdemokratiet,"Martin Martinsen, Nykøbing F.",0,Guldborgsund Kommune,Nej,Nej
kommunalvalg,A. Socialdemokratiet,"Martin Monterossi, Hvalsø",0,Lejre Kommune,Nej,Nej
kommunalvalg,A. Socialdemokratiet,Martin Nielson,0,Vallensbæk Kommune,Nej,Nej
kommunalvalg,A. Socialdemokratiet,"Martin Pedersen, Nagelsti",0,Guldborgsund Kommune,Nej,Nej
kommunalvalg,A. Socialdemokratiet,Martin Prentow,257,Hjørring Kommune,Nej,Nej
kommunalvalg,A. Socialdemokratiet,"Martin Ramsdal, Erritsø",0,Fredericia Kommune,Nej,Nej
kommunalvalg,A. Socialdemokratiet,Martin Sikær,0,Vejle Kommune,Nej,Nej
kommunalvalg,A. Socialdemokratiet,Martin Stenmann,0,Nyborg Kommune,Nej,Nej
kommunalvalg,A. Socialdemokratiet,Martin Stenner,0,Lyngby-Taarbæk Kommune,Nej,Nej
kommunalvalg,A. Socialdemokratiet,"Martin Stokholm, Hvalsø",0,Lejre Kommune,Nej,Nej
kommunalvalg,A. Socialdemokratiet,Martin Svane,0,Svendborg Kommune,Nej,Nej
kommunalvalg,A. Socialdemokratiet,Martin Thor Pedersen,0,Helsingør Kommune,Nej,Nej
kommunalvalg,A. Socialdemokratiet,"Martin Vedstesen, Esbjerg",0,Esbjerg Kommune,Nej,Nej
kommunalvalg,A. Socialdemokratiet,Martin Vrede Nielsen,0,Lolland Kommune,Nej,Nej
kommunalvalg,A. Socialdemokratiet,"Mary-Ann Sørensen, Hunetorp",0,Jammerbugt Kommune,Nej,Nej
kommunalvalg,A. Socialdemokratiet,Masoud Tofan,0,Nyborg Kommune,Nej,Nej
kommunalvalg,A. Socialdemokratiet,Mathias Kellermann,0,Lyngby-Taarbæk Kommune,Nej,Nej
kommunalvalg,A. Socialdemokratiet,Mathias Niebuhr,0,Københavns Kommune,Nej,Nej
kommunalvalg,A. Socialdemokratiet,Mathias Vrå Hjorth,0,Nyborg Kommune,Nej,Nej
kommunalvalg,A. Socialdemokratiet,Matilde Dueholm,0,Aarhus Kommune,Nej,Nej
kommunalvalg,A. Socialdemokratiet,Matilde Ørsted,0,Halsnæs Kommune,Nej,Nej
kommunalvalg,A. Socialdemokratiet,Mehmet Anik,0,Furesø Kommune,Nej,Nej
kommunalvalg,A. Socialdemokratiet,Meho Selman,0,Odense Kommune,Nej,Nej
kommunalvalg,A. Socialdemokratiet,"Melina Amalie Pedersen, Holbæk",0,Holbæk Kommune,Nej,Nej
kommunalvalg,A. Socialdemokratiet,Menderes Acikel,0,Helsingør Kommune,Nej,Nej
kommunalvalg,A. Socialdemokratiet,Merete Amdisen,0,Ishøj Kommune,Nej,Nej
kommunalvalg,A. Socialdemokratiet,Merete Bang,0,Nyborg Kommune,Nej,Nej
kommunalvalg,A. Socialdemokratiet,"Merete Hansen, Koldby",0,Thisted Kommune,Nej,Nej
kommunalvalg,A. Socialdemokratiet,Merete Østergaard,0,Randers Kommune,Nej,Nej
kommunalvalg,A. Socialdemokratiet,Metin Deniz,385,Hillerød Kommune,Nej,Nej
kommunalvalg,A. Socialdemokratiet,Mette Ahm-Petersen,0,Ringsted Kommune,Nej,Nej
kommunalvalg,A. Socialdemokratiet,"Mette Binderup, Valsgård",377,Mariagerfjord Kommune,Nej,Nej
kommunalvalg,A. Socialdemokratiet,Mette Ejby Pallesen,0,Vejle Kommune,Nej,Nej
kommunalvalg,A. Socialdemokratiet,Mette Ekstrøm,0,Aalborg Kommune,Nej,Nej
kommunalvalg,A. Socialdemokratiet,Mette Hviid,0,Gladsaxe Kommune,Nej,Nej
kommunalvalg,A. Socialdemokratiet,Mette Laurberg,0,Gladsaxe Kommune,Nej,Nej
kommunalvalg,A. Socialdemokratiet,Mette Nielsen,0,Tønder Kommune,Nej,Nej
kommunalvalg,A. Socialdemokratiet,Mette Reissmann,0,Københavns Kommune,Nej,Nej
kommunalvalg,A. Socialdemokratiet,Mette Riis,436,Kolding Kommune,Nej,Nej
kommunalvalg,A. Socialdemokratiet,Mette Tolstrup,0,Gribskov Kommune,Nej,Nej
kommunalvalg,A. Socialdemokratiet,"Mette Vestenbæk, Vester Hjermitslev",0,Jammerbugt Kommune,Nej,Nej
kommunalvalg,A. Socialdemokratiet,Mette-Emilie Beck,0,Tønder Kommune,Nej,Nej
kommunalvalg,A. Socialdemokratiet,Michael Brønd,0,Ballerup Kommune,Nej,Nej
kommunalvalg,A. Socialdemokratiet,Michael Buch-Barnes,0,Brøndby Kommune,Nej,Nej
kommunalvalg,A. Socialdemokratiet,Michael Eskamp Witek,0,Odense Kommune,Nej,Nej
kommunalvalg,A. Socialdemokratiet,Michael Haas,0,Frederikshavn Kommune,Nej,Nej
kommunalvalg,A. Socialdemokratiet,"Michael Harbøll, Hjerting",0,Esbjerg Kommune,Nej,Nej
kommunalvalg,A. Socialdemokratiet,"Michael Højbjerg, Thisted",0,Thisted Kommune,Nej,Nej
kommunalvalg,A. Socialdemokratiet,Michael Høy Nedergaard,0,Helsingør Kommune,Nej,Nej
kommunalvalg,A. Socialdemokratiet,Michael Jordan Harritslev,86,Hjørring Kommune,Nej,Nej
kommunalvalg,A. Socialdemokratiet,Michael Jørgensen,147,Næstved Kommune,Nej,Nej
kommunalvalg,A. Socialdemokratiet,"Michael Kjeldgaard, Nykøbing Sj.",0,Odsherred Kommune,Nej,Nej
kommunalvalg,A. Socialdemokratiet,Michael Koch Sørensen,0,Frederikshavn Kommune,Nej,Nej
kommunalvalg,A. Socialdemokratiet,Michael Kristensen,0,Samsø Kommune,Nej,Nej
kommunalvalg,A. Socialdemokratiet,Michael Krogh Hansen,0,Aarhus Kommune,Nej,Nej
kommunalvalg,A. Socialdemokratiet,Michael Larsen,0,Vordingborg Kommune,Nej,Nej
kommunalvalg,A. Socialdemokratiet,Michael Lundsted Nielsen,0,Skive Kommune,Nej,Nej
kommunalvalg,A. Socialdemokratiet,Michael O. Jørgensen,0,Tårnby Kommune,Nej,Nej
kommunalvalg,A. Socialdemokratiet,Michael Perch,551,Næstved Kommune,Nej,Nej
kommunalvalg,A. Socialdemokratiet,"Michael Philip Poulsen, Bjerringbro",604,Viborg Kommune,Nej,Nej
kommunalvalg,A. Socialdemokratiet,Michael Schmidt,0,Halsnæs Kommune,Nej,Nej
kommunalvalg,A. Socialdemokratiet,"Michael Stegger Jensen, Ryomgård",2577,Syddjurs Kommune,Nej,Nej
kommunalvalg,A. Socialdemokratiet,"Michael Stensig Bertelsen, Hørning",0,Skanderborg Kommune,Nej,Nej
kommunalvalg,A. Socialdemokratiet,Michael Vejen,0,Ringkøbing-Skjern Kommune,Nej,Nej
kommunalvalg,A. Socialdemokratiet,Michael Vindfeldt,0,Frederiksberg Kommune,Nej,Nej
kommunalvalg,A. Socialdemokratiet,Michele Møller Amundsen,0,Herlev Kommune,Nej,Nej
kommunalvalg,A. Socialdemokratiet,"Micky Blankschøn, Sønderborg",0,Sønderborg Kommune,Nej,Nej
kommunalvalg,A. Socialdemokratiet,Mika Torsten Bärlund,0,Hørsholm Kommune,Nej,Nej
kommunalvalg,A. Socialdemokratiet,Mikael Hansen,0,Svendborg Kommune,Nej,Nej
kommunalvalg,A. Socialdemokratiet,"Mikael Jensen, Assens",0,Assens Kommune,Nej,Nej
kommunalvalg,A. Socialdemokratiet,"Mikael Lisberg Toft, Aars",102,Vesthimmerlands Kommune,Nej,Nej
kommunalvalg,A. Socialdemokratiet,Mikael Smed,0,Vordingborg Kommune,Nej,Nej
kommunalvalg,A. Socialdemokratiet,Mike Dyrby Petersen,0,Tønder Kommune,Nej,Nej
kommunalvalg,A. Socialdemokratiet,"Mike Ipsen, Hørve",0,Odsherred Kommune,Nej,Nej
kommunalvalg,A. Socialdemokratiet,Miki Dam Larsen,0,Allerød Kommune,Nej,Nej
kommunalvalg,A. Socialdemokratiet,Miklas Hansen Ladegaard,0,Ballerup Kommune,Nej,Nej
kommunalvalg,A. Socialdemokratiet,Mina Fadime Nyborg,0,Struer Kommune,Nej,Nej
kommunalvalg,A. Socialdemokratiet,Mogens Christensen,0,Struer Kommune,Nej,Nej
kommunalvalg,A. Socialdemokratiet,"Mogens Dinesen, Møldrup",74,Viborg Kommune,Nej,Nej
kommunalvalg,A. Socialdemokratiet,Mogens Eliasen,0,Vallensbæk Kommune,Nej,Nej
kommunalvalg,A. Socialdemokratiet,Mogens Esmarch,0,Herlev Kommune,Nej,Nej
kommunalvalg,A. Socialdemokratiet,"Mogens Jørgensen, Rynkeby",26,Kerteminde Kommune,Nej,Nej
kommunalvalg,A. Socialdemokratiet,Mogens Nielsen,0,Ringkøbing-Skjern Kommune,Nej,Nej
kommunalvalg,A. Socialdemokratiet,"Mogens Nørgård, Birkelse",0,Jammerbugt Kommune,Nej,Nej
kommunalvalg,A. Socialdemokratiet,Mohamad Altayeb,0,Slagelse Kommune,Nej,Nej
kommunalvalg,A. Socialdemokratiet,"Mohamad Mahmod, Hammerum",0,Herning Kommune,Nej,Nej
kommunalvalg,A. Socialdemokratiet,Mohamed Belhaiba,109,Næstved Kommune,Nej,Nej
kommunalvalg,A. Socialdemokratiet,Mohammed Sobhie,0,Gladsaxe Kommune,Nej,Nej
kommunalvalg,A. Socialdemokratiet,"Mona Burgdorf Herskind, Høgild",0,Herning Kommune,Nej,Nej
kommunalvalg,A. Socialdemokratiet,Mona Kelder Bouidar,123,Sorø Kommune,Nej,Nej
kommunalvalg,A. Socialdemokratiet,"Morgan Krüger, Roskilde",0,Roskilde Kommune,Nej,Nej
kommunalvalg,A. Socialdemokratiet,Morten Andersson,0,Ballerup Kommune,Nej,Nej
kommunalvalg,A. Socialdemokratiet,Morten Bybjerg Nygaard,0,Glostrup Kommune,Nej,Nej
kommunalvalg,A. Socialdemokratiet,Morten Dahlberg,0,Gribskov Kommune,Nej,Nej
kommunalvalg,A. Socialdemokratiet,"Morten Josefsen, Vestervig",0,Thisted Kommune,Nej,Nej
kommunalvalg,A. Socialdemokratiet,Morten Kanstrup Thomsen,0,Middelfart Kommune,Nej,Nej
kommunalvalg,A. Socialdemokratiet,"Morten Klessen, Aabybro",0,Jammerbugt Kommune,Nej,Nej
kommunalvalg,A. Socialdemokratiet,"Morten Koborg, Nr. Ørslev",0,Guldborgsund Kommune,Nej,Nej
kommunalvalg,A. Socialdemokratiet,"Morten Lem, Ravnkilde",118,Rebild Kommune,Nej,Nej
kommunalvalg,A. Socialdemokratiet,"Morten Lindblad, Gundersted",8,Vesthimmerlands Kommune,Nej,Nej
kommunalvalg,A. Socialdemokratiet,"Morten Lyager, Ølstykke",0,Egedal Kommune,Nej,Nej
kommunalvalg,A. Socialdemokratiet,"Morten Mortensen, Grenaa",0,Norddjurs Kommune,Nej,Nej
kommunalvalg,A. Socialdemokratiet,Morten Skovlund,0,Vejle Kommune,Nej,Nej
kommunalvalg,A. Socialdemokratiet,"Morten Spongenberg Thorup, Ølstykke",0,Egedal Kommune,Nej,Nej
kommunalvalg,A. Socialdemokratiet,Morten Thornelius,0,Vordingborg Kommune,Nej,Nej
kommunalvalg,A. Socialdemokratiet,"Morten Torp, Grenaa",0,Norddjurs Kommune,Nej,Nej
kommunalvalg,A. Socialdemokratiet,"Morten Vøhtz, Korinth",0,Faaborg-Midtfyn Kommune,Nej,Nej
kommunalvalg,A. Socialdemokratiet,Morten Weihrauch,107,Favrskov Kommune,Nej,Nej
kommunalvalg,A. Socialdemokratiet,Mostafa Benyahia,0,Frederiksberg Kommune,Nej,Nej
kommunalvalg,A. Socialdemokratiet,Muj Berisha,0,Lolland Kommune,Nej,Nej
kommunalvalg,A. Socialdemokratiet,Murat Kütük,0,Ishøj Kommune,Nej,Nej
kommunalvalg,A. Socialdemokratiet,Musa Kekec,0,Ballerup Kommune,Nej,Nej
kommunalvalg,A. Socialdemokratiet,"Mussa Utto, Østerbyen",0,Esbjerg Kommune,Nej,Nej
kommunalvalg,A. Socialdemokratiet,"Mustafa Arslan, Ikast",607,Ikast-Brande Kommune,Nej,Nej
kommunalvalg,A. Socialdemokratiet,Nanna Kjær,89,Hillerød Kommune,Nej,Nej
kommunalvalg,A. Socialdemokratiet,Narcis George Matache,0,Aalborg Kommune,Nej,Nej
kommunalvalg,A. Socialdemokratiet,Natalia Cernavin,0,Struer Kommune,Nej,Nej
kommunalvalg,A. Socialdemokratiet,Nathasja Rasmussen,0,Gladsaxe Kommune,Nej,Nej
kommunalvalg,A. Socialdemokratiet,"Natja Hedegaard Gram, Viborg",844,Viborg Kommune,Nej,Nej
kommunalvalg,A. Socialdemokratiet,Nazim Gürkan,0,Odense Kommune,Nej,Nej
kommunalvalg,A. Socialdemokratiet,"Nichlas van Weezel, Strandhuse",0,Odsherred Kommune,Nej,Nej
kommunalvalg,A. Socialdemokratiet,Nicklas Gregil,0,Solrød Kommune,Nej,Nej
kommunalvalg,A. Socialdemokratiet,Nicklas Langer,0,Odense Kommune,Nej,Nej
kommunalvalg,A. Socialdemokratiet,"Nicklas Skov Hansen, Midtbyen",0,Horsens Kommune,Nej,Nej
kommunalvalg,A. Socialdemokratiet,Niclas Turan Kandemir,0,Odense Kommune,Nej,Nej
kommunalvalg,A. Socialdemokratiet,Nicolai Leslie Ahlstrand,0,Halsnæs Kommune,Nej,Nej
kommunalvalg,A. Socialdemokratiet,Nicolaj Bertel Riber,371,Dragør Kommune,Nej,Nej
kommunalvalg,A. Socialdemokratiet,Nicolas Almann Olsen,0,Ballerup Kommune,Nej,Nej
kommunalvalg,A. Socialdemokratiet,"Niels Basballe, Grenaa",0,Norddjurs Kommune,Nej,Nej
kommunalvalg,A. Socialdemokratiet,Niels Bertelsen,0,Bornholms Regionskommune,Nej,Nej
kommunalvalg,A. Socialdemokratiet,Niels Bjerre Degn,0,Furesø Kommune,Nej,Nej
kommunalvalg,A. Socialdemokratiet,"Niels Carøe Skinnerup, Aalestrup",72,Vesthimmerlands Kommune,Nej,Nej
kommunalvalg,A. Socialdemokratiet,Niels Christian Dahl,0,Allerød Kommune,Nej,Nej
kommunalvalg,A. Socialdemokratiet,Niels Christian Devantier,0,Lolland Kommune,Nej,Nej
kommunalvalg,A. Socialdemokratiet,Niels Christian Nielsen,0,Svendborg Kommune,Nej,Nej
kommunalvalg,A. Socialdemokratiet,Niels Corfitz Andersen,139,Nordfyns Kommune,Nej,Nej
kommunalvalg,A. Socialdemokratiet,Niels E. Bjerrum,0,Københavns Kommune,Nej,Nej
kommunalvalg,A. Socialdemokratiet,Niels Gyldenlund Mikkelsen,441,Gentofte Kommune,Nej,Nej
kommunalvalg,A. Socialdemokratiet,Niels Holk Teinhart,0,Furesø Kommune,Nej,Nej
kommunalvalg,A. Socialdemokratiet,Niels Kristian Jespersen,101,Morsø Kommune,Nej,Nej
kommunalvalg,A. Socialdemokratiet,Niels Kristian Østergaard,176,Morsø Kommune,Nej,Nej
kommunalvalg,A. Socialdemokratiet,"Niels Ole Beck, Varde",0,Varde Kommune,Nej,Nej
kommunalvalg,A. Socialdemokratiet,"Niels Peter Bøgballe, Bygholm",0,Horsens Kommune,Nej,Nej
kommunalvalg,A. Socialdemokratiet,"Niels Peter Christoffersen, Hobro",202,Mariagerfjord Kommune,Nej,Nej
kommunalvalg,A. Socialdemokratiet,"Niels Philipsen, Ørum",68,Viborg Kommune,Nej,Nej
kommunalvalg,A. Socialdemokratiet,Niels Østergaard,0,Frederikshavn Kommune,Nej,Nej
kommunalvalg,A. Socialdemokratiet,Nikolai Johansen,140,Nordfyns Kommune,Nej,Nej
kommunalvalg,A. Socialdemokratiet,Nikolaj Lykke Vad,0,Kalundborg Kommune,Nej,Nej
kommunalvalg,A. Socialdemokratiet,Nikolaj W. Reichel,0,Vordingborg Kommune,Nej,Nej
kommunalvalg,A. Socialdemokratiet,"Nina Albertsen, Grenaa",0,Norddjurs Kommune,Nej,Nej
kommunalvalg,A. Socialdemokratiet,Nina Ljungkvist,0,Svendborg Kommune,Nej,Nej
kommunalvalg,A. Socialdemokratiet,"Nina Strøm Tønnes, Hedehusene",0,Høje-Taastrup Kommune,Nej,Nej
kommunalvalg,A. Socialdemokratiet,"Nini Oken, Ribe",0,Esbjerg Kommune,Nej,Nej
kommunalvalg,A. Socialdemokratiet,"Ninna Møller, Stensballe",0,Horsens Kommune,Nej,Nej
kommunalvalg,A. Socialdemokratiet,Nitasha Dahlstrøm,0,Odense Kommune,Nej,Nej
kommunalvalg,A. Socialdemokratiet,Njord Fomsgaard Kvistgaard,0,Randers Kommune,Nej,Nej
kommunalvalg,A. Socialdemokratiet,Noah Osman,0,Herlev Kommune,Nej,Nej
kommunalvalg,A. Socialdemokratiet,Noah Thilemann,0,Slagelse Kommune,Nej,Nej
kommunalvalg,A. Socialdemokratiet,Nordin Laursen,0,Slagelse Kommune,Nej,Nej
kommunalvalg,A. Socialdemokratiet,Nuuradiin Hussein,0,Aalborg Kommune,Nej,Nej
kommunalvalg,A. Socialdemokratiet,"Oguzcan Yüksel, Taastrup",0,Høje-Taastrup Kommune,Nej,Nej
kommunalvalg,A. Socialdemokratiet,"Ole Andersen, Asaa",0,Brønderslev Kommune,Nej,Nej
kommunalvalg,A. Socialdemokratiet,"Ole Bakkegaard Starklint, Ringe",0,Faaborg-Midtfyn Kommune,Nej,Nej
kommunalvalg,A. Socialdemokratiet,Ole Bondo Christensen,0,Furesø Kommune,Nej,Nej
kommunalvalg,A. Socialdemokratiet,"Ole Bronné Sørensen, Horbelev",0,Guldborgsund Kommune,Nej,Nej
kommunalvalg,A. Socialdemokratiet,Ole Finnerup Larsen,0,Haderslev Kommune,Nej,Nej
kommunalvalg,A. Socialdemokratiet,Ole H. Hansen,116,Dragør Kommune,Nej,Nej
kommunalvalg,A. Socialdemokratiet,"Ole Jespersgaard, Øster Brønderslev",0,Brønderslev Kommune,Nej,Nej
kommunalvalg,A. Socialdemokratiet,Ole K. Svendsen,16,Dragør Kommune,Nej,Nej
kommunalvalg,A. Socialdemokratiet,"Ole Marcussen, Grindsted",0,Billund Kommune,Nej,Nej
kommunalvalg,A. Socialdemokratiet,Ole Nielsen,0,Middelfart Kommune,Nej,Nej
kommunalvalg,A. Socialdemokratiet,"Ole S. Hansen, Mørke",469,Syddjurs Kommune,Nej,Nej
kommunalvalg,A. Socialdemokratiet,Ole Skovsgaard Daniel,0,Lemvig Kommune,Nej,Nej
kommunalvalg,A. Socialdemokratiet,Ole Skrald,0,Gladsaxe Kommune,Nej,Nej
kommunalvalg,A. Socialdemokratiet,"Ole Stavad, Brovst",0,Jammerbugt Kommune,Nej,Nej
kommunalvalg,A. Socialdemokratiet,"Ole Steen Hansen, Fredericia - Midtbyen",0,Fredericia Kommune,Nej,Nej
kommunalvalg,A. Socialdemokratiet,"Ole Vels Poulsen, Munkebo",18,Kerteminde Kommune,Nej,Nej
kommunalvalg,A. Socialdemokratiet,Ole Wej Petersen,29,Ærø Kommune,Nej,Nej
kommunalvalg,A. Socialdemokratiet,Olena Duus,0,Hørsholm Kommune,Nej,Nej
kommunalvalg,A. Socialdemokratiet,Omar El-Rifai,0,Odense Kommune,Nej,Nej
kommunalvalg,A. Socialdemokratiet,"Orla Skovlund Hansen, Gråsten",0,Sønderborg Kommune,Nej,Nej
kommunalvalg,A. Socialdemokratiet,"Osama Aref Mohamad, Hastrup",0,Køge Kommune,Nej,Nej
kommunalvalg,A. Socialdemokratiet,"Otto Asbjørn Rasmussen, Hedehusene",0,Høje-Taastrup Kommune,Nej,Nej
kommunalvalg,A. Socialdemokratiet,Palle Lykke Ravn,0,Struer Kommune,Nej,Nej
kommunalvalg,A. Socialdemokratiet,Patrick Weng,76,Favrskov Kommune,Nej,Nej
kommunalvalg,A. Socialdemokratiet,Paw Østergaard Jensen,0,Albertslund Kommune,Nej,Nej
kommunalvalg,A. Socialdemokratiet,Peder Kähler,0,Glostrup Kommune,Nej,Nej
kommunalvalg,A. Socialdemokratiet,Peder Vilhelm Sørensen,8,Ærø Kommune,Nej,Nej
kommunalvalg,A. Socialdemokratiet,Per Bødker Andersen,249,Kolding Kommune,Nej,Nej
kommunalvalg,A. Socialdemokratiet,Per Chrone Jespersen,0,Nyborg Kommune,Nej,Nej
kommunalvalg,A. Socialdemokratiet,"Per Frank Poulsen, Silkeborg",0,Silkeborg Kommune,Nej,Nej
kommunalvalg,A. Socialdemokratiet,"Per Frost Henriksen, Fredensborg",310,Fredensborg Kommune,Nej,Nej
kommunalvalg,A. Socialdemokratiet,"Per Halsboe-Larsen, Fjerritslev",0,Jammerbugt Kommune,Nej,Nej
kommunalvalg,A. Socialdemokratiet,Per Kjær Erichsen,0,Kalundborg Kommune,Nej,Nej
kommunalvalg,A. Socialdemokratiet,"Per Laudrup Jørgensen, Køge",0,Køge Kommune,Nej,Nej
kommunalvalg,A. Socialdemokratiet,Per Mortensen,0,Ballerup Kommune,Nej,Nej
kommunalvalg,A. Socialdemokratiet,"Per Nielsen, Nr. Nebel",0,Varde Kommune,Nej,Nej
kommunalvalg,A. Socialdemokratiet,"Per Søndergaard Mathiesen, Vebbestrup",70,Mariagerfjord Kommune,Nej,Nej
kommunalvalg,A. Socialdemokratiet,Per Sørensen,301,Næstved Kommune,Nej,Nej
kommunalvalg,A. Socialdemokratiet,Per Thomsen,308,Faxe Kommune,Nej,Nej
kommunalvalg,A. Socialdemokratiet,Pernille Buhelt,182,Hjørring Kommune,Nej,Nej
kommunalvalg,A. Socialdemokratiet,Pernille Rosenkrantz-Theil,0,Københavns Kommune,Nej,Ja
kommunalvalg,A. Socialdemokratiet,"Pernille Rothmann Taubee, Vivild",0,Norddjurs Kommune,Nej,Nej
kommunalvalg,A. Socialdemokratiet,"Pernille Sylvest, Køge",0,Køge Kommune,Nej,Nej
kommunalvalg,A. Socialdemokratiet,Peter Adolfsen Løhmann,0,Aarhus Kommune,Nej,Nej
kommunalvalg,A. Socialdemokratiet,Peter Als,0,Ballerup Kommune,Nej,Nej
kommunalvalg,A. Socialdemokratiet,Peter Amstrup Nielsen,0,Randers Kommune,Nej,Nej
kommunalvalg,A. Socialdemokratiet,"Peter Baggerman, Ans",0,Silkeborg Kommune,Nej,Nej
kommunalvalg,A. Socialdemokratiet,Peter Borup Sørensen,0,Lemvig Kommune,Nej,Nej
kommunalvalg,A. Socialdemokratiet,Peter E. Nielsen,0,Frederikshavn Kommune,Nej,Nej
kommunalvalg,A. Socialdemokratiet,Peter Egtorp,0,Brøndby Kommune,Nej,Nej
kommunalvalg,A. Socialdemokratiet,Peter Ernst Sundbæk,137,Hjørring Kommune,Nej,Nej
kommunalvalg,A. Socialdemokratiet,"Peter Faarbæk, Taastrup",0,Høje-Taastrup Kommune,Nej,Nej
kommunalvalg,A. Socialdemokratiet,"Peter Fallesen, Vejen",0,Vejen Kommune,Nej,Nej
kommunalvalg,A. Socialdemokratiet,"Peter G. Hansen, Skørping",660,Rebild Kommune,Nej,Nej
kommunalvalg,A. Socialdemokratiet,"Peter Graarup Westergaard, Ugelbølle",135,Syddjurs Kommune,Nej,Nej
kommunalvalg,A. Socialdemokratiet,Peter Hahn,0,Skive Kommune,Nej,Nej
kommunalvalg,A. Socialdemokratiet,Peter Hansted,696,Ærø Kommune,Nej,Nej
kommunalvalg,A. Socialdemokratiet,"Peter Haugaard Ørsted, Nykøbing Sj.",0,Odsherred Kommune,Nej,Nej
kommunalvalg,A. Socialdemokratiet,Peter Hoffmann Nielsen,0,Tårnby Kommune,Nej,Nej
kommunalvalg,A. Socialdemokratiet,Peter Isaksen,0,Odense Kommune,Nej,Nej
kommunalvalg,A. Socialdemokratiet,Peter Laigaard,0,Frederikshavn Kommune,Nej,Nej
kommunalvalg,A. Socialdemokratiet,Peter Nellemann,0,Randers Kommune,Nej,Nej
kommunalvalg,A. Socialdemokratiet,Peter Nielsen,87,Morsø Kommune,Nej,Nej
kommunalvalg,A. Socialdemokratiet,Peter Poulsen,0,Helsingør Kommune,Nej,Nej
kommunalvalg,A. Socialdemokratiet,Peter Rahbæk Juel,0,Odense Kommune,Nej,Nej
kommunalvalg,A. Socialdemokratiet,"Peter Ravn, Ebeltoft",284,Syddjurs Kommune,Nej,Nej
kommunalvalg,A. Socialdemokratiet,"Peter Risbro Brix, Glamsbjerg",0,Assens Kommune,Nej,Nej
kommunalvalg,A. Socialdemokratiet,Peter Schou,0,Ballerup Kommune,Nej,Nej
kommunalvalg,A. Socialdemokratiet,"Peter Skriver Nielsen, Hurup Thy",0,Thisted Kommune,Nej,Nej
kommunalvalg,A. Socialdemokratiet,Peter Spliid,0,Vallensbæk Kommune,Nej,Nej
kommunalvalg,A. Socialdemokratiet,Peter Svendsen,125,Gentofte Kommune,Nej,Nej
kommunalvalg,A. Socialdemokratiet,"Peter Sørensen, Egebjerg",0,Horsens Kommune,Nej,Nej
kommunalvalg,A. Socialdemokratiet,Peter Thyregod,30,Morsø Kommune,Nej,Nej
kommunalvalg,A. Socialdemokratiet,Peter Truels Wulff,126,Faxe Kommune,Nej,Nej
kommunalvalg,A. Socialdemokratiet,"Peter Uno Andersen, Thisted",0,Thisted Kommune,Nej,Nej
kommunalvalg,A. Socialdemokratiet,Pia Brøchner Jensen,0,Lemvig Kommune,Nej,Nej
kommunalvalg,A. Socialdemokratiet,Pia Dam,0,Svendborg Kommune,Nej,Nej
kommunalvalg,A. Socialdemokratiet,Pia Daulov Sandholt,8,Dragør Kommune,Nej,Nej
kommunalvalg,A. Socialdemokratiet,Pia Foght,0,Gribskov Kommune,Nej,Nej
kommunalvalg,A. Socialdemokratiet,Pia Hess Larsen,414,Rødovre Kommune,Nej,Nej
kommunalvalg,A. Socialdemokratiet,Pia Kofoed,0,Brøndby Kommune,Nej,Nej
kommunalvalg,A. Socialdemokratiet,Pia Moldt,0,Randers Kommune,Nej,Nej
kommunalvalg,A. Socialdemokratiet,"Pia Risgård, Aars",134,Vesthimmerlands Kommune,Nej,Nej
kommunalvalg,A. Socialdemokratiet,Pia Storm,232,Morsø Kommune,Nej,Nej
kommunalvalg,A. Socialdemokratiet,Pia Voel,88,Dragør Kommune,Nej,Nej
kommunalvalg,A. Socialdemokratiet,"Piratheep Rabindranath, Østerhåb",0,Horsens Kommune,Nej,Nej
kommunalvalg,A. Socialdemokratiet,"Poul Arne Nielsen, Ryslinge",0,Faaborg-Midtfyn Kommune,Nej,Nej
kommunalvalg,A. Socialdemokratiet,Poul Erik Jensen,375,Kolding Kommune,Nej,Nej
kommunalvalg,A. Socialdemokratiet,Poul Erik Knudsen,0,Nyborg Kommune,Nej,Nej
kommunalvalg,A. Socialdemokratiet,Poul Kristensen,152,Morsø Kommune,Nej,Nej
kommunalvalg,A. Socialdemokratiet,"Poul Kristensen, Kværndrup",0,Faaborg-Midtfyn Kommune,Nej,Nej
kommunalvalg,A. Socialdemokratiet,"Poul Ricard Christensen, Hvalsø",0,Lejre Kommune,Nej,Nej
kommunalvalg,A. Socialdemokratiet,"Preben Holler, Klitmøller",0,Thisted Kommune,Nej,Nej
kommunalvalg,A. Socialdemokratiet,"Preben Skiby Poulsen, Midtbyen",0,Horsens Kommune,Nej,Nej
kommunalvalg,A. Socialdemokratiet,"Preben Storm, Rinkenæs",0,Sønderborg Kommune,Nej,Nej
kommunalvalg,A. Socialdemokratiet,Rafael Andrasescu,0,Randers Kommune,Nej,Nej
kommunalvalg,A. Socialdemokratiet,"Ralf B. Hansen, Rødvig",0,Stevns Kommune,Nej,Nej
kommunalvalg,A. Socialdemokratiet,"Ramalingam Sivalingam, Holstebro",0,Holstebro Kommune,Nej,Nej
kommunalvalg,A. Socialdemokratiet,Rashid Kestey,0,Albertslund Kommune,Nej,Nej
kommunalvalg,A. Socialdemokratiet,Rasmus Edelberg,0,Frederiksberg Kommune,Nej,Nej
kommunalvalg,A. Socialdemokratiet,Rasmus Haagensen,0,Kalundborg Kommune,Nej,Nej
kommunalvalg,A. Socialdemokratiet,"Rasmus Kammer Påskesen, Karup",38,Viborg Kommune,Nej,Nej
kommunalvalg,A. Socialdemokratiet,Rasmus Oxfeldt Larsen,0,Vordingborg Kommune,Nej,Nej
kommunalvalg,A. Socialdemokratiet,"Rasmus Rask, Haverslev",94,Rebild Kommune,Nej,Nej
kommunalvalg,A. Socialdemokratiet,"Rasmus Rasmussen, Østerbyen, Esbjerg",0,Esbjerg Kommune,Nej,Nej
kommunalvalg,A. Socialdemokratiet,Rasmus Ryrberg Høyer,0,Odense Kommune,Nej,Nej
kommunalvalg,A. Socialdemokratiet,Rasmus Schjødt Kold,0,Svendborg Kommune,Nej,Nej
kommunalvalg,A. Socialdemokratiet,Rasmus Toftholm,0,Københavns Kommune,Nej,Nej
kommunalvalg,A. Socialdemokratiet,Raul Puf,0,Slagelse Kommune,Nej,Nej
kommunalvalg,A. Socialdemokratiet,"René Bak Høg, Greve",0,Greve Kommune,Nej,Nej
kommunalvalg,A. Socialdemokratiet,"René Brinch Petersen, Ringe",0,Faaborg-Midtfyn Kommune,Nej,Nej
kommunalvalg,A. Socialdemokratiet,René Hansen,0,Halsnæs Kommune,Nej,Nej
kommunalvalg,A. Socialdemokratiet,René Larsen,557,Langeland Kommune,Nej,Nej
kommunalvalg,A. Socialdemokratiet,René Løfqvist,0,Albertslund Kommune,Nej,Nej
kommunalvalg,A. Socialdemokratiet,René Tutak,55,Faxe Kommune,Nej,Nej
kommunalvalg,A. Socialdemokratiet,"René Vejby Kierch, Roskilde",0,Roskilde Kommune,Nej,Nej
kommunalvalg,A. Socialdemokratiet,Richard O'Dwyer,0,Helsingør Kommune,Nej,Nej
kommunalvalg,A. Socialdemokratiet,"Rikke Flebbe, Rødekro",0,Aabenraa Kommune,Nej,Nej
kommunalvalg,A. Socialdemokratiet,"Rikke Fonnesbæk, Als",266,Mariagerfjord Kommune,Nej,Nej
kommunalvalg,A. Socialdemokratiet,Rikke Lock,0,Odense Kommune,Nej,Nej
kommunalvalg,A. Socialdemokratiet,Rikke Louise Schilling,0,Gladsaxe Kommune,Nej,Nej
kommunalvalg,A. Socialdemokratiet,Rikke Randrup Skåning,346,Favrskov Kommune,Nej,Nej
kommunalvalg,A. Socialdemokratiet,"Rikke Zwisler Grøndal, Hvalsø",0,Lejre Kommune,Nej,Nej
kommunalvalg,A. Socialdemokratiet,"Robert Gerken, Holbæk",0,Holbæk Kommune,Nej,Nej
kommunalvalg,A. Socialdemokratiet,Robert V. Rasmussen,0,Samsø Kommune,Nej,Nej
kommunalvalg,A. Socialdemokratiet,Robin Ringvig Larsen,0,Kalundborg Kommune,Nej,Nej
kommunalvalg,A. Socialdemokratiet,Romante Karbauskiene,0,Ringkøbing-Skjern Kommune,Nej,Nej
kommunalvalg,A. Socialdemokratiet,Ronnie Efland,0,Ishøj Kommune,Nej,Nej
kommunalvalg,A. Socialdemokratiet,Rosa Sulaiman,0,Aalborg Kommune,Nej,Nej
kommunalvalg,A. Socialdemokratiet,Rukhsana Ali,0,Albertslund Kommune,Nej,Nej
kommunalvalg,A. Socialdemokratiet,"Rune Dohrmann, Vollerup",0,Sønderborg Kommune,Nej,Nej
kommunalvalg,A. Socialdemokratiet,"Rune Kristensen, Silkeborg",0,Silkeborg Kommune,Nej,Nej
kommunalvalg,A. Socialdemokratiet,Rune Rummel,0,Frederiksberg Kommune,Nej,Nej
kommunalvalg,A. Socialdemokratiet,Rune Skovbjerg Krog,0,Brøndby Kommune,Nej,Nej
kommunalvalg,A. Socialdemokratiet,Ruth Josiassen,0,Kalundborg Kommune,Nej,Nej
kommunalvalg,A. Socialdemokratiet,Sabine Dedlow Steffensen,0,Furesø Kommune,Nej,Nej
kommunalvalg,A. Socialdemokratiet,"Sabrina Håkonsson, Nykøbing F.",0,Guldborgsund Kommune,Nej,Nej
kommunalvalg,A. Socialdemokratiet,Sadik Zeki Topcu,0,Ringsted Kommune,Nej,Nej
kommunalvalg,A. Socialdemokratiet,"Saliem H. Bader, Østbyen",0,Horsens Kommune,Nej,Nej
kommunalvalg,A. Socialdemokratiet,"Samir Salameh, Roskilde",0,Roskilde Kommune,Nej,Nej
kommunalvalg,A. Socialdemokratiet,Samuel Sølling,150,Sorø Kommune,Nej,Nej
kommunalvalg,A. Socialdemokratiet,"Sandie Eis Ravn, Varde",0,Varde Kommune,Nej,Nej
kommunalvalg,A. Socialdemokratiet,"Sandra Malene Madsen, Aabenraa",0,Aabenraa Kommune,Nej,Nej
kommunalvalg,A. Socialdemokratiet,"Sanne Damsgaard, Greve",0,Greve Kommune,Nej,Nej
kommunalvalg,A. Socialdemokratiet,Sanne Johansen,0,Frederikssund Kommune,Nej,Nej
kommunalvalg,A. Socialdemokratiet,Sanne Nygaard Petersen,0,Haderslev Kommune,Nej,Nej
kommunalvalg,A. Socialdemokratiet,"Santha Thiruchelvam, Rødekro",0,Aabenraa Kommune,Nej,Nej
kommunalvalg,A. Socialdemokratiet,Sara Stubgaard-Schmidt,0,Middelfart Kommune,Nej,Nej
kommunalvalg,A. Socialdemokratiet,Sarah Lindemann Thøgersen,0,Halsnæs Kommune,Nej,Nej
kommunalvalg,A. Socialdemokratiet,"Sarah Lykke, Humlebæk",404,Fredensborg Kommune,Nej,Nej
kommunalvalg,A. Socialdemokratiet,Sebastian Ribergaard Juul,43,Odder Kommune,Nej,Nej
kommunalvalg,A. Socialdemokratiet,Senol Kahraman,0,Frederikssund Kommune,Nej,Nej
kommunalvalg,A. Socialdemokratiet,Serdar Temizsoy,0,Glostrup Kommune,Nej,Nej
kommunalvalg,A. Socialdemokratiet,"Sheldon Mau, Veksø",0,Egedal Kommune,Nej,Nej
kommunalvalg,A. Socialdemokratiet,"Sidse G. Vangsted, Pindstrup",278,Syddjurs Kommune,Nej,Nej
kommunalvalg,A. Socialdemokratiet,"Sif Thomsen, Holbæk",0,Holbæk Kommune,Nej,Nej
kommunalvalg,A. Socialdemokratiet,"Signe Bekker Dhiman, Aabenraa",0,Aabenraa Kommune,Nej,Nej
kommunalvalg,A. Socialdemokratiet,"Signe Goldmann, Nr. Asmindrup",0,Odsherred Kommune,Nej,Nej
kommunalvalg,A. Socialdemokratiet,Signe Hagel Andersen,0,Albertslund Kommune,Nej,Nej
kommunalvalg,A. Socialdemokratiet,"Signe Jackson, Nr. Søby",0,Faaborg-Midtfyn Kommune,Nej,Nej
kommunalvalg,A. Socialdemokratiet,"Signe Jørgensen, Ribe",0,Esbjerg Kommune,Nej,Nej
kommunalvalg,A. Socialdemokratiet,"Signe Kaulberg, Roskilde",0,Roskilde Kommune,Nej,Nej
kommunalvalg,A. Socialdemokratiet,Silas Drejer,0,Helsingør Kommune,Nej,Nej
kommunalvalg,A. Socialdemokratiet,Sille Abazi,0,Herlev Kommune,Nej,Nej
kommunalvalg,A. Socialdemokratiet,"Simon Hansen, Nykøbing F.",0,Guldborgsund Kommune,Nej,Nej
kommunalvalg,A. Socialdemokratiet,Simon Pihl Sørensen,0,Lyngby-Taarbæk Kommune,Nej,Nej
kommunalvalg,A. Socialdemokratiet,"Simon Skals, Gødvad",0,Silkeborg Kommune,Nej,Nej
kommunalvalg,A. Socialdemokratiet,Sine Heltberg,0,Frederiksberg Kommune,Nej,Nej
kommunalvalg,A. Socialdemokratiet,Sine Reffstrup,0,Ringsted Kommune,Nej,Nej
kommunalvalg,A. Socialdemokratiet,Sofia Sørensen,0,Glostrup Kommune,Nej,Nej
kommunalvalg,A. Socialdemokratiet,Sofie Dong Moreno,0,Odense Kommune,Nej,Nej
kommunalvalg,A. Socialdemokratiet,Sofie Janning,0,Slagelse Kommune,Nej,Nej
kommunalvalg,A. Socialdemokratiet,Sofie Kümpel,0,Frederiksberg Kommune,Nej,Nej
kommunalvalg,A. Socialdemokratiet,"Sofie Milword, Nivå",150,Fredensborg Kommune,Nej,Nej
kommunalvalg,A. Socialdemokratiet,"Steen Aarup Thomsen, Støvring",89,Rebild Kommune,Nej,Nej
kommunalvalg,A. Socialdemokratiet,Steen Andersen,159,Faxe Kommune,Nej,Nej
kommunalvalg,A. Socialdemokratiet,"Steen Christensen, Løsning",0,Hedensted Kommune,Nej,Nej
kommunalvalg,A. Socialdemokratiet,Steen Christiansen,0,Albertslund Kommune,Nej,Nej
kommunalvalg,A. Socialdemokratiet,Steen Dahlstrøm,0,Middelfart Kommune,Nej,Nej
kommunalvalg,A. Socialdemokratiet,Steen Hansen,61,Nordfyns Kommune,Nej,Nej
kommunalvalg,A. Socialdemokratiet,Steen Ingemann Hansen,56,Nordfyns Kommune,Nej,Nej
kommunalvalg,A. Socialdemokratiet,"Steen Klink, Jyderup",0,Holbæk Kommune,Nej,Nej
kommunalvalg,A. Socialdemokratiet,Steen Madsen,0,Lemvig Kommune,Nej,Nej
kommunalvalg,A. Socialdemokratiet,Steen Mikkelsen,0,Halsnæs Kommune,Nej,Nej
kommunalvalg,A. Socialdemokratiet,"Steen S. Hansen, Hårlev",0,Stevns Kommune,Nej,Nej
kommunalvalg,A. Socialdemokratiet,Steen Thomasen,135,Favrskov Kommune,Nej,Nej
kommunalvalg,A. Socialdemokratiet,Stefan Bruun Rasmussen,0,Herlev Kommune,Nej,Nej
kommunalvalg,A. Socialdemokratiet,"Stefan la Fata, Nykøbing F.",0,Guldborgsund Kommune,Nej,Nej
kommunalvalg,A. Socialdemokratiet,"Stefan Ørsted Petersen, Taastrup",0,Høje-Taastrup Kommune,Nej,Nej
kommunalvalg,A. Socialdemokratiet,Steffen Goldschmidt,0,Gribskov Kommune,Nej,Nej
kommunalvalg,A. Socialdemokratiet,Steffen Jensen,0,Halsnæs Kommune,Nej,Nej
kommunalvalg,A. Socialdemokratiet,"Steffen Jensen, Sdr. Nærå",0,Faaborg-Midtfyn Kommune,Nej,Nej
kommunalvalg,A. Socialdemokratiet,"Steffen Larsen, Hedehusene",0,Høje-Taastrup Kommune,Nej,Nej
kommunalvalg,A. Socialdemokratiet,Steffen Rasmussen,0,Lolland Kommune,Nej,Nej
kommunalvalg,A. Socialdemokratiet,"Steffen Skifter, Mols",115,Syddjurs Kommune,Nej,Nej
kommunalvalg,A. Socialdemokratiet,Steffen Sørensen,0,Frederikshavn Kommune,Nej,Nej
kommunalvalg,A. Socialdemokratiet,Steffen Wich,0,Aarhus Kommune,Nej,Nej
kommunalvalg,A. Socialdemokratiet,Stephanie Winther Jones,98,Næstved Kommune,Nej,Nej
kommunalvalg,A. Socialdemokratiet,Steven de Oliveira Schumann,0,Glostrup Kommune,Nej,Nej
kommunalvalg,A. Socialdemokratiet,Stig Ekman,0,Københavns Kommune,Nej,Nej
kommunalvalg,A. Socialdemokratiet,Stig Lodberg,0,Bornholms Regionskommune,Nej,Nej
kommunalvalg,A. Socialdemokratiet,Stig Theede,0,Slagelse Kommune,Nej,Nej
kommunalvalg,A. Socialdemokratiet,"Stina Højgaard, Greve",0,Greve Kommune,Nej,Nej
kommunalvalg,A. Socialdemokratiet,Stine Falk Eiby,0,Randers Kommune,Nej,Nej
kommunalvalg,A. Socialdemokratiet,Stoil Zaylov,0,Randers Kommune,Nej,Nej
kommunalvalg,A. Socialdemokratiet,Summer Juul Andersen,0,Lolland Kommune,Nej,Nej
kommunalvalg,A. Socialdemokratiet,"Susan Gyldenkilde, Midtbyen",0,Horsens Kommune,Nej,Nej
kommunalvalg,A. Socialdemokratiet,"Susan Mette Bjerg Lauridsen, Nordby",1,Fanø Kommune,Nej,Nej
kommunalvalg,A. Socialdemokratiet,Susanne Bettina Jørgensen,0,Frederikssund Kommune,Nej,Nej
kommunalvalg,A. Socialdemokratiet,Susanne Due Kristensen,309,Hillerød Kommune,Nej,Nej
kommunalvalg,A. Socialdemokratiet,Susanne Hulkvist,0,Brøndby Kommune,Nej,Nej
kommunalvalg,A. Socialdemokratiet,Susanne Nørlund Munk,0,Frederiksberg Kommune,Nej,Nej
kommunalvalg,A. Socialdemokratiet,"Susanne Olander, Vorupør",0,Thisted Kommune,Nej,Nej
kommunalvalg,A. Socialdemokratiet,"Susanne Utoft, Svinninge",0,Holbæk Kommune,Nej,Nej
kommunalvalg,A. Socialdemokratiet,Susanne Voldfrom,0,Vallensbæk Kommune,Nej,Nej
kommunalvalg,A. Socialdemokratiet,Susi H. Bolander,0,Aalborg Kommune,Nej,Nej
kommunalvalg,A. Socialdemokratiet,Sussy Sara Hasle Hansen,0,Furesø Kommune,Nej,Nej
kommunalvalg,A. Socialdemokratiet,"Suzan Daoud, Kokkedal",275,Fredensborg Kommune,Nej,Nej
kommunalvalg,A. Socialdemokratiet,Sven Bertelsen,605,Hjørring Kommune,Nej,Nej
kommunalvalg,A. Socialdemokratiet,"Svend Astrup, Kolind",85,Syddjurs Kommune,Nej,Nej
kommunalvalg,A. Socialdemokratiet,Svend Erik Christiansen,0,Hørsholm Kommune,Nej,Nej
kommunalvalg,A. Socialdemokratiet,"Svend Erik Jensen, Thisted",0,Thisted Kommune,Nej,Nej
kommunalvalg,A. Socialdemokratiet,"Svend Thue Damgaard, Kjellerup",0,Silkeborg Kommune,Nej,Nej
kommunalvalg,A. Socialdemokratiet,Svend-Erik Jakobsen,0,Ringsted Kommune,Nej,Nej
kommunalvalg,A. Socialdemokratiet,"Svenn Thunø, Holbæk",0,Holbæk Kommune,Nej,Nej
kommunalvalg,A. Socialdemokratiet,Svitlana Colding,11,Nordfyns Kommune,Nej,Nej
kommunalvalg,A. Socialdemokratiet,Syed Aejaz Haider Bukhari,0,Brøndby Kommune,Nej,Nej
kommunalvalg,A. Socialdemokratiet,Sønnik Norup Olesen,0,Haderslev Kommune,Nej,Nej
kommunalvalg,A. Socialdemokratiet,Søren Dahlstrøm,0,Frederiksberg Kommune,Nej,Nej
kommunalvalg,A. Socialdemokratiet,Søren Enemark,0,Glostrup Kommune,Nej,Nej
kommunalvalg,A. Socialdemokratiet,Søren Gade,193,Favrskov Kommune,Nej,Nej
kommunalvalg,A. Socialdemokratiet,Søren Grønlund Christensen,47,Odder Kommune,Nej,Nej
kommunalvalg,A. Socialdemokratiet,Søren Hallum-Andersen,0,Tårnby Kommune,Nej,Nej
kommunalvalg,A. Socialdemokratiet,Søren Kongegaard,0,Svendborg Kommune,Nej,Nej
kommunalvalg,A. Socialdemokratiet,Søren Kristensen,29,Hillerød Kommune,Nej,Nej
kommunalvalg,A. Socialdemokratiet,Søren Kusk,0,Aalborg Kommune,Nej,Nej
kommunalvalg,A. Socialdemokratiet,"Søren Løfwall-Thorslund, Ejby",0,Lejre Kommune,Nej,Nej
kommunalvalg,A. Socialdemokratiet,Søren Peschardt,0,Vejle Kommune,Nej,Nej
kommunalvalg,A. Socialdemokratiet,"Søren Rye, Birkerød",0,Rudersdal Kommune,Nej,Nej
kommunalvalg,A. Socialdemokratiet,"Søs Philipsen, Ikast",586,Ikast-Brande Kommune,Nej,Nej
kommunalvalg,A. Socialdemokratiet,"Tanja Bachmann Hansen, Jels",0,Vejen Kommune,Nej,Nej
kommunalvalg,A. Socialdemokratiet,"Tanja Kromann, Gislev",0,Faaborg-Midtfyn Kommune,Nej,Nej
kommunalvalg,A. Socialdemokratiet,"Tanja Vestergaard Skøtt, Skodborg",0,Vejen Kommune,Nej,Nej
kommunalvalg,A. Socialdemokratiet,Tao Lytzen,76,Hjørring Kommune,Nej,Nej
kommunalvalg,A. Socialdemokratiet,Tayo Lill Andreasen,0,Aarhus Kommune,Nej,Nej
kommunalvalg,A. Socialdemokratiet,Teis Bo Rasmussen,0,Herlev Kommune,Nej,Nej
kommunalvalg,A. Socialdemokratiet,Terkel Kragh Leth,62,Rødovre Kommune,Nej,Nej
kommunalvalg,A. Socialdemokratiet,"Tharjan Jeyananthan, Holbæk",0,Holbæk Kommune,Nej,Nej
kommunalvalg,A. Socialdemokratiet,"Theis Kylling Hommeltoft, Aabenraa",0,Aabenraa Kommune,Nej,Nej
kommunalvalg,A. Socialdemokratiet,Theodore Gbouable,0,Allerød Kommune,Nej,Nej
kommunalvalg,A. Socialdemokratiet,Thomas  Østergaard,0,Lolland Kommune,Nej,Nej
kommunalvalg,A. Socialdemokratiet,Thomas Arentoft Hinsby,0,Tårnby Kommune,Nej,Nej
kommunalvalg,A. Socialdemokratiet,"Thomas Bach Jacobsen, Støvring",21,Rebild Kommune,Nej,Nej
kommunalvalg,A. Socialdemokratiet,"Thomas Bach Jørgensen, Viby",0,Roskilde Kommune,Nej,Nej
kommunalvalg,A. Socialdemokratiet,"Thomas Bak, Taastrup",0,Høje-Taastrup Kommune,Nej,Nej
kommunalvalg,A. Socialdemokratiet,Thomas Brücker,202,Hillerød Kommune,Nej,Nej
kommunalvalg,A. Socialdemokratiet,Thomas Ellegaard,90,Gentofte Kommune,Nej,Nej
kommunalvalg,A. Socialdemokratiet,Thomas Frank,0,Frederiksberg Kommune,Nej,Nej
kommunalvalg,A. Socialdemokratiet,Thomas Hjalmar,0,Helsingør Kommune,Nej,Nej
kommunalvalg,A. Socialdemokratiet,Thomas Hjorth Rasmussen,0,Ishøj Kommune,Nej,Nej
kommunalvalg,A. Socialdemokratiet,Thomas Horn,0,Helsingør Kommune,Nej,Nej
kommunalvalg,A. Socialdemokratiet,Thomas Klimek,1053,Hjørring Kommune,Nej,Nej
kommunalvalg,A. Socialdemokratiet,Thomas Lauritzen,0,Samsø Kommune,Nej,Nej
kommunalvalg,A. Socialdemokratiet,"Thomas Les Rasmussen, Nærum",0,Rudersdal Kommune,Nej,Nej
kommunalvalg,A. Socialdemokratiet,"Thomas Lykke Pedersen, Humlebæk",1895,Fredensborg Kommune,Nej,Nej
kommunalvalg,A. Socialdemokratiet,Thomas Seiger Behrens,0,Herlev Kommune,Nej,Nej
kommunalvalg,A. Socialdemokratiet,Thomas Vester Clausen,0,Haderslev Kommune,Nej,Nej
kommunalvalg,A. Socialdemokratiet,"Thomas Walther-Johansen, Løjt Kirkeby",0,Aabenraa Kommune,Nej,Nej
kommunalvalg,A. Socialdemokratiet,"Thor Højland Mathiesen, Regstrup",0,Holbæk Kommune,Nej,Nej
kommunalvalg,A. Socialdemokratiet,Thor Temte,30,Næstved Kommune,Nej,Nej
kommunalvalg,A. Socialdemokratiet,"Thøger Elmelund Kristensen, Øster Hornum",166,Rebild Kommune,Nej,Nej
kommunalvalg,A. Socialdemokratiet,"Tim Christensen, Strøby Egede",0,Stevns Kommune,Nej,Nej
kommunalvalg,A. Socialdemokratiet,Tim Jensen,254,Hjørring Kommune,Nej,Nej
kommunalvalg,A. Socialdemokratiet,Tim Meicker,89,Dragør Kommune,Nej,Nej
kommunalvalg,A. Socialdemokratiet,Tim Vermund Andersen,0,Odense Kommune,Nej,Nej
kommunalvalg,A. Socialdemokratiet,Tina Beck-Nilsson,0,Kalundborg Kommune,Nej,Nej
kommunalvalg,A. Socialdemokratiet,Tina Kornelia Dyrbye,0,Svendborg Kommune,Nej,Nej
kommunalvalg,A. Socialdemokratiet,"Tina Rottbøll, Hundige",0,Greve Kommune,Nej,Nej
kommunalvalg,A. Socialdemokratiet,Tina Tving Stauning,0,Frederikssund Kommune,Nej,Nej
kommunalvalg,A. Socialdemokratiet,Tine Johnsen,49,Faxe Kommune,Nej,Nej
kommunalvalg,A. Socialdemokratiet,Tobias Bøgeskov,0,Aalborg Kommune,Nej,Nej
kommunalvalg,A. Socialdemokratiet,"Tom Hartvig Nielsen, Fynshav",0,Sønderborg Kommune,Nej,Nej
kommunalvalg,A. Socialdemokratiet,Tom Vang Knudsen,0,Gladsaxe Kommune,Nej,Nej
kommunalvalg,A. Socialdemokratiet,"Tomas Breddam, Roskilde",0,Roskilde Kommune,Nej,Nej
kommunalvalg,A. Socialdemokratiet,"Tommas Leth, Stilling-Gram",0,Skanderborg Kommune,Nej,Nej
kommunalvalg,A. Socialdemokratiet,Tommy Frøslev,0,Halsnæs Kommune,Nej,Nej
kommunalvalg,A. Socialdemokratiet,"Tommy Tønning, Aulum",0,Herning Kommune,Nej,Nej
kommunalvalg,A. Socialdemokratiet,Tonny Hulvej,60,Hillerød Kommune,Nej,Nej
kommunalvalg,A. Socialdemokratiet,Tonny Nalepa Jensen,0,Gribskov Kommune,Nej,Nej
kommunalvalg,A. Socialdemokratiet,Tonny Ploug,53,Næstved Kommune,Nej,Nej
kommunalvalg,A. Socialdemokratiet,Torben Frost,0,Svendborg Kommune,Nej,Nej
kommunalvalg,A. Socialdemokratiet,"Torben Gregersen, Rask Mølle",0,Hedensted Kommune,Nej,Nej
kommunalvalg,A. Socialdemokratiet,Torben Hansen,0,Randers Kommune,Nej,Nej
kommunalvalg,A. Socialdemokratiet,Torben Jensen,0,Svendborg Kommune,Nej,Nej
kommunalvalg,A. Socialdemokratiet,Torben Klitmøller Hollmann,0,Lolland Kommune,Nej,Nej
kommunalvalg,A. Socialdemokratiet,Torben Madsen,208,Odder Kommune,Nej,Nej
kommunalvalg,A. Socialdemokratiet,"Torben Ringe Christensen, Hobro",585,Mariagerfjord Kommune,Nej,Nej
kommunalvalg,A. Socialdemokratiet,Torben Schiermer,0,Vejle Kommune,Nej,Nej
kommunalvalg,A. Socialdemokratiet,Torben Struck,0,Tønder Kommune,Nej,Nej
kommunalvalg,A. Socialdemokratiet,"Trine Blaabjerg, Hobro",414,Mariagerfjord Kommune,Nej,Nej
kommunalvalg,A. Socialdemokratiet,"Trine Frengler, Herskind",0,Skanderborg Kommune,Nej,Nej
kommunalvalg,A. Socialdemokratiet,Trine Græse,0,Gladsaxe Kommune,Nej,Nej
kommunalvalg,A. Socialdemokratiet,Trine Nielsen,81,Morsø Kommune,Nej,Nej
kommunalvalg,A. Socialdemokratiet,"Troels Thylstrup, Herning",0,Herning Kommune,Nej,Nej
kommunalvalg,A. Socialdemokratiet,"Troels Toft, Roskilde",0,Roskilde Kommune,Nej,Nej
kommunalvalg,A. Socialdemokratiet,"Tuncay Yilmaz, Roskilde",0,Roskilde Kommune,Nej,Nej
kommunalvalg,A. Socialdemokratiet,"Turan Savas, Fredericia - Vest",0,Fredericia Kommune,Nej,Nej
kommunalvalg,A. Socialdemokratiet,"Ulla Koman, Bramming",0,Esbjerg Kommune,Nej,Nej
kommunalvalg,A. Socialdemokratiet,Ulla Krag,0,Københavns Kommune,Nej,Nej
kommunalvalg,A. Socialdemokratiet,Ulla Nielsen,0,Albertslund Kommune,Nej,Nej
kommunalvalg,A. Socialdemokratiet,Ulla Sørensen,0,Middelfart Kommune,Nej,Nej
kommunalvalg,A. Socialdemokratiet,"Ulla Vestergaard, Thisted",0,Thisted Kommune,Nej,Nej
kommunalvalg,A. Socialdemokratiet,"Ulrick Christiansen, Sønderborg",0,Sønderborg Kommune,Nej,Nej
kommunalvalg,A. Socialdemokratiet,Ulrik Gutt-Nielsen,0,Gladsaxe Kommune,Nej,Nej
kommunalvalg,A. Socialdemokratiet,Unnie L. B. Oldenburg,0,Slagelse Kommune,Nej,Nej
kommunalvalg,A. Socialdemokratiet,Vagn Kidmose,39,Morsø Kommune,Nej,Nej
kommunalvalg,A. Socialdemokratiet,Vagn Majland,0,Hvidovre Kommune,Nej,Nej
kommunalvalg,A. Socialdemokratiet,Valentin Andersen,0,Ringsted Kommune,Nej,Nej
kommunalvalg,A. Socialdemokratiet,Valentin Vorobat,0,Skive Kommune,Nej,Nej
kommunalvalg,A. Socialdemokratiet,"Verner Boje Madsen, Askov",0,Vejen Kommune,Nej,Nej
kommunalvalg,A. Socialdemokratiet,"Vibe Dyhrberg, Erritsø",0,Fredericia Kommune,Nej,Nej
kommunalvalg,A. Socialdemokratiet,Vibeke Ejlertsen,0,Nyborg Kommune,Nej,Nej
kommunalvalg,A. Socialdemokratiet,Vibeke Grave,0,Lolland Kommune,Nej,Nej
kommunalvalg,A. Socialdemokratiet,"Vibeke Hvidsten, Hvalpsund",67,Vesthimmerlands Kommune,Nej,Nej
kommunalvalg,A. Socialdemokratiet,Vibeke Højbjerg,0,Allerød Kommune,Nej,Nej
kommunalvalg,A. Socialdemokratiet,"Vibeke Kjøng Østergaard, Herfølge",0,Køge Kommune,Nej,Nej
kommunalvalg,A. Socialdemokratiet,Vibeke Westh,0,Frederiksberg Kommune,Nej,Nej
kommunalvalg,A. Socialdemokratiet,"Vichy Løvskjold, Strøby Egede",0,Stevns Kommune,Nej,Nej
kommunalvalg,A. Socialdemokratiet,"Vicky Holst Rasmussen, Ølstykke",0,Egedal Kommune,Nej,Nej
kommunalvalg,A. Socialdemokratiet,"Victor Grauballe Arvad, Regstrup",0,Holbæk Kommune,Nej,Nej
kommunalvalg,A. Socialdemokratiet,Victoria Davidsen,321,Kolding Kommune,Nej,Nej
kommunalvalg,A. Socialdemokratiet,"Villy Thomsen, Skovsgård",0,Jammerbugt Kommune,Nej,Nej
kommunalvalg,A. Socialdemokratiet,"Vinnie Borbjerg, Kibæk",0,Herning Kommune,Nej,Nej
kommunalvalg,A. Socialdemokratiet,Vivi Wøldike,109,Hillerød Kommune,Nej,Nej
kommunalvalg,A. Socialdemokratiet,Waqar Ahmed,0,Glostrup Kommune,Nej,Nej
kommunalvalg,A. Socialdemokratiet,William Heide,0,Odense Kommune,Nej,Nej
kommunalvalg,A. Socialdemokratiet,"Winnie Nielsen, Kølvrå",268,Viborg Kommune,Nej,Nej
kommunalvalg,A. Socialdemokratiet,"Yakup Pelit, Køge",0,Køge Kommune,Nej,Nej
kommunalvalg,A. Socialdemokratiet,Yasir Iqbal,0,Hvidovre Kommune,Nej,Nej
kommunalvalg,A. Socialdemokratiet,Yasser Rady,0,Vejle Kommune,Nej,Nej
kommunalvalg,A. Socialdemokratiet,"Yavuz Sari, Nykøbing F.",0,Guldborgsund Kommune,Nej,Nej
kommunalvalg,A. Socialdemokratiet,Yildiz Akdogan,0,Københavns Kommune,Nej,Nej
kommunalvalg,A. Socialdemokratiet,Zaklina Delalic,0,Glostrup Kommune,Nej,Nej
kommunalvalg,A. Socialdemokratiet,Åsbjørn F. Kjærbo,0,Randers Kommune,Nej,Nej
kommunalvalg,A. Socialdemokratiet,Özcan Kizilkaya,0,Ballerup Kommune,Nej,Nej
kommunalvalg,B. Det Radikale Venstre,Bjarne Lastein,0,Vejen Kommune,Nej,Nej
kommunalvalg,B. Det Radikale Venstre,Listestemmer,0,Vejen Kommune,Nej,Nej
kommunalvalg,B. Radikale Venstre,Agata Slewa,0,Tårnby Kommune,Nej,Nej
kommunalvalg,B. Radikale Venstre,Agnes Haugaard,6,Ærø Kommune,Nej,Nej
kommunalvalg,B. Radikale Venstre,"Agnete Fog, Tranekær",68,Langeland Kommune,Nej,Nej
kommunalvalg,B. Radikale Venstre,"Alexander Brusgaard, Vissenbjerg",0,Assens Kommune,Nej,Nej
kommunalvalg,B. Radikale Venstre,"Alexander Frost Nørfelt, Skejby",0,Aarhus Kommune,Nej,Nej
kommunalvalg,B. Radikale Venstre,Ali Güvercin,0,Ishøj Kommune,Nej,Nej
kommunalvalg,B. Radikale Venstre,"Alia Chapook, Højbjerg",0,Aarhus Kommune,Nej,Nej
kommunalvalg,B. Radikale Venstre,Alina Protsyk,0,Københavns Kommune,Nej,Nej
kommunalvalg,B. Radikale Venstre,"Allan Haslund, Asnæs",0,Odsherred Kommune,Nej,Nej
kommunalvalg,B. Radikale Venstre,Allan Nyhus,0,Københavns Kommune,Nej,Nej
kommunalvalg,B. Radikale Venstre,Allan Østergaard,0,Svendborg Kommune,Nej,Nej
kommunalvalg,B. Radikale Venstre,"Amalie Heegaard, Bistrup",0,Rudersdal Kommune,Nej,Nej
kommunalvalg,B. Radikale Venstre,"Anders Aggergaard Mikkelsen, Aarhus C",0,Aarhus Kommune,Nej,Nej
kommunalvalg,B. Radikale Venstre,Anders Christian Frederiksen,64,Kerteminde Kommune,Nej,Nej
kommunalvalg,B. Radikale Venstre,"Anders Holst, Rørvig",0,Odsherred Kommune,Nej,Nej
kommunalvalg,B. Radikale Venstre,Anders Ingemann Larsen,0,Furesø Kommune,Nej,Nej
kommunalvalg,B. Radikale Venstre,Anders Medum Groth,0,Furesø Kommune,Nej,Nej
kommunalvalg,B. Radikale Venstre,"Anders Rohde, Roskilde",0,Roskilde Kommune,Nej,Nej
kommunalvalg,B. Radikale Venstre,"Andreas Nøhr Vestergaard, Himmelev",0,Roskilde Kommune,Nej,Nej
kommunalvalg,B. Radikale Venstre,"Andreas Pourkamali, Næstved",733,Næstved Kommune,Nej,Nej
kommunalvalg,B. Radikale Venstre,"Ane Palsberg, Vangede",256,Gentofte Kommune,Nej,Nej
kommunalvalg,B. Radikale Venstre,Anette Colding Brun,0,Lemvig Kommune,Nej,Nej
kommunalvalg,B. Radikale Venstre,"Anette Pihl Østergaard, Sdr. Nærå",0,Faaborg-Midtfyn Kommune,Nej,Nej
kommunalvalg,B. Radikale Venstre,"Anja Kirstine Detlefsen Hansen, Allested-Vejle",0,Faaborg-Midtfyn Kommune,Nej,Nej
kommunalvalg,B. Radikale Venstre,Anja Lisa Dalgaard,0,Slagelse Kommune,Nej,Nej
kommunalvalg,B. Radikale Venstre,Anja Ritz-Andersen,0,Gladsaxe Kommune,Nej,Nej
kommunalvalg,B. Radikale Venstre,Anja Skovbo Rønnebro,93,Nordfyns Kommune,Nej,Nej
kommunalvalg,B. Radikale Venstre,"Ann Marquardsen, Sydstranden",23,Dragør Kommune,Nej,Nej
kommunalvalg,B. Radikale Venstre,Anna Maria Hoornenborg,0,Lemvig Kommune,Nej,Nej
kommunalvalg,B. Radikale Venstre,"Anna Mette Skov Borring, Årslev",0,Faaborg-Midtfyn Kommune,Nej,Nej
kommunalvalg,B. Radikale Venstre,"Anne Bisgaard, Langå",0,Randers Kommune,Nej,Nej
kommunalvalg,B. Radikale Venstre,"Anne D. Manniche, Holte",0,Rudersdal Kommune,Nej,Nej
kommunalvalg,B. Radikale Venstre,Anne Eskildsen,0,Frederiksberg Kommune,Nej,Nej
kommunalvalg,B. Radikale Venstre,"Anne Heeager, Skanderborg",0,Skanderborg Kommune,Nej,Nej
kommunalvalg,B. Radikale Venstre,Anne Kruse Brødsgaard,0,Odense Kommune,Nej,Nej
kommunalvalg,B. Radikale Venstre,"Anne Lintrup, Hillerød C",30,Hillerød Kommune,Nej,Nej
kommunalvalg,B. Radikale Venstre,"Anne Marie Geisler Andersen, Esbjerg V",0,Esbjerg Kommune,Nej,Nej
kommunalvalg,B. Radikale Venstre,"Anne Seitz Christoffersen, Nivå",13,Fredensborg Kommune,Nej,Nej
kommunalvalg,B. Radikale Venstre,Anne Skau Styrishave,0,Odense Kommune,Nej,Nej
kommunalvalg,B. Radikale Venstre,"Anne-Mette Lorenzen, Assens",0,Assens Kommune,Nej,Nej
kommunalvalg,B. Radikale Venstre,Annegrete Jensen,0,Jammerbugt Kommune,Nej,Nej
kommunalvalg,B. Radikale Venstre,"Annette Randløv, Ballerup",0,Ballerup Kommune,Nej,Nej
kommunalvalg,B. Radikale Venstre,Annette Steglich-Petersen,0,Helsingør Kommune,Nej,Nej
kommunalvalg,B. Radikale Venstre,Annette Stærke,0,Slagelse Kommune,Nej,Nej
kommunalvalg,B. Radikale Venstre,Annette Vilhelmsen,0,Svendborg Kommune,Nej,Nej
kommunalvalg,B. Radikale Venstre,"Arne Kubert, Mejdal-Halgård",0,Holstebro Kommune,Nej,Nej
kommunalvalg,B. Radikale Venstre,"Asbjørn Laurberg, Marbæk",0,Frederikssund Kommune,Nej,Nej
kommunalvalg,B. Radikale Venstre,"Asger Gotved, Holbæk",0,Holbæk Kommune,Nej,Nej
kommunalvalg,B. Radikale Venstre,"Asger Jung Laursen, Ballerup Bymidte",0,Ballerup Kommune,Nej,Nej
kommunalvalg,B. Radikale Venstre,"Asta Rasmussen, Ejby",0,Lejre Kommune,Nej,Nej
kommunalvalg,B. Radikale Venstre,Azad Palmqvist,0,Lemvig Kommune,Nej,Nej
kommunalvalg,B. Radikale Venstre,"Babak Fadavi Kornerup, Aarup",0,Assens Kommune,Nej,Nej
kommunalvalg,B. Radikale Venstre,Beena Petersen,0,Haderslev Kommune,Nej,Nej
kommunalvalg,B. Radikale Venstre,Benedicte Wilson,0,Odense Kommune,Nej,Nej
kommunalvalg,B. Radikale Venstre,"Bent Filstrup, Ejby",0,Glostrup Kommune,Nej,Nej
kommunalvalg,B. Radikale Venstre,"Bent Ipsen, Faaborg",0,Faaborg-Midtfyn Kommune,Nej,Nej
kommunalvalg,B. Radikale Venstre,Bente Nesting Hviid,0,Odense Kommune,Nej,Nej
kommunalvalg,B. Radikale Venstre,"Berit Røiseland, Fensholt",52,Odder Kommune,Nej,Nej
kommunalvalg,B. Radikale Venstre,"Betina Herold Højgaard, Nordby",13,Fanø Kommune,Nej,Nej
kommunalvalg,B. Radikale Venstre,"Bettina Bové, Humlebæk",374,Fredensborg Kommune,Nej,Nej
kommunalvalg,B. Radikale Venstre,"Bettina Nørkjær Franch, Aarhus N",0,Aarhus Kommune,Nej,Nej
kommunalvalg,B. Radikale Venstre,"Birgit Boelskov, Glostrup",0,Glostrup Kommune,Nej,Nej
kommunalvalg,B. Radikale Venstre,"Birgit Gundorph-Malling, Hundested",0,Halsnæs Kommune,Nej,Nej
kommunalvalg,B. Radikale Venstre,Birgit Mørup,0,Helsingør Kommune,Nej,Nej
kommunalvalg,B. Radikale Venstre,"Birgit Skovmand, Lynge",0,Allerød Kommune,Nej,Nej
kommunalvalg,B. Radikale Venstre,"Birgitte Larsen, Nivå",13,Fredensborg Kommune,Nej,Nej
kommunalvalg,B. Radikale Venstre,"Bjarke Jensen, Ådalen",118,Syddjurs Kommune,Nej,Nej
kommunalvalg,B. Radikale Venstre,Bjarne Finn Jensen Christensen,0,Odense Kommune,Nej,Nej
kommunalvalg,B. Radikale Venstre,Bjarne Laustsen,0,Svendborg Kommune,Nej,Nej
kommunalvalg,B. Radikale Venstre,Bjarne Tolboe Christiansen,0,Gladsaxe Kommune,Nej,Nej
kommunalvalg,B. Radikale Venstre,Bjørn Bjerrehøj,0,Tårnby Kommune,Nej,Nej
kommunalvalg,B. Radikale Venstre,"Bo Dencker, Skanderborg",0,Skanderborg Kommune,Nej,Nej
kommunalvalg,B. Radikale Venstre,"Bo Espersen, Vallekilde-Hørve",0,Odsherred Kommune,Nej,Nej
kommunalvalg,B. Radikale Venstre,Bo Fink,0,Thisted Kommune,Nej,Nej
kommunalvalg,B. Radikale Venstre,Bo Jakobsen,259,Nordfyns Kommune,Nej,Nej
kommunalvalg,B. Radikale Venstre,Bodil Grove Christensen,0,Herning Kommune,Nej,Nej
kommunalvalg,B. Radikale Venstre,Brian Køster,0,Hvidovre Kommune,Nej,Nej
kommunalvalg,B. Radikale Venstre,"Brian Salomonsen, Middelfart",0,Middelfart Kommune,Nej,Nej
kommunalvalg,B. Radikale Venstre,"Børge Sørensen, Nim",0,Horsens Kommune,Nej,Nej
kommunalvalg,B. Radikale Venstre,Camilla Lisby Boesen,0,Herning Kommune,Nej,Nej
kommunalvalg,B. Radikale Venstre,"Carina Yde, Ballerup",0,Ballerup Kommune,Nej,Nej
kommunalvalg,B. Radikale Venstre,Carol Tornow,0,Svendborg Kommune,Nej,Nej
kommunalvalg,B. Radikale Venstre,"Carsten Adsersen, Hillerød Vest",32,Hillerød Kommune,Nej,Nej
kommunalvalg,B. Radikale Venstre,"Carsten Bjerre, Sejs-Svejbæk",0,Silkeborg Kommune,Nej,Nej
kommunalvalg,B. Radikale Venstre,"Carsten Buhl, Holbæk",0,Holbæk Kommune,Nej,Nej
kommunalvalg,B. Radikale Venstre,"Carsten Nøhr Larsen, Kalvehave",0,Vordingborg Kommune,Nej,Nej
kommunalvalg,B. Radikale Venstre,"Carsten Ørum Skytt, Balle",0,Silkeborg Kommune,Nej,Nej
kommunalvalg,B. Radikale Venstre,"Casper Damgaard, Esbjerg Ø",0,Esbjerg Kommune,Nej,Nej
kommunalvalg,B. Radikale Venstre,Casper Hindkjær,0,Herning Kommune,Nej,Nej
kommunalvalg,B. Radikale Venstre,"Cecilie Lindahl, Kongens Lyngby",0,Lyngby-Taarbæk Kommune,Nej,Nej
kommunalvalg,B. Radikale Venstre,Cevri Ocak,0,Greve Kommune,Nej,Nej
kommunalvalg,B. Radikale Venstre,"Charlotte H. Kaufmanas, Hillerød Øst",12,Hillerød Kommune,Nej,Nej
kommunalvalg,B. Radikale Venstre,Charlotte Noer Helleberg,0,Hvidovre Kommune,Nej,Nej
kommunalvalg,B. Radikale Venstre,Charlotte Skadhauge,0,Hørsholm Kommune,Nej,Nej
kommunalvalg,B. Radikale Venstre,"Christell Erichsen, Egebjerg",0,Ballerup Kommune,Nej,Nej
kommunalvalg,B. Radikale Venstre,"Christian Fink Elkjær, Birkerød",0,Rudersdal Kommune,Nej,Nej
kommunalvalg,B. Radikale Venstre,Christian Nyborg Mortensen,0,Guldborgsund Kommune,Nej,Nej
kommunalvalg,B. Radikale Venstre,"Christian Scheel Vandel, Nykøbing Sj.",0,Odsherred Kommune,Nej,Nej
kommunalvalg,B. Radikale Venstre,"Christian Vuust, Aarhus C",0,Aarhus Kommune,Nej,Nej
kommunalvalg,B. Radikale Venstre,Christina Falkberg,0,Gladsaxe Kommune,Nej,Nej
kommunalvalg,B. Radikale Venstre,"Christina Fie Padkær, Vissenbjerg",0,Assens Kommune,Nej,Nej
kommunalvalg,B. Radikale Venstre,"Christina Mayland, Møn",0,Vordingborg Kommune,Nej,Nej
kommunalvalg,B. Radikale Venstre,"Christina Thorholm, Nødebo",611,Hillerød Kommune,Nej,Nej
kommunalvalg,B. Radikale Venstre,"Christoffer Schou, Skovby",0,Skanderborg Kommune,Nej,Nej
kommunalvalg,B. Radikale Venstre,Christopher Røhl,0,Københavns Kommune,Nej,Nej
kommunalvalg,B. Radikale Venstre,"Cirkeline Kajhøj, Ledøje",0,Egedal Kommune,Nej,Nej
kommunalvalg,B. Radikale Venstre,"Claus Behrendsen, Vejle Ø",0,Vejle Kommune,Nej,Nej
kommunalvalg,B. Radikale Venstre,"Claus Bindslev, Tisvilde",0,Gribskov Kommune,Nej,Nej
kommunalvalg,B. Radikale Venstre,"Claus Bjørn Madsen, Vejle",0,Vejle Kommune,Nej,Nej
kommunalvalg,B. Radikale Venstre,"Claus Boje, Brenderup",0,Middelfart Kommune,Nej,Nej
kommunalvalg,B. Radikale Venstre,Claus Staal,0,Gladsaxe Kommune,Nej,Nej
kommunalvalg,B. Radikale Venstre,Claus Wachmann,0,Gladsaxe Kommune,Nej,Nej
kommunalvalg,B. Radikale Venstre,"Court Møller, Birkerød",0,Rudersdal Kommune,Nej,Nej
kommunalvalg,B. Radikale Venstre,Dan Kreutzfeldt,0,Københavns Kommune,Nej,Nej
kommunalvalg,B. Radikale Venstre,"Daniel Irvold, Lundby",0,Vordingborg Kommune,Nej,Nej
kommunalvalg,B. Radikale Venstre,Daniel Lundberg Svendsen,18,Hjørring Kommune,Nej,Nej
kommunalvalg,B. Radikale Venstre,"Daniel Moltke-Prehn, Roskilde",0,Roskilde Kommune,Nej,Nej
kommunalvalg,B. Radikale Venstre,David Skjødsholm,0,Aalborg Kommune,Nej,Nej
kommunalvalg,B. Radikale Venstre,"Dennis Roland Pedersen, Veksø",0,Egedal Kommune,Nej,Nej
kommunalvalg,B. Radikale Venstre,"Dinos Kananda Byamungu, Nørreland",0,Holstebro Kommune,Nej,Nej
kommunalvalg,B. Radikale Venstre,"Ditte Rønde Andersen, Skive",0,Skive Kommune,Nej,Nej
kommunalvalg,B. Radikale Venstre,Dorit Myltoft,0,Nyborg Kommune,Nej,Nej
kommunalvalg,B. Radikale Venstre,Dorte Schach Jakobsen,40,Kerteminde Kommune,Nej,Nej
kommunalvalg,B. Radikale Venstre,"Dorthe Gyldenkærne, Store Heddinge",0,Stevns Kommune,Nej,Nej
kommunalvalg,B. Radikale Venstre,"Dorthe Kerschus, Agersted",0,Brønderslev Kommune,Nej,Nej
kommunalvalg,B. Radikale Venstre,"Edris Qasimi, Sorø",282,Sorø Kommune,Nej,Nej
kommunalvalg,B. Radikale Venstre,"Egon Espersen, Kisumkær",0,Skive Kommune,Nej,Nej
kommunalvalg,B. Radikale Venstre,"Ejnar Jensen, Sønderød",0,Kalundborg Kommune,Nej,Nej
kommunalvalg,B. Radikale Venstre,Ektaj Sulejmanovski,0,Ishøj Kommune,Nej,Nej
kommunalvalg,B. Radikale Venstre,"Elin Carlsen, Aarhus C",0,Aarhus Kommune,Nej,Nej
kommunalvalg,B. Radikale Venstre,"Elisabeth Tejlmand, Fjelsted-Harndrup",0,Middelfart Kommune,Nej,Nej
kommunalvalg,B. Radikale Venstre,"Else Lykke Madsen, Store Magleby",75,Dragør Kommune,Nej,Nej
kommunalvalg,B. Radikale Venstre,Emil Moselund,0,Københavns Kommune,Nej,Nej
kommunalvalg,B. Radikale Venstre,"Emil Stokkebæk Andersen, Ballerup",0,Ballerup Kommune,Nej,Nej
kommunalvalg,B. Radikale Venstre,"Emilie Borch Sloth, Hvissinge",0,Glostrup Kommune,Nej,Nej
kommunalvalg,B. Radikale Venstre,Emilie Haaning,0,Nyborg Kommune,Nej,Nej
kommunalvalg,B. Radikale Venstre,"Emilie Louise Reimers Mai, Gentofte",140,Gentofte Kommune,Nej,Nej
kommunalvalg,B. Radikale Venstre,Emilie U. Andersen-Ranberg,0,Hørsholm Kommune,Nej,Nej
kommunalvalg,B. Radikale Venstre,"Emma Rørholm Vestergaard, Holstebro",0,Holstebro Kommune,Nej,Nej
kommunalvalg,B. Radikale Venstre,"Emrah Tuncer, Holbæk",0,Holbæk Kommune,Nej,Nej
kommunalvalg,B. Radikale Venstre,"Erik Hauch, Hundested",0,Halsnæs Kommune,Nej,Nej
kommunalvalg,B. Radikale Venstre,Erik Jørs,83,Ærø Kommune,Nej,Nej
kommunalvalg,B. Radikale Venstre,"Erik Lindsø, Sorø",9,Sorø Kommune,Nej,Nej
kommunalvalg,B. Radikale Venstre,Erik Ravn Nielsen,0,Odense Kommune,Nej,Nej
kommunalvalg,B. Radikale Venstre,"Erwin Lansing, Søvang",7,Dragør Kommune,Nej,Nej
kommunalvalg,B. Radikale Venstre,Esat Senturk,0,Høje-Taastrup Kommune,Nej,Nej
kommunalvalg,B. Radikale Venstre,"Fie Byberg, Kolding",139,Kolding Kommune,Nej,Nej
kommunalvalg,B. Radikale Venstre,Finn Hartvig Nielsen,0,Odense Kommune,Nej,Nej
kommunalvalg,B. Radikale Venstre,Flemming Wegeberg,0,Gladsaxe Kommune,Nej,Nej
kommunalvalg,B. Radikale Venstre,Flemming Ytzen,0,Gladsaxe Kommune,Nej,Nej
kommunalvalg,B. Radikale Venstre,"Frank Jensen, Nordby",732,Fanø Kommune,Nej,Nej
kommunalvalg,B. Radikale Venstre,Frede Hansen,0,Aalborg Kommune,Nej,Nej
kommunalvalg,B. Radikale Venstre,Frederik Asgeir Berg,0,Aalborg Kommune,Nej,Nej
kommunalvalg,B. Radikale Venstre,Frederikke Alban,0,Københavns Kommune,Nej,Nej
kommunalvalg,B. Radikale Venstre,"Freja Eva Lockenwitz, Gl. Holte",0,Rudersdal Kommune,Nej,Nej
kommunalvalg,B. Radikale Venstre,Freja Fokdal,0,Frederiksberg Kommune,Nej,Nej
kommunalvalg,B. Radikale Venstre,Freja Wirlander,0,Hvidovre Kommune,Nej,Nej
kommunalvalg,B. Radikale Venstre,"Gert Helenius, Dalby",45,Kolding Kommune,Nej,Nej
kommunalvalg,B. Radikale Venstre,"Gerthie Betak Rasmussen, Handbjerg",0,Holstebro Kommune,Nej,Nej
kommunalvalg,B. Radikale Venstre,"Gitte Kjær-Westermann, Taarbæk",0,Lyngby-Taarbæk Kommune,Nej,Nej
kommunalvalg,B. Radikale Venstre,Gitte Winther Jeppesen,0,Lemvig Kommune,Nej,Nej
kommunalvalg,B. Radikale Venstre,"Gorm Simonsen, Dronninglund",0,Brønderslev Kommune,Nej,Nej
kommunalvalg,B. Radikale Venstre,"Gorm Tortzen, Fredensborg",25,Fredensborg Kommune,Nej,Nej
kommunalvalg,B. Radikale Venstre,Gry Bruun Nielsen,919,Hjørring Kommune,Nej,Nej
kommunalvalg,B. Radikale Venstre,"Gurli Rønnekilde, Højby",0,Odsherred Kommune,Nej,Nej
kommunalvalg,B. Radikale Venstre,"Gustav Aitken, Sorø",115,Sorø Kommune,Nej,Nej
kommunalvalg,B. Radikale Venstre,"Gustav Sieg Sørensen, Skive",0,Skive Kommune,Nej,Nej
kommunalvalg,B. Radikale Venstre,"HC Rasmussen, Ennebølle",28,Langeland Kommune,Nej,Nej
kommunalvalg,B. Radikale Venstre,Hanne Frølund,0,Herning Kommune,Nej,Nej
kommunalvalg,B. Radikale Venstre,Hanne Jakobsen,0,Helsingør Kommune,Nej,Nej
kommunalvalg,B. Radikale Venstre,"Hanne Munch Kristiansen, Hinnerup",44,Favrskov Kommune,Nej,Nej
kommunalvalg,B. Radikale Venstre,Hanne Ringgaard Møller,0,Svendborg Kommune,Nej,Nej
kommunalvalg,B. Radikale Venstre,"Hanne Stender Damkjær, Hørning",0,Skanderborg Kommune,Nej,Nej
kommunalvalg,B. Radikale Venstre,Hans Grishauge,0,Nyborg Kommune,Nej,Nej
kommunalvalg,B. Radikale Venstre,Hans Laugesen,0,Hørsholm Kommune,Nej,Nej
kommunalvalg,B. Radikale Venstre,"Hans Munk, Kalundborg",0,Kalundborg Kommune,Nej,Nej
kommunalvalg,B. Radikale Venstre,"Hans Sørensen Doktor, Lundum",0,Horsens Kommune,Nej,Nej
kommunalvalg,B. Radikale Venstre,"Hans Toftdahl, Hornbæk",0,Randers Kommune,Nej,Nej
kommunalvalg,B. Radikale Venstre,Hans Vestager,0,Varde Kommune,Nej,Nej
kommunalvalg,B. Radikale Venstre,Hasibe Dönmez,0,Ishøj Kommune,Nej,Nej
kommunalvalg,B. Radikale Venstre,Hassan Alouch,124,Hjørring Kommune,Nej,Nej
kommunalvalg,B. Radikale Venstre,Hediye Temiz,0,Albertslund Kommune,Nej,Nej
kommunalvalg,B. Radikale Venstre,"Heine Skovbak Iversen, Ebeltoft",440,Syddjurs Kommune,Nej,Nej
kommunalvalg,B. Radikale Venstre,Helen Nørret Schmidt,0,Ringsted Kommune,Nej,Nej
kommunalvalg,B. Radikale Venstre,"Helena Elisabeth Christensen, Roskilde",0,Roskilde Kommune,Nej,Nej
kommunalvalg,B. Radikale Venstre,"Helena Tjørnelund, Roskilde",0,Roskilde Kommune,Nej,Nej
kommunalvalg,B. Radikale Venstre,Helle Kjærgaard,0,Thisted Kommune,Nej,Nej
kommunalvalg,B. Radikale Venstre,"Helle Koch Jensen, Romalt",0,Randers Kommune,Nej,Nej
kommunalvalg,B. Radikale Venstre,Helle Marianne Olesen,0,Ishøj Kommune,Nej,Nej
kommunalvalg,B. Radikale Venstre,"Helle Mortensen, Røjle",0,Middelfart Kommune,Nej,Nej
kommunalvalg,B. Radikale Venstre,"Henning Engholt Jørgensen, Næstved",31,Næstved Kommune,Nej,Nej
kommunalvalg,B. Radikale Venstre,"Henrik Fænøe, Nærum",0,Rudersdal Kommune,Nej,Nej
kommunalvalg,B. Radikale Venstre,Henrik Kenneth Lyngberg,0,Furesø Kommune,Nej,Nej
kommunalvalg,B. Radikale Venstre,"Henrik Mortensen, Holstebro",0,Holstebro Kommune,Nej,Nej
kommunalvalg,B. Radikale Venstre,"Henrik Steffens, Alderslyst",0,Silkeborg Kommune,Nej,Nej
kommunalvalg,B. Radikale Venstre,"Henry Larsen, Sejerø",0,Kalundborg Kommune,Nej,Nej
kommunalvalg,B. Radikale Venstre,Hjalmar Christiansen,0,Nyborg Kommune,Nej,Nej
kommunalvalg,B. Radikale Venstre,"Holger Thomasbjerg, Struer",0,Struer Kommune,Nej,Nej
kommunalvalg,B. Radikale Venstre,Ibrahim El-Khatib,0,Høje-Taastrup Kommune,Nej,Nej
kommunalvalg,B. Radikale Venstre,"Ida Møller, Hagested",0,Holbæk Kommune,Nej,Nej
kommunalvalg,B. Radikale Venstre,Ikram Safi,0,Høje-Taastrup Kommune,Nej,Nej
kommunalvalg,B. Radikale Venstre,Imadur Rahman,0,Brøndby Kommune,Nej,Nej
kommunalvalg,B. Radikale Venstre,"Ina Lykke Jensen, Himmelev",0,Roskilde Kommune,Nej,Nej
kommunalvalg,B. Radikale Venstre,Inger Bøgh Bisgaard,38,Morsø Kommune,Nej,Nej
kommunalvalg,B. Radikale Venstre,Irfan Gilani,0,Brøndby Kommune,Nej,Nej
kommunalvalg,B. Radikale Venstre,Isabel Havndrup Aackmann,0,Frederiksberg Kommune,Nej,Nej
kommunalvalg,B. Radikale Venstre,"Jacob Netteberg, Birkerød",0,Rudersdal Kommune,Nej,Nej
kommunalvalg,B. Radikale Venstre,Jakob Cemik,0,Odense Kommune,Nej,Nej
kommunalvalg,B. Radikale Venstre,"Jakob Karlshøj, Fredensborg",116,Fredensborg Kommune,Nej,Nej
kommunalvalg,B. Radikale Venstre,"Jakob Lavrsen, Aarhus C",0,Aarhus Kommune,Nej,Nej
kommunalvalg,B. Radikale Venstre,Jakob Skyggebjerg,0,Københavns Kommune,Nej,Nej
kommunalvalg,B. Radikale Venstre,Jakob Vest Berntsen,358,Rødovre Kommune,Nej,Nej
kommunalvalg,B. Radikale Venstre,Jakob Vindel Duedahl,0,Haderslev Kommune,Nej,Nej
kommunalvalg,B. Radikale Venstre,Jamal Mahjoub,0,Høje-Taastrup Kommune,Nej,Nej
kommunalvalg,B. Radikale Venstre,Jan Coermann,0,Slagelse Kommune,Nej,Nej
kommunalvalg,B. Radikale Venstre,Jan Rønne,25,Viborg Kommune,Nej,Nej
kommunalvalg,B. Radikale Venstre,Jan Skrubbeltrang,0,Aalborg Kommune,Nej,Nej
kommunalvalg,B. Radikale Venstre,"Jan Ståhlberg, Glumsø",16,Næstved Kommune,Nej,Nej
kommunalvalg,B. Radikale Venstre,"Jan Woollhead, Sorø",3,Sorø Kommune,Nej,Nej
kommunalvalg,B. Radikale Venstre,"Janus Hove, Dronningborg",0,Randers Kommune,Nej,Nej
kommunalvalg,B. Radikale Venstre,Jean Meadows,0,Gladsaxe Kommune,Nej,Nej
kommunalvalg,B. Radikale Venstre,Jeanet Nordam Suadicani,0,Ringsted Kommune,Nej,Nej
kommunalvalg,B. Radikale Venstre,"Jens Andreas Lystbæk Vestergård, Sdr. Nissum",0,Holstebro Kommune,Nej,Nej
kommunalvalg,B. Radikale Venstre,"Jens B. Frederiksen, Holsted",32,Næstved Kommune,Nej,Nej
kommunalvalg,B. Radikale Venstre,"Jens Erik Ørum, Svogerslev",0,Roskilde Kommune,Nej,Nej
kommunalvalg,B. Radikale Venstre,Jens Frost,0,Herlev Kommune,Nej,Nej
kommunalvalg,B. Radikale Venstre,Jens Frøkjær,0,Jammerbugt Kommune,Nej,Nej
kommunalvalg,B. Radikale Venstre,Jens Grønager,0,Aalborg Kommune,Nej,Nej
kommunalvalg,B. Radikale Venstre,"Jens Jakob Velasco Hansen, Bramdrupdam",51,Kolding Kommune,Nej,Nej
kommunalvalg,B. Radikale Venstre,"Jens Jønsson, Nordby",26,Fanø Kommune,Nej,Nej
kommunalvalg,B. Radikale Venstre,Jens Otto Jarløv,0,Frederiksberg Kommune,Nej,Nej
kommunalvalg,B. Radikale Venstre,"Jens Ove Holmegaard, Smidstrup",0,Vejle Kommune,Nej,Nej
kommunalvalg,B. Radikale Venstre,"Jens Passarge, Nordstranden",24,Dragør Kommune,Nej,Nej
kommunalvalg,B. Radikale Venstre,Jens Peter Andersen,0,Hvidovre Kommune,Nej,Nej
kommunalvalg,B. Radikale Venstre,Jens Peter Hanghøj Laursen,14,Hjørring Kommune,Nej,Nej
kommunalvalg,B. Radikale Venstre,Jens Rikardt Andersen,0,Furesø Kommune,Nej,Nej
kommunalvalg,B. Radikale Venstre,"Jens Sørensen, Kolding",27,Kolding Kommune,Nej,Nej
kommunalvalg,B. Radikale Venstre,Jens Wrang,0,Greve Kommune,Nej,Nej
kommunalvalg,B. Radikale Venstre,Jens-Christian Navarro Poulsen,0,Frederiksberg Kommune,Nej,Nej
kommunalvalg,B. Radikale Venstre,"Jeppe Bang, Ejby",0,Køge Kommune,Nej,Nej
kommunalvalg,B. Radikale Venstre,"Jeppe Fransson, Roskilde",0,Roskilde Kommune,Nej,Nej
kommunalvalg,B. Radikale Venstre,"Jeppe Trolle, Viby Sjælland",0,Roskilde Kommune,Nej,Nej
kommunalvalg,B. Radikale Venstre,Jes Lunde,0,Aalborg Kommune,Nej,Nej
kommunalvalg,B. Radikale Venstre,Jes V. Larsen,0,Guldborgsund Kommune,Nej,Nej
kommunalvalg,B. Radikale Venstre,"Jesper Knudgaard, Silkeborg",0,Silkeborg Kommune,Nej,Nej
kommunalvalg,B. Radikale Venstre,Jesper Nordentoft,0,Greve Kommune,Nej,Nej
kommunalvalg,B. Radikale Venstre,Jesper Overgaard,93,Hjørring Kommune,Nej,Nej
kommunalvalg,B. Radikale Venstre,"Jesper Rogild, Romalt",0,Randers Kommune,Nej,Nej
kommunalvalg,B. Radikale Venstre,Jesper Søe Jensen,53,Morsø Kommune,Nej,Nej
kommunalvalg,B. Radikale Venstre,Jesper Thorsson,23,Nordfyns Kommune,Nej,Nej
kommunalvalg,B. Radikale Venstre,Jette Jepsen,552,Morsø Kommune,Nej,Nej
kommunalvalg,B. Radikale Venstre,"Joachim Hjerl, Fårevejle",0,Odsherred Kommune,Nej,Nej
kommunalvalg,B. Radikale Venstre,"Johan Brødsgaard, Lysbro",0,Silkeborg Kommune,Nej,Nej
kommunalvalg,B. Radikale Venstre,"Johan Løje, Virum",0,Lyngby-Taarbæk Kommune,Nej,Nej
kommunalvalg,B. Radikale Venstre,John Arnshof,15,Nordfyns Kommune,Nej,Nej
kommunalvalg,B. Radikale Venstre,John Refshammer,0,Herning Kommune,Nej,Nej
kommunalvalg,B. Radikale Venstre,"Johnny Pedersen, Hornstrup",0,Vejle Kommune,Nej,Nej
kommunalvalg,B. Radikale Venstre,Jonas Breindahl,0,Hvidovre Kommune,Nej,Nej
kommunalvalg,B. Radikale Venstre,Jonas C. W. Iversen,0,Varde Kommune,Nej,Nej
kommunalvalg,B. Radikale Venstre,"Jonas L. Hejsel, Hjerm",0,Struer Kommune,Nej,Nej
kommunalvalg,B. Radikale Venstre,João Møller,0,Bornholms Regionskommune,Nej,Nej
kommunalvalg,B. Radikale Venstre,Julia Sand Skovsted,0,Svendborg Kommune,Nej,Nej
kommunalvalg,B. Radikale Venstre,Julie Hausner Secher,0,Hørsholm Kommune,Nej,Nej
kommunalvalg,B. Radikale Venstre,"Julie Manderup, Ebeltoft",59,Syddjurs Kommune,Nej,Nej
kommunalvalg,B. Radikale Venstre,"Julie Riishøj, Nordby",60,Fanø Kommune,Nej,Nej
kommunalvalg,B. Radikale Venstre,"Juliette Forneris, Glostrup",0,Glostrup Kommune,Nej,Nej
kommunalvalg,B. Radikale Venstre,"Jytte Agerup, Lillerød",0,Allerød Kommune,Nej,Nej
kommunalvalg,B. Radikale Venstre,"Jytte Dideriksen, Holstebro",0,Holstebro Kommune,Nej,Nej
kommunalvalg,B. Radikale Venstre,"Jytte Juul Wehlmann, Randers C",0,Randers Kommune,Nej,Nej
kommunalvalg,B. Radikale Venstre,"Jørgen Boelskov, Søndervang",0,Glostrup Kommune,Nej,Nej
kommunalvalg,B. Radikale Venstre,"Jørgen Dahlgaard, Tranbjerg",0,Aarhus Kommune,Nej,Nej
kommunalvalg,B. Radikale Venstre,"Jørgen Suhr, Hillerød Vest",211,Hillerød Kommune,Nej,Nej
kommunalvalg,B. Radikale Venstre,Jørn Skovsgaard,12,Ærø Kommune,Nej,Nej
kommunalvalg,B. Radikale Venstre,"Kalle Johannes Rose, Gentofte",183,Gentofte Kommune,Nej,Nej
kommunalvalg,B. Radikale Venstre,Karen Moritz Hansen,0,Nyborg Kommune,Nej,Nej
kommunalvalg,B. Radikale Venstre,"Karin Berg, Sankt Jørgensbjerg",0,Roskilde Kommune,Nej,Nej
kommunalvalg,B. Radikale Venstre,"Karin Traun, Måløv",0,Ballerup Kommune,Nej,Nej
kommunalvalg,B. Radikale Venstre,"Karl Hjalte Maack Raun, Odder",75,Odder Kommune,Nej,Nej
kommunalvalg,B. Radikale Venstre,"Karoline Geneser, Virum",0,Lyngby-Taarbæk Kommune,Nej,Nej
kommunalvalg,B. Radikale Venstre,"Karsten Kjærgaard, Ranum",52,Vesthimmerlands Kommune,Nej,Nej
kommunalvalg,B. Radikale Venstre,Karsten Lauritsen,0,Frederiksberg Kommune,Nej,Nej
kommunalvalg,B. Radikale Venstre,Kashif Ahmad,0,Københavns Kommune,Nej,Nej
kommunalvalg,B. Radikale Venstre,"Kasper Brejnholt Bak, Vangede",640,Gentofte Kommune,Nej,Nej
kommunalvalg,B. Radikale Venstre,"Kasper Halling, Egebjerg",0,Ballerup Kommune,Nej,Nej
kommunalvalg,B. Radikale Venstre,Kasper Humle,0,Lemvig Kommune,Nej,Nej
kommunalvalg,B. Radikale Venstre,Kasper Langelund,0,Tårnby Kommune,Nej,Nej
kommunalvalg,B. Radikale Venstre,"Kate Jensen, Ellinge Lyng",0,Odsherred Kommune,Nej,Nej
kommunalvalg,B. Radikale Venstre,"Kate Svarrer, Ballerup",0,Ballerup Kommune,Nej,Nej
kommunalvalg,B. Radikale Venstre,Kathrine Pilgaard,0,Jammerbugt Kommune,Nej,Nej
kommunalvalg,B. Radikale Venstre,Katja Elberg,0,Hørsholm Kommune,Nej,Nej
kommunalvalg,B. Radikale Venstre,"Katja Hillers, Ry",0,Skanderborg Kommune,Nej,Nej
kommunalvalg,B. Radikale Venstre,Keld Kvist,0,Aalborg Kommune,Nej,Nej
kommunalvalg,B. Radikale Venstre,Keld Marstrand Christensen,0,Lemvig Kommune,Nej,Nej
kommunalvalg,B. Radikale Venstre,Kenneth Øverup,0,Solrød Kommune,Nej,Nej
kommunalvalg,B. Radikale Venstre,"Kenny Holm, Sjølund",56,Kolding Kommune,Nej,Nej
kommunalvalg,B. Radikale Venstre,"Kim Bromberg, Jægerspris",0,Frederikssund Kommune,Nej,Nej
kommunalvalg,B. Radikale Venstre,Kim Bruhn,0,Helsingør Kommune,Nej,Nej
kommunalvalg,B. Radikale Venstre,"Kim Egeskov, Them",0,Silkeborg Kommune,Nej,Nej
kommunalvalg,B. Radikale Venstre,"Kim Ingemann Erichsen, Vordingborg",0,Vordingborg Kommune,Nej,Nej
kommunalvalg,B. Radikale Venstre,Kim Lei-Jensen,0,Odense Kommune,Nej,Nej
kommunalvalg,B. Radikale Venstre,Kim Mandix,0,Københavns Kommune,Nej,Nej
kommunalvalg,B. Radikale Venstre,Kim Pagels,0,Solrød Kommune,Nej,Nej
kommunalvalg,B. Radikale Venstre,"Kim Toft Andersen, Strandhuse",413,Kolding Kommune,Nej,Nej
kommunalvalg,B. Radikale Venstre,Kirsten Aalling,125,Rødovre Kommune,Nej,Nej
kommunalvalg,B. Radikale Venstre,"Kirsten Vad Knudsen, Erritsø",0,Fredericia Kommune,Nej,Nej
kommunalvalg,B. Radikale Venstre,"Kjartan Witt, Frederikssund",0,Frederikssund Kommune,Nej,Nej
kommunalvalg,B. Radikale Venstre,Kjeld Espersen,0,Høje-Taastrup Kommune,Nej,Nej
kommunalvalg,B. Radikale Venstre,Kjeld Lundager Jørgensen,72,Rebild Kommune,Nej,Nej
kommunalvalg,B. Radikale Venstre,Knud Mogensen,0,Helsingør Kommune,Nej,Nej
kommunalvalg,B. Radikale Venstre,"Knud Nørregaard, Bramdrupdam",135,Kolding Kommune,Nej,Nej
kommunalvalg,B. Radikale Venstre,"Kresten Bjerre, Odder",214,Odder Kommune,Nej,Nej
kommunalvalg,B. Radikale Venstre,Kristian Erland Jensen,0,Gladsaxe Kommune,Nej,Nej
kommunalvalg,B. Radikale Venstre,"Kristian Kilt, Stjær",0,Skanderborg Kommune,Nej,Nej
kommunalvalg,B. Radikale Venstre,Kristian Kirk Mailand,0,Bornholms Regionskommune,Nej,Nej
kommunalvalg,B. Radikale Venstre,Kristian Møller,0,Svendborg Kommune,Nej,Nej
kommunalvalg,B. Radikale Venstre,"Kristian Risager Larsen, Galten-Skovby",0,Skanderborg Kommune,Nej,Nej
kommunalvalg,B. Radikale Venstre,"Kristian Stokholm, Rødby",0,Lolland Kommune,Nej,Nej
kommunalvalg,B. Radikale Venstre,Kristina Heiden,0,Haderslev Kommune,Nej,Nej
kommunalvalg,B. Radikale Venstre,Kristina Taaning,0,Herning Kommune,Nej,Nej
kommunalvalg,B. Radikale Venstre,Kristina Westerberg Thomsen,0,Københavns Kommune,Nej,Nej
kommunalvalg,B. Radikale Venstre,Kristine Ammitzbøll-Bille,0,Københavns Kommune,Nej,Nej
kommunalvalg,B. Radikale Venstre,"Kristoffer Boye Astrup, Nærum",0,Rudersdal Kommune,Nej,Nej
kommunalvalg,B. Radikale Venstre,"Kurt Jensen, Borup",0,Køge Kommune,Nej,Nej
kommunalvalg,B. Radikale Venstre,"Kurt Løvlund Pedersen, Dianalund",13,Sorø Kommune,Nej,Nej
kommunalvalg,B. Radikale Venstre,Kurt Sorknæs,0,Svendborg Kommune,Nej,Nej
kommunalvalg,B. Radikale Venstre,Laila Espersen,0,Bornholms Regionskommune,Nej,Nej
kommunalvalg,B. Radikale Venstre,"Lars Bakke Olsen, Askeby",0,Vordingborg Kommune,Nej,Nej
kommunalvalg,B. Radikale Venstre,Lars Bjarne Nielsen,0,Greve Kommune,Nej,Nej
kommunalvalg,B. Radikale Venstre,"Lars Boesen, Strib",0,Middelfart Kommune,Nej,Nej
kommunalvalg,B. Radikale Venstre,Lars Brunke,0,Greve Kommune,Nej,Nej
kommunalvalg,B. Radikale Venstre,"Lars Flemming Mogensen, Fensmark",99,Næstved Kommune,Nej,Nej
kommunalvalg,B. Radikale Venstre,"Lars Green Bach, Skovlunde",0,Ballerup Kommune,Nej,Nej
kommunalvalg,B. Radikale Venstre,"Lars Kristensen, Allerslev",0,Lejre Kommune,Nej,Nej
kommunalvalg,B. Radikale Venstre,"Lars Ladefoged, Østbyen",0,Horsens Kommune,Nej,Nej
kommunalvalg,B. Radikale Venstre,Lars Lindgaard-Jensen,0,Helsingør Kommune,Nej,Nej
kommunalvalg,B. Radikale Venstre,"Lars P. Møller-Jørgensen, Skovshoved",423,Gentofte Kommune,Nej,Nej
kommunalvalg,B. Radikale Venstre,Lars Rimfalk Jensen,1,Ærø Kommune,Nej,Nej
kommunalvalg,B. Radikale Venstre,"Lars Schubert, Uhrhøj",0,Vejle Kommune,Nej,Nej
kommunalvalg,B. Radikale Venstre,"Lars Vistrup Skov, Ballerup",0,Ballerup Kommune,Nej,Nej
kommunalvalg,B. Radikale Venstre,Lartey Lawson,0,Københavns Kommune,Nej,Nej
kommunalvalg,B. Radikale Venstre,Lasse Christiansen,102,Viborg Kommune,Nej,Nej
kommunalvalg,B. Radikale Venstre,Lasse Koch Pedersen,0,Aalborg Kommune,Nej,Nej
kommunalvalg,B. Radikale Venstre,Lea F. Poulsen,0,Herning Kommune,Nej,Nej
kommunalvalg,B. Radikale Venstre,Lene Dræbye,0,Albertslund Kommune,Nej,Nej
kommunalvalg,B. Radikale Venstre,"Line Krogh Lay, Store Heddinge",0,Stevns Kommune,Nej,Nej
kommunalvalg,B. Radikale Venstre,"Line Maj Stranges, Kaldred",0,Kalundborg Kommune,Nej,Nej
kommunalvalg,B. Radikale Venstre,Lis Smidsholm,0,Gladsaxe Kommune,Nej,Nej
kommunalvalg,B. Radikale Venstre,Lisa B. Jensen,9,Morsø Kommune,Nej,Nej
kommunalvalg,B. Radikale Venstre,"Lise Sustmann Allen, Hvissinge",0,Glostrup Kommune,Nej,Nej
kommunalvalg,B. Radikale Venstre,Listestemmer,5259,Lemvig Kommune,Nej,Nej
kommunalvalg,B. Radikale Venstre,"Lone Kjær Hein, Holstebro",0,Holstebro Kommune,Nej,Nej
kommunalvalg,B. Radikale Venstre,Lone Loklindt,0,Frederiksberg Kommune,Nej,Nej
kommunalvalg,B. Radikale Venstre,Lonnie Busted,0,Greve Kommune,Nej,Nej
kommunalvalg,B. Radikale Venstre,"Lotte Schrøder, Sorø",61,Sorø Kommune,Nej,Nej
kommunalvalg,B. Radikale Venstre,"Louise Bek Vegeberg, Aarup",0,Assens Kommune,Nej,Nej
kommunalvalg,B. Radikale Venstre,"Louise Bové Villadsen, Hornslet",63,Syddjurs Kommune,Nej,Nej
kommunalvalg,B. Radikale Venstre,Luc Tan Le,0,Haderslev Kommune,Nej,Nej
kommunalvalg,B. Radikale Venstre,"Lucca Allen, Hvissinge",0,Glostrup Kommune,Nej,Nej
kommunalvalg,B. Radikale Venstre,"Lærke Klitgaard, Ry",0,Skanderborg Kommune,Nej,Nej
kommunalvalg,B. Radikale Venstre,Lærke Lysdal,0,Odense Kommune,Nej,Nej
kommunalvalg,B. Radikale Venstre,Mads Bondo Dydensborg,0,Gladsaxe Kommune,Nej,Nej
kommunalvalg,B. Radikale Venstre,Mads Emil Lüthje,0,Aalborg Kommune,Nej,Nej
kommunalvalg,B. Radikale Venstre,Mads Lundby,0,Helsingør Kommune,Nej,Nej
kommunalvalg,B. Radikale Venstre,Mads Møller Andersen,0,Hørsholm Kommune,Nej,Nej
kommunalvalg,B. Radikale Venstre,"Magnus Dræby, Hundested",0,Halsnæs Kommune,Nej,Nej
kommunalvalg,B. Radikale Venstre,Magnus Schultz Pedersen,0,Ringsted Kommune,Nej,Nej
kommunalvalg,B. Radikale Venstre,Maha Gilani,0,Brøndby Kommune,Nej,Nej
kommunalvalg,B. Radikale Venstre,"Mahad B. Yussuf, Viby J",0,Aarhus Kommune,Nej,Nej
kommunalvalg,B. Radikale Venstre,"Majbritt Breum Nielsen, Mejrup",0,Holstebro Kommune,Nej,Nej
kommunalvalg,B. Radikale Venstre,"Malika Bøge Rosenskjold, Hasle",0,Aarhus Kommune,Nej,Nej
kommunalvalg,B. Radikale Venstre,Malthe Mortensen,66,Viborg Kommune,Nej,Nej
kommunalvalg,B. Radikale Venstre,Marek Bang Poulsen,0,Odense Kommune,Nej,Nej
kommunalvalg,B. Radikale Venstre,"Margreet Smit, Sdr. Stenderup",137,Kolding Kommune,Nej,Nej
kommunalvalg,B. Radikale Venstre,Maria Gullestrup,0,Høje-Taastrup Kommune,Nej,Nej
kommunalvalg,B. Radikale Venstre,"Maria Katarina Nielsen, Vinge",0,Frederikssund Kommune,Nej,Nej
kommunalvalg,B. Radikale Venstre,Maria Rubin Nicolajsen,0,Høje-Taastrup Kommune,Nej,Nej
kommunalvalg,B. Radikale Venstre,"Marianne Bredgaard Karlsson, Fredensborg",231,Fredensborg Kommune,Nej,Nej
kommunalvalg,B. Radikale Venstre,"Marianne Fritzen, Vig",0,Odsherred Kommune,Nej,Nej
kommunalvalg,B. Radikale Venstre,Marianne Mulle Jensen,0,Aalborg Kommune,Nej,Nej
kommunalvalg,B. Radikale Venstre,"Marianne Olsen, Næstved",19,Næstved Kommune,Nej,Nej
kommunalvalg,B. Radikale Venstre,"Marianne Scheele, Jerlev",0,Vejle Kommune,Nej,Nej
kommunalvalg,B. Radikale Venstre,Marianne Tøttrup,142,Viborg Kommune,Nej,Nej
kommunalvalg,B. Radikale Venstre,Marie Kruse,0,Ringsted Kommune,Nej,Nej
kommunalvalg,B. Radikale Venstre,"Marie Louise Wittenkamp, Fredensborg",147,Fredensborg Kommune,Nej,Nej
kommunalvalg,B. Radikale Venstre,Marie Mejer,0,Slagelse Kommune,Nej,Nej
kommunalvalg,B. Radikale Venstre,Marius Holtze,0,Solrød Kommune,Nej,Nej
kommunalvalg,B. Radikale Venstre,"Mark Hein, Birkerød",0,Rudersdal Kommune,Nej,Nej
kommunalvalg,B. Radikale Venstre,"Mark Nathansen, Ulrikkenborg",0,Lyngby-Taarbæk Kommune,Nej,Nej
kommunalvalg,B. Radikale Venstre,"Marthine Dahl, Jyderup",0,Holbæk Kommune,Nej,Nej
kommunalvalg,B. Radikale Venstre,Martin Bork,0,Ringsted Kommune,Nej,Nej
kommunalvalg,B. Radikale Venstre,"Martin Dyrgård Kaspersen, Ringe",0,Faaborg-Midtfyn Kommune,Nej,Nej
kommunalvalg,B. Radikale Venstre,Martin Jensen,0,Greve Kommune,Nej,Nej
kommunalvalg,B. Radikale Venstre,Martin Lundsgaard-Leth,0,Herning Kommune,Nej,Nej
kommunalvalg,B. Radikale Venstre,Martin Schepelern,0,Københavns Kommune,Nej,Nej
kommunalvalg,B. Radikale Venstre,Mathias Thorsson,36,Nordfyns Kommune,Nej,Nej
kommunalvalg,B. Radikale Venstre,Matilde Lissau,0,Bornholms Regionskommune,Nej,Nej
kommunalvalg,B. Radikale Venstre,"Mattias Agger, Vejlby-Risskov",0,Aarhus Kommune,Nej,Nej
kommunalvalg,B. Radikale Venstre,"Melissa Gilroy, Nordby",45,Fanø Kommune,Nej,Nej
kommunalvalg,B. Radikale Venstre,"Merete Due Paarup, Jordrup",763,Kolding Kommune,Nej,Nej
kommunalvalg,B. Radikale Venstre,Merete Langeland,20,Rebild Kommune,Nej,Nej
kommunalvalg,B. Radikale Venstre,Merete Svalgaard Knuhtsen,0,Helsingør Kommune,Nej,Nej
kommunalvalg,B. Radikale Venstre,"Merete Them Kjølholm, Lillerød",0,Allerød Kommune,Nej,Nej
kommunalvalg,B. Radikale Venstre,Merete Visbjerg,0,Svendborg Kommune,Nej,Nej
kommunalvalg,B. Radikale Venstre,"Metin Lindved Aydin, Højbjerg",0,Aarhus Kommune,Nej,Nej
kommunalvalg,B. Radikale Venstre,Mette Borup,0,Svendborg Kommune,Nej,Nej
kommunalvalg,B. Radikale Venstre,"Mette Dollerup, Gilleleje",0,Gribskov Kommune,Nej,Nej
kommunalvalg,B. Radikale Venstre,"Mette Grønvaldt, Hillerød Øst",20,Hillerød Kommune,Nej,Nej
kommunalvalg,B. Radikale Venstre,"Mette Hvid Brockmann, Havnsø/Føllenslev",0,Kalundborg Kommune,Nej,Nej
kommunalvalg,B. Radikale Venstre,"Mette Jorsø, Køge",0,Køge Kommune,Nej,Nej
kommunalvalg,B. Radikale Venstre,"Mette Stenby Andresen, Birkerød",0,Rudersdal Kommune,Nej,Nej
kommunalvalg,B. Radikale Venstre,"Mia Nybo, Søften",574,Favrskov Kommune,Nej,Nej
kommunalvalg,B. Radikale Venstre,"Miasser Hawwa, Ballerup Bymidte",0,Ballerup Kommune,Nej,Nej
kommunalvalg,B. Radikale Venstre,"Michael Macdonald Arnskov, Dyssegård",20,Gentofte Kommune,Nej,Nej
kommunalvalg,B. Radikale Venstre,Michael Naurbjerg,0,Høje-Taastrup Kommune,Nej,Nej
kommunalvalg,B. Radikale Venstre,Michael Portefée P. Lex,54,Rebild Kommune,Nej,Nej
kommunalvalg,B. Radikale Venstre,"Michala Beier Kjeldsen, Saltrup",0,Gribskov Kommune,Nej,Nej
kommunalvalg,B. Radikale Venstre,"Mie Mai Reimers Mai, Frederiksværk",0,Halsnæs Kommune,Nej,Nej
kommunalvalg,B. Radikale Venstre,"Mie Revsbech Møller, Sj. Odde",0,Odsherred Kommune,Nej,Nej
kommunalvalg,B. Radikale Venstre,"Mikael Vissing, Tommerup",0,Assens Kommune,Nej,Nej
kommunalvalg,B. Radikale Venstre,"Mikkel Johannessen, Rågeleje",0,Gribskov Kommune,Nej,Nej
kommunalvalg,B. Radikale Venstre,"Mikkel Seier, Risskov",0,Aarhus Kommune,Nej,Nej
kommunalvalg,B. Radikale Venstre,"Mikkel Simonsen, Stenbæksholm",57,Næstved Kommune,Nej,Nej
kommunalvalg,B. Radikale Venstre,"Mikkel Westh Jepsen, Hellerup",28,Gentofte Kommune,Nej,Nej
kommunalvalg,B. Radikale Venstre,Mirjam Marie Dyekjær,0,Frederiksberg Kommune,Nej,Nej
kommunalvalg,B. Radikale Venstre,"Mogens Nyholm, Randers",0,Randers Kommune,Nej,Nej
kommunalvalg,B. Radikale Venstre,"Morten Alfred Juul Olsen, Højby",0,Odsherred Kommune,Nej,Nej
kommunalvalg,B. Radikale Venstre,Morten Helmer Nielsen,0,Herlev Kommune,Nej,Nej
kommunalvalg,B. Radikale Venstre,Morten Jensen,0,Tårnby Kommune,Nej,Nej
kommunalvalg,B. Radikale Venstre,"Morten Junget, Balle",0,Silkeborg Kommune,Nej,Nej
kommunalvalg,B. Radikale Venstre,Morten Loof Andersen,0,Albertslund Kommune,Nej,Nej
kommunalvalg,B. Radikale Venstre,"Morten Lorenzen, Assens",0,Assens Kommune,Nej,Nej
kommunalvalg,B. Radikale Venstre,Muuse Cali,0,Odense Kommune,Nej,Nej
kommunalvalg,B. Radikale Venstre,Muzafar Ahmed,0,Albertslund Kommune,Nej,Nej
kommunalvalg,B. Radikale Venstre,Nadeem Farooq,0,Høje-Taastrup Kommune,Nej,Nej
kommunalvalg,B. Radikale Venstre,"Nanna Nørholm, Skærbæk",0,Fredericia Kommune,Nej,Nej
kommunalvalg,B. Radikale Venstre,"Nick Engmann Rehmeier, Fuglebjerg",195,Næstved Kommune,Nej,Nej
kommunalvalg,B. Radikale Venstre,Nick Nouri,0,Gladsaxe Kommune,Nej,Nej
kommunalvalg,B. Radikale Venstre,"Nicolai Skafte, Virum",0,Lyngby-Taarbæk Kommune,Nej,Nej
kommunalvalg,B. Radikale Venstre,"Niels Glahn, Nykøbing Sj.",0,Odsherred Kommune,Nej,Nej
kommunalvalg,B. Radikale Venstre,Niels Grønlund,0,Nyborg Kommune,Nej,Nej
kommunalvalg,B. Radikale Venstre,Niels Hørby Jørgensen,34,Morsø Kommune,Nej,Nej
kommunalvalg,B. Radikale Venstre,Niels Kristian Pilgaard Jensen,0,Jammerbugt Kommune,Nej,Nej
kommunalvalg,B. Radikale Venstre,"Niels Lyng Bloch, Nordstranden",9,Dragør Kommune,Nej,Nej
kommunalvalg,B. Radikale Venstre,"Niels Voetmann Jepsen, Stensballe",0,Horsens Kommune,Nej,Nej
kommunalvalg,B. Radikale Venstre,Niels Wied,0,Lemvig Kommune,Nej,Nej
kommunalvalg,B. Radikale Venstre,Nikolaj D. Larsen,0,Odense Kommune,Nej,Nej
kommunalvalg,B. Radikale Venstre,"Nikolaj Huus, Snærild",60,Odder Kommune,Nej,Nej
kommunalvalg,B. Radikale Venstre,"Nikolaj Lind-Thomsen Hjerrild, Nr. Lyndelse",0,Faaborg-Midtfyn Kommune,Nej,Nej
kommunalvalg,B. Radikale Venstre,"Nils Hendriksen, Helleruplund",14,Gentofte Kommune,Nej,Nej
kommunalvalg,B. Radikale Venstre,Nils Toft,0,Furesø Kommune,Nej,Nej
kommunalvalg,B. Radikale Venstre,"Olav Nielsen, Nordby",25,Fanø Kommune,Nej,Nej
kommunalvalg,B. Radikale Venstre,"Ole Bjørn, Højby",0,Lejre Kommune,Nej,Nej
kommunalvalg,B. Radikale Venstre,"Ole Brandstrup, Strandhuse",39,Kolding Kommune,Nej,Nej
kommunalvalg,B. Radikale Venstre,"Ole Drøgemüller, Galten-Skovby",0,Skanderborg Kommune,Nej,Nej
kommunalvalg,B. Radikale Venstre,Ole Golbert,0,Albertslund Kommune,Nej,Nej
kommunalvalg,B. Radikale Venstre,"Ole H. Møller, Brede",0,Lyngby-Taarbæk Kommune,Nej,Nej
kommunalvalg,B. Radikale Venstre,Ole Jes Iversen,10,Ærø Kommune,Nej,Nej
kommunalvalg,B. Radikale Venstre,Ole Kristensen,0,Furesø Kommune,Nej,Nej
kommunalvalg,B. Radikale Venstre,"Ole Lynggaard Jørgensen, Vejle",0,Vejle Kommune,Nej,Nej
kommunalvalg,B. Radikale Venstre,Ole Margon,0,Lemvig Kommune,Nej,Nej
kommunalvalg,B. Radikale Venstre,"Ole Peder Hansen, Gislev",0,Faaborg-Midtfyn Kommune,Nej,Nej
kommunalvalg,B. Radikale Venstre,"Ole Steen Lintrup, Hillerød C",35,Hillerød Kommune,Nej,Nej
kommunalvalg,B. Radikale Venstre,"Ole Svenningsen, Skive",0,Skive Kommune,Nej,Nej
kommunalvalg,B. Radikale Venstre,"Oluf la Cour Dragsbo, Esbjerg",0,Esbjerg Kommune,Nej,Nej
kommunalvalg,B. Radikale Venstre,"Patrick Persson, Kokkedal",52,Fredensborg Kommune,Nej,Nej
kommunalvalg,B. Radikale Venstre,"Paul Aywaz, Stenløse",0,Egedal Kommune,Nej,Nej
kommunalvalg,B. Radikale Venstre,"Paul Jeppesen, Brede",0,Lyngby-Taarbæk Kommune,Nej,Nej
kommunalvalg,B. Radikale Venstre,"Per Greisen, Hvissinge",0,Glostrup Kommune,Nej,Nej
kommunalvalg,B. Radikale Venstre,Per Laursen,0,Solrød Kommune,Nej,Nej
kommunalvalg,B. Radikale Venstre,Per Toni Hansen,0,Frederiksberg Kommune,Nej,Nej
kommunalvalg,B. Radikale Venstre,"Per W. Knudsen, Dronningborg",0,Randers Kommune,Nej,Nej
kommunalvalg,B. Radikale Venstre,"Pernille Jänichen, Peløkke",12,Langeland Kommune,Nej,Nej
kommunalvalg,B. Radikale Venstre,"Pet Petersen, Hadsten",68,Favrskov Kommune,Nej,Nej
kommunalvalg,B. Radikale Venstre,"Peter Bach-Nielsen, Christiansbjerg",0,Aarhus Kommune,Nej,Nej
kommunalvalg,B. Radikale Venstre,Peter Bromark,8,Kerteminde Kommune,Nej,Nej
kommunalvalg,B. Radikale Venstre,"Peter L. Sørensen, Helsinge",0,Gribskov Kommune,Nej,Nej
kommunalvalg,B. Radikale Venstre,"Peter Vestergaard, Thyholm",0,Struer Kommune,Nej,Nej
kommunalvalg,B. Radikale Venstre,"Peter Zethner-Møller, Frederiksværk",0,Halsnæs Kommune,Nej,Nej
kommunalvalg,B. Radikale Venstre,"Philip David Dolan Møller, Hasle",0,Aarhus Kommune,Nej,Nej
kommunalvalg,B. Radikale Venstre,Philip Vivet,0,Herning Kommune,Nej,Nej
kommunalvalg,B. Radikale Venstre,"Pia Bach, Glostrup",0,Glostrup Kommune,Nej,Nej
kommunalvalg,B. Radikale Venstre,Pia Elberg,333,Rebild Kommune,Nej,Nej
kommunalvalg,B. Radikale Venstre,"Pia Gjerlev Hollund, Stenløse",0,Egedal Kommune,Nej,Nej
kommunalvalg,B. Radikale Venstre,Poul Arne Bødker,0,Slagelse Kommune,Nej,Nej
kommunalvalg,B. Radikale Venstre,Poul Bek-Pedersen,0,Slagelse Kommune,Nej,Nej
kommunalvalg,B. Radikale Venstre,"Poul Erik Pedersen, Vig",0,Odsherred Kommune,Nej,Nej
kommunalvalg,B. Radikale Venstre,"Poul Fensmark, Holbæk",0,Holbæk Kommune,Nej,Nej
kommunalvalg,B. Radikale Venstre,"Poul Lundholdt, Nordby",12,Fanø Kommune,Nej,Nej
kommunalvalg,B. Radikale Venstre,"Poul Løhde, Strib",0,Middelfart Kommune,Nej,Nej
kommunalvalg,B. Radikale Venstre,"Poul Poulsen, Rørup",0,Assens Kommune,Nej,Nej
kommunalvalg,B. Radikale Venstre,"Poul Rubach, Harridslev",0,Randers Kommune,Nej,Nej
kommunalvalg,B. Radikale Venstre,"Pylle Quaade, Eskebjerg",0,Kalundborg Kommune,Nej,Nej
kommunalvalg,B. Radikale Venstre,"Rajinder Grover, Strandhuse",110,Kolding Kommune,Nej,Nej
kommunalvalg,B. Radikale Venstre,"Rasmus Anker Rysgaard, Aarhus C",0,Aarhus Kommune,Nej,Nej
kommunalvalg,B. Radikale Venstre,"Rasmus Bergholdt, Skovby",0,Skanderborg Kommune,Nej,Nej
kommunalvalg,B. Radikale Venstre,"Rasmus Dons, Køng",0,Assens Kommune,Nej,Nej
kommunalvalg,B. Radikale Venstre,"Rasmus Eliasen, Næstved",388,Næstved Kommune,Nej,Nej
kommunalvalg,B. Radikale Venstre,"Rasmus Ellekjær, Egebjerg",0,Odsherred Kommune,Nej,Nej
kommunalvalg,B. Radikale Venstre,"Rasmus Francke Harboe, Kornerup",0,Lejre Kommune,Nej,Nej
kommunalvalg,B. Radikale Venstre,"Rasmus Gamst Beltofte, Mejdal-Halgård",0,Holstebro Kommune,Nej,Nej
kommunalvalg,B. Radikale Venstre,"Rasmus Langskov, Fredensborg",31,Fredensborg Kommune,Nej,Nej
kommunalvalg,B. Radikale Venstre,"Rasmus Mackeprang, Særløse",0,Lejre Kommune,Nej,Nej
kommunalvalg,B. Radikale Venstre,"Rasmus Rold Meldgaard, Vejle",0,Vejle Kommune,Nej,Nej
kommunalvalg,B. Radikale Venstre,Rasmus Villefrance,0,Gladsaxe Kommune,Nej,Nej
kommunalvalg,B. Radikale Venstre,"René Gabs Bargisen, Skanderborg",0,Skanderborg Kommune,Nej,Nej
kommunalvalg,B. Radikale Venstre,"René Krebs Mikkelsen, Sydstranden",10,Dragør Kommune,Nej,Nej
kommunalvalg,B. Radikale Venstre,"Ric Jakobsen, Ganløse",0,Egedal Kommune,Nej,Nej
kommunalvalg,B. Radikale Venstre,"Rie Haagen, Englerup",0,Lejre Kommune,Nej,Nej
kommunalvalg,B. Radikale Venstre,Rikke Alice Bille,0,Frederiksberg Kommune,Nej,Nej
kommunalvalg,B. Radikale Venstre,"Rikke Christensen, Stensballe",0,Horsens Kommune,Nej,Nej
kommunalvalg,B. Radikale Venstre,"Rikke Dyrgård Kaspersen, Ringe",0,Faaborg-Midtfyn Kommune,Nej,Nej
kommunalvalg,B. Radikale Venstre,"Rikke Heitmann, Græsted",0,Gribskov Kommune,Nej,Nej
kommunalvalg,B. Radikale Venstre,"Rikke Lücking Larsen, Jenstrup",7,Næstved Kommune,Nej,Nej
kommunalvalg,B. Radikale Venstre,"Rikke Mortensen, Ganløse",0,Egedal Kommune,Nej,Nej
kommunalvalg,B. Radikale Venstre,"Rosa Søndergaard, Køge",0,Køge Kommune,Nej,Nej
kommunalvalg,B. Radikale Venstre,Ruth Avlund Bek-Pedersen,0,Slagelse Kommune,Nej,Nej
kommunalvalg,B. Radikale Venstre,"Sabrina Vibeke Christiansen, Næstved Syd",59,Næstved Kommune,Nej,Nej
kommunalvalg,B. Radikale Venstre,Said Mo El Idrissi,0,Brøndby Kommune,Nej,Nej
kommunalvalg,B. Radikale Venstre,"Sanne Fandrup, Ballerup Syd",0,Ballerup Kommune,Nej,Nej
kommunalvalg,B. Radikale Venstre,Sara Julie Sørensen,0,Københavns Kommune,Nej,Nej
kommunalvalg,B. Radikale Venstre,"Sebastian Cohrt, Asnæs",0,Odsherred Kommune,Nej,Nej
kommunalvalg,B. Radikale Venstre,Sebastian Winslow,0,Tårnby Kommune,Nej,Nej
kommunalvalg,B. Radikale Venstre,"Signe Amalie Kragh Nielsen, Lille Næstved",42,Næstved Kommune,Nej,Nej
kommunalvalg,B. Radikale Venstre,"Signe Driefer, Hillerød Øst",81,Hillerød Kommune,Nej,Nej
kommunalvalg,B. Radikale Venstre,"Simon Astrup, Rønde",75,Syddjurs Kommune,Nej,Nej
kommunalvalg,B. Radikale Venstre,Simon Bech Munch-Petersen,0,Aalborg Kommune,Nej,Nej
kommunalvalg,B. Radikale Venstre,Simon Bødker Egholm,0,Aabenraa Kommune,Nej,Nej
kommunalvalg,B. Radikale Venstre,"Sinne Langballe, Kolding",217,Kolding Kommune,Nej,Nej
kommunalvalg,B. Radikale Venstre,Sjønne Kallesøe,0,Lemvig Kommune,Nej,Nej
kommunalvalg,B. Radikale Venstre,"Sofie Exner Koch, Sønderho",34,Fanø Kommune,Nej,Nej
kommunalvalg,B. Radikale Venstre,"Solveig Søndergaard, Kolding",64,Kolding Kommune,Nej,Nej
kommunalvalg,B. Radikale Venstre,"Soma Mayel, Kokkedal",1139,Fredensborg Kommune,Nej,Nej
kommunalvalg,B. Radikale Venstre,"Sophie Mørkholt Rasmussen, Lemming",0,Silkeborg Kommune,Nej,Nej
kommunalvalg,B. Radikale Venstre,Steen Asgeir Petersen,0,Thisted Kommune,Nej,Nej
kommunalvalg,B. Radikale Venstre,Steen Dilling,0,Ishøj Kommune,Nej,Nej
kommunalvalg,B. Radikale Venstre,Stefan Göttler,0,Svendborg Kommune,Nej,Nej
kommunalvalg,B. Radikale Venstre,Steffen Holme Helledie,0,Aalborg Kommune,Nej,Nej
kommunalvalg,B. Radikale Venstre,"Stephan Grubbe, Ølstykke",0,Egedal Kommune,Nej,Nej
kommunalvalg,B. Radikale Venstre,"Stig Nielsen, Kalundborg",0,Kalundborg Kommune,Nej,Nej
kommunalvalg,B. Radikale Venstre,Stine Pagh,0,Hørsholm Kommune,Nej,Nej
kommunalvalg,B. Radikale Venstre,"Stine Søgaard Normann, Næstved",436,Næstved Kommune,Nej,Nej
kommunalvalg,B. Radikale Venstre,Sune Kragelund,0,Aalborg Kommune,Nej,Nej
kommunalvalg,B. Radikale Venstre,Sune Øksnebjerg,0,Gladsaxe Kommune,Nej,Nej
kommunalvalg,B. Radikale Venstre,"Susanne Hjernøe, Virum",0,Lyngby-Taarbæk Kommune,Nej,Nej
kommunalvalg,B. Radikale Venstre,Susanne Krebs,0,Aalborg Kommune,Nej,Nej
kommunalvalg,B. Radikale Venstre,Susanne Wad Leth,0,Københavns Kommune,Nej,Nej
kommunalvalg,B. Radikale Venstre,"Søren Bald, Tibirke Sand",0,Gribskov Kommune,Nej,Nej
kommunalvalg,B. Radikale Venstre,Søren Brenøe,0,Bornholms Regionskommune,Nej,Nej
kommunalvalg,B. Radikale Venstre,"Søren Hansen, Rudkøbing",186,Langeland Kommune,Nej,Nej
kommunalvalg,B. Radikale Venstre,"Søren Karlsson, Herfølge",0,Køge Kommune,Nej,Nej
kommunalvalg,B. Radikale Venstre,"Søren Mikkelsen, Gjerlev",0,Randers Kommune,Nej,Nej
kommunalvalg,B. Radikale Venstre,"Søren Myrup, Asnæs",0,Odsherred Kommune,Nej,Nej
kommunalvalg,B. Radikale Venstre,Søren Riisgaard,0,Thisted Kommune,Nej,Nej
kommunalvalg,B. Radikale Venstre,"Søren Vindum Horup, Støvring",0,Randers Kommune,Nej,Nej
kommunalvalg,B. Radikale Venstre,"Søren Weimann, Hornsherred",0,Frederikssund Kommune,Nej,Nej
kommunalvalg,B. Radikale Venstre,"Søren Wenzel Nielsen, Silkeborg",0,Silkeborg Kommune,Nej,Nej
kommunalvalg,B. Radikale Venstre,Teddy Stafsen,0,Svendborg Kommune,Nej,Nej
kommunalvalg,B. Radikale Venstre,"Thea Bang, Hvalsø",0,Lejre Kommune,Nej,Nej
kommunalvalg,B. Radikale Venstre,Theis Gaarsmand,0,Odense Kommune,Nej,Nej
kommunalvalg,B. Radikale Venstre,Theis Magle,4,Hjørring Kommune,Nej,Nej
kommunalvalg,B. Radikale Venstre,"Theis Michelsen Nielsen, Vejlby",0,Aarhus Kommune,Nej,Nej
kommunalvalg,B. Radikale Venstre,"Therese Vendelhaven, Sønderho",6,Fanø Kommune,Nej,Nej
kommunalvalg,B. Radikale Venstre,Thomas Baark,0,Guldborgsund Kommune,Nej,Nej
kommunalvalg,B. Radikale Venstre,"Thomas Bisgaard, Osted",0,Lejre Kommune,Nej,Nej
kommunalvalg,B. Radikale Venstre,"Thomas Duerlund Falkenberg, Boestofte",0,Stevns Kommune,Nej,Nej
kommunalvalg,B. Radikale Venstre,"Thomas Frandsen, Tisvilde",0,Gribskov Kommune,Nej,Nej
kommunalvalg,B. Radikale Venstre,"Thomas Hammer-Jakobsen, Sondrup",25,Odder Kommune,Nej,Nej
kommunalvalg,B. Radikale Venstre,"Thomas Hansen, Frederikssund",0,Frederikssund Kommune,Nej,Nej
kommunalvalg,B. Radikale Venstre,Thomas Markmann,0,Københavns Kommune,Nej,Nej
kommunalvalg,B. Radikale Venstre,"Thomas Nicolaisen, Højby",0,Odsherred Kommune,Nej,Nej
kommunalvalg,B. Radikale Venstre,"Thomas Nørlund Betak, Mejdal-Halgård",0,Holstebro Kommune,Nej,Nej
kommunalvalg,B. Radikale Venstre,"Thomas Sander Hansen, Græse Bakkeby",0,Frederikssund Kommune,Nej,Nej
kommunalvalg,B. Radikale Venstre,"Thomas Skov Andersen, Hvissinge",0,Glostrup Kommune,Nej,Nej
kommunalvalg,B. Radikale Venstre,"Thomas Stubbe Teglbjærg, Trige",0,Aarhus Kommune,Nej,Nej
kommunalvalg,B. Radikale Venstre,Tim Rørstrøm,0,Lemvig Kommune,Nej,Nej
kommunalvalg,B. Radikale Venstre,Tina Ginnerup Jespersen,0,Nyborg Kommune,Nej,Nej
kommunalvalg,B. Radikale Venstre,Tine Hessner,0,Furesø Kommune,Nej,Nej
kommunalvalg,B. Radikale Venstre,"Tobias Wittendorff Lund, Esbjerg N",0,Esbjerg Kommune,Nej,Nej
kommunalvalg,B. Radikale Venstre,Toke Kristensen,205,Kerteminde Kommune,Nej,Nej
kommunalvalg,B. Radikale Venstre,Tom Knudsen,0,Haderslev Kommune,Nej,Nej
kommunalvalg,B. Radikale Venstre,Tommy Ib Sandgaard,0,Herning Kommune,Nej,Nej
kommunalvalg,B. Radikale Venstre,Tommy Laursen,4,Kerteminde Kommune,Nej,Nej
kommunalvalg,B. Radikale Venstre,"Torben Brøchner Pedersen, Strib",0,Middelfart Kommune,Nej,Nej
kommunalvalg,B. Radikale Venstre,"Torben Christensen, Foldby",254,Favrskov Kommune,Nej,Nej
kommunalvalg,B. Radikale Venstre,"Torben Gudiksen, Vinderup",0,Holstebro Kommune,Nej,Nej
kommunalvalg,B. Radikale Venstre,Torben Krogh,0,Frederiksberg Kommune,Nej,Nej
kommunalvalg,B. Radikale Venstre,Torben Lollike,0,Ringsted Kommune,Nej,Nej
kommunalvalg,B. Radikale Venstre,Tore Vilhelmsen,0,Odense Kommune,Nej,Nej
kommunalvalg,B. Radikale Venstre,"Torsten Ployart Wetche, Farsø",231,Vesthimmerlands Kommune,Nej,Nej
kommunalvalg,B. Radikale Venstre,"Torsten Sylvest, Vipperød",0,Holbæk Kommune,Nej,Nej
kommunalvalg,B. Radikale Venstre,Torsten Topbjerg,135,Rebild Kommune,Nej,Nej
kommunalvalg,B. Radikale Venstre,Tove Graulund,0,Gladsaxe Kommune,Nej,Nej
kommunalvalg,B. Radikale Venstre,"Trine Bie, Lille Næstved",66,Næstved Kommune,Nej,Nej
kommunalvalg,B. Radikale Venstre,"Trine Dybkjær, Klampenborg",1006,Gentofte Kommune,Nej,Nej
kommunalvalg,B. Radikale Venstre,Trine Termann,0,Guldborgsund Kommune,Nej,Nej
kommunalvalg,B. Radikale Venstre,Troels Brandt,0,Slagelse Kommune,Nej,Nej
kommunalvalg,B. Radikale Venstre,Tue Fabricius,0,Nyborg Kommune,Nej,Nej
kommunalvalg,B. Radikale Venstre,"Tyge Birk, Frøslev",0,Stevns Kommune,Nej,Nej
kommunalvalg,B. Radikale Venstre,"Ulf Lolk Larsen, Rødvig",0,Stevns Kommune,Nej,Nej
kommunalvalg,B. Radikale Venstre,Ulrik Hesse,0,Gladsaxe Kommune,Nej,Nej
kommunalvalg,B. Radikale Venstre,"Ulrik Tingstrup, Ballerup",0,Ballerup Kommune,Nej,Nej
kommunalvalg,B. Radikale Venstre,"Vibeke Arndt Skak Jensen, Lillerød",0,Allerød Kommune,Nej,Nej
kommunalvalg,B. Radikale Venstre,"Vibeke Preisler, Klampenborg",16,Gentofte Kommune,Nej,Nej
kommunalvalg,B. Radikale Venstre,"Vicki Kastberg Ravnsbæk, Vemb",0,Holstebro Kommune,Nej,Nej
kommunalvalg,B. Radikale Venstre,"Vivi Rokkjær, Struer",0,Struer Kommune,Nej,Nej
kommunalvalg,B. Radikale Venstre,Wakas Mehmood,0,Albertslund Kommune,Nej,Nej
kommunalvalg,B. Radikale Venstre,Waris Mahmood,0,Ishøj Kommune,Nej,Nej
kommunalvalg,B. Radikale Venstre,Zeb Meier Watz,0,Odense Kommune,Nej,Nej
kommunalvalg,B. Radikale Venstre,"Özcan Tecer, Køge By",0,Køge Kommune,Nej,Nej
kommunalvalg,C. Det Konservative Folkeparti,Aein Jebelli,0,Allerød Kommune,Nej,Nej
kommunalvalg,C. Det Konservative Folkeparti,Ahn Lykke Pedersen,0,Vallensbæk Kommune,Nej,Nej
kommunalvalg,C. Det Konservative Folkeparti,"Aksel Juhl, Bolderslev",0,Aabenraa Kommune,Nej,Nej
kommunalvalg,C. Det Konservative Folkeparti,Aladdin Yildirim,0,Ringsted Kommune,Nej,Nej
kommunalvalg,C. Det Konservative Folkeparti,"Alex Klein, Thisted",0,Thisted Kommune,Nej,Nej
kommunalvalg,C. Det Konservative Folkeparti,"Alexander Bork, Kliplev",0,Aabenraa Kommune,Nej,Nej
kommunalvalg,C. Det Konservative Folkeparti,"Alexander Friborg, Nærum",0,Rudersdal Kommune,Nej,Nej
kommunalvalg,C. Det Konservative Folkeparti,Alexandra Dessoy,0,Frederiksberg Kommune,Nej,Nej
kommunalvalg,C. Det Konservative Folkeparti,"Ali Ünsal, Køge",0,Køge Kommune,Nej,Nej
kommunalvalg,C. Det Konservative Folkeparti,Alice Frost Larsen,0,Samsø Kommune,Nej,Nej
kommunalvalg,C. Det Konservative Folkeparti,"Alice Holst Brask, Grenaa",0,Norddjurs Kommune,Nej,Nej
kommunalvalg,C. Det Konservative Folkeparti,"Allan B. Henningsen, Aabenraa",0,Aabenraa Kommune,Nej,Nej
kommunalvalg,C. Det Konservative Folkeparti,"Allan Bonde Jensen, Rudkøbing",59,Langeland Kommune,Nej,Nej
kommunalvalg,C. Det Konservative Folkeparti,"Allan Jagd Esmarch, Øster Bording",0,Silkeborg Kommune,Nej,Nej
kommunalvalg,C. Det Konservative Folkeparti,Allan Krarup,0,Vejen Kommune,Nej,Nej
kommunalvalg,C. Det Konservative Folkeparti,"Allan Kristensen, Ballerup",0,Ballerup Kommune,Nej,Nej
kommunalvalg,C. Det Konservative Folkeparti,Allan Mads Knægt,100,Nordfyns Kommune,Nej,Nej
kommunalvalg,C. Det Konservative Folkeparti,"Allan Munk Nielsen, Sdr. Omme",0,Billund Kommune,Nej,Nej
kommunalvalg,C. Det Konservative Folkeparti,Allan Orland,0,Brøndby Kommune,Nej,Nej
kommunalvalg,C. Det Konservative Folkeparti,"Allan Ritter, Løgstør",485,Vesthimmerlands Kommune,Nej,Nej
kommunalvalg,C. Det Konservative Folkeparti,Allan Tirsgaard,274,Faxe Kommune,Nej,Nej
kommunalvalg,C. Det Konservative Folkeparti,Allan Tronborg,0,Holbæk Kommune,Nej,Nej
kommunalvalg,C. Det Konservative Folkeparti,Alma Hartmann Jensen,0,Lyngby-Taarbæk Kommune,Nej,Nej
kommunalvalg,C. Det Konservative Folkeparti,"Amalie Thomsen, Vejle",0,Vejle Kommune,Nej,Nej
kommunalvalg,C. Det Konservative Folkeparti,Amanda Egerod Lund,0,Allerød Kommune,Nej,Nej
kommunalvalg,C. Det Konservative Folkeparti,Anders Johansson,0,Svendborg Kommune,Nej,Nej
kommunalvalg,C. Det Konservative Folkeparti,Anders Kjærulff,0,Lyngby-Taarbæk Kommune,Nej,Nej
kommunalvalg,C. Det Konservative Folkeparti,"Anders Koch-Hørlyck, Rødekro",0,Aabenraa Kommune,Nej,Nej
kommunalvalg,C. Det Konservative Folkeparti,"Anders Krojgaard Lund, Stensballe",0,Horsens Kommune,Nej,Nej
kommunalvalg,C. Det Konservative Folkeparti,Anders Løve Kyhl,0,Københavns Kommune,Nej,Nej
kommunalvalg,C. Det Konservative Folkeparti,"Anders Møller, Nexø",0,Bornholms Regionskommune,Nej,Nej
kommunalvalg,C. Det Konservative Folkeparti,Anders Rasmussen,0,Holbæk Kommune,Nej,Nej
kommunalvalg,C. Det Konservative Folkeparti,"Anders Sindal Møller, Hjørring",56,Hjørring Kommune,Nej,Nej
kommunalvalg,C. Det Konservative Folkeparti,"Anders Stausholm, Nykøbing F.",0,Guldborgsund Kommune,Nej,Nej
kommunalvalg,C. Det Konservative Folkeparti,Anders Storgaard,0,Frederiksberg Kommune,Nej,Nej
kommunalvalg,C. Det Konservative Folkeparti,"Anders Theisen, Strø",40,Hillerød Kommune,Nej,Nej
kommunalvalg,C. Det Konservative Folkeparti,Anders Thingholm,695,Nordfyns Kommune,Nej,Nej
kommunalvalg,C. Det Konservative Folkeparti,Andrea Christoffersen,0,Odense Kommune,Nej,Nej
kommunalvalg,C. Det Konservative Folkeparti,Andreas Karlsen,0,Ringsted Kommune,Nej,Nej
kommunalvalg,C. Det Konservative Folkeparti,Andreas Petersen,0,Københavns Kommune,Nej,Nej
kommunalvalg,C. Det Konservative Folkeparti,Andreas Stensig Jensen,0,Ringsted Kommune,Nej,Nej
kommunalvalg,C. Det Konservative Folkeparti,Andreas Thomassen,8,Fanø Kommune,Nej,Nej
kommunalvalg,C. Det Konservative Folkeparti,"André Guulvard, Balle",0,Silkeborg Kommune,Nej,Nej
kommunalvalg,C. Det Konservative Folkeparti,Ane Rolsted,0,Frederiksberg Kommune,Nej,Nej
kommunalvalg,C. Det Konservative Folkeparti,Ane-Jette Jacobsen,0,Holbæk Kommune,Nej,Nej
kommunalvalg,C. Det Konservative Folkeparti,Anette Abildgaard Larsen,0,Tønder Kommune,Nej,Nej
kommunalvalg,C. Det Konservative Folkeparti,"Anette Borup Fristrup, Farsø",141,Vesthimmerlands Kommune,Nej,Nej
kommunalvalg,C. Det Konservative Folkeparti,"Anette Brix, Holme-Olstrup",447,Næstved Kommune,Nej,Nej
kommunalvalg,C. Det Konservative Folkeparti,Anette Melgaard,35,Faxe Kommune,Nej,Nej
kommunalvalg,C. Det Konservative Folkeparti,Anita Sønderup,102,Mariagerfjord Kommune,Nej,Nej
kommunalvalg,C. Det Konservative Folkeparti,Anja Louise Ziegenfeldt Sørensen,175,Viborg Kommune,Nej,Nej
kommunalvalg,C. Det Konservative Folkeparti,Ann Maria Tjagvad,0,Vallensbæk Kommune,Nej,Nej
kommunalvalg,C. Det Konservative Folkeparti,"Ann Mette Christensen, Ålbæk",0,Frederikshavn Kommune,Nej,Nej
kommunalvalg,C. Det Konservative Folkeparti,"Ann Sofie Orth, Holte",0,Rudersdal Kommune,Nej,Nej
kommunalvalg,C. Det Konservative Folkeparti,Ann Sophie Friis,366,Gentofte Kommune,Nej,Nej
kommunalvalg,C. Det Konservative Folkeparti,"Ann-Kathrine Sørensen, Hedehusene",0,Høje-Taastrup Kommune,Nej,Nej
kommunalvalg,C. Det Konservative Folkeparti,"Anna Pedersen, Glamsbjerg",0,Assens Kommune,Nej,Nej
kommunalvalg,C. Det Konservative Folkeparti,Anne Benard,0,Frederiksberg Kommune,Nej,Nej
kommunalvalg,C. Det Konservative Folkeparti,Anne Bødker,0,Herlev Kommune,Nej,Nej
kommunalvalg,C. Det Konservative Folkeparti,"Anne Fiber, Langeskov",155,Kerteminde Kommune,Nej,Nej
kommunalvalg,C. Det Konservative Folkeparti,"Anne Grete Madsen, Bjergsted",0,Kalundborg Kommune,Nej,Nej
kommunalvalg,C. Det Konservative Folkeparti,"Anne Rosenkilde Ebbe, Nørre Alslev",0,Guldborgsund Kommune,Nej,Nej
kommunalvalg,C. Det Konservative Folkeparti,"Anne Vinther Schmidt, Vedbæk",0,Rudersdal Kommune,Nej,Nej
kommunalvalg,C. Det Konservative Folkeparti,"Anne-Mette Solberg, Halvrimmen",0,Jammerbugt Kommune,Nej,Nej
kommunalvalg,C. Det Konservative Folkeparti,Anne-Sophie Schjønning,94,Favrskov Kommune,Nej,Nej
kommunalvalg,C. Det Konservative Folkeparti,"Annette  Schulz Jensen, Serridslev",0,Horsens Kommune,Nej,Nej
kommunalvalg,C. Det Konservative Folkeparti,"Annette Mosegaard, Isenvad",450,Ikast-Brande Kommune,Nej,Nej
kommunalvalg,C. Det Konservative Folkeparti,Annette Wiencken,0,Hørsholm Kommune,Nej,Nej
kommunalvalg,C. Det Konservative Folkeparti,"Annette Øgaard, Ejstrupholm",333,Ikast-Brande Kommune,Nej,Nej
kommunalvalg,C. Det Konservative Folkeparti,Anton Brüniche-Olsen,500,Gentofte Kommune,Nej,Nej
kommunalvalg,C. Det Konservative Folkeparti,"Aqqalooraq Henning Møller, Aalborg",0,Aalborg Kommune,Nej,Nej
kommunalvalg,C. Det Konservative Folkeparti,Barbara Engelstoft,66,Gentofte Kommune,Nej,Nej
kommunalvalg,C. Det Konservative Folkeparti,Benedicte Hjerl Carstensen,0,Lemvig Kommune,Nej,Nej
kommunalvalg,C. Det Konservative Folkeparti,"Benedikte Kiær, Helsingør",0,Helsingør Kommune,Nej,Nej
kommunalvalg,C. Det Konservative Folkeparti,"Benedikte Skov Pedersen, Ørum Djurs",0,Norddjurs Kommune,Nej,Nej
kommunalvalg,C. Det Konservative Folkeparti,Benjamin Pedersen,0,Ringsted Kommune,Nej,Nej
kommunalvalg,C. Det Konservative Folkeparti,"Benjamin Tvede, Aarhus N",0,Aarhus Kommune,Nej,Nej
kommunalvalg,C. Det Konservative Folkeparti,"Benny Hammer, Bønnerup Strand",0,Norddjurs Kommune,Nej,Nej
kommunalvalg,C. Det Konservative Folkeparti,Bent Andersen,3,Fanø Kommune,Nej,Nej
kommunalvalg,C. Det Konservative Folkeparti,Bent Delfs,0,Holbæk Kommune,Nej,Nej
kommunalvalg,C. Det Konservative Folkeparti,"Berit Dichow, Haderslev",0,Haderslev Kommune,Nej,Nej
kommunalvalg,C. Det Konservative Folkeparti,"Betina Kordoff, Appenæs",2,Næstved Kommune,Nej,Nej
kommunalvalg,C. Det Konservative Folkeparti,"Betina Thomsen, Sønderborg",0,Sønderborg Kommune,Nej,Nej
kommunalvalg,C. Det Konservative Folkeparti,"Betina Wettengel, Harte",27,Kolding Kommune,Nej,Nej
kommunalvalg,C. Det Konservative Folkeparti,"Bettina Hansen, Næstved",28,Næstved Kommune,Nej,Nej
kommunalvalg,C. Det Konservative Folkeparti,Bia Ndamukunda,0,Randers Kommune,Nej,Nej
kommunalvalg,C. Det Konservative Folkeparti,"Bibi Foged Rasmussen, Dalby",148,Kerteminde Kommune,Nej,Nej
kommunalvalg,C. Det Konservative Folkeparti,Biljana Justesen,5,Favrskov Kommune,Nej,Nej
kommunalvalg,C. Det Konservative Folkeparti,Billal Zahoor,0,Albertslund Kommune,Nej,Nej
kommunalvalg,C. Det Konservative Folkeparti,Birgit Skytte,0,Vallensbæk Kommune,Nej,Nej
kommunalvalg,C. Det Konservative Folkeparti,"Birgitte Bergman, Snekkersten",0,Helsingør Kommune,Nej,Nej
kommunalvalg,C. Det Konservative Folkeparti,"Birgitte Majgaard, Galten-Skovby",0,Skanderborg Kommune,Nej,Nej
kommunalvalg,C. Det Konservative Folkeparti,"Birgitte Neergaard-Kofod, Ledøje",0,Egedal Kommune,Nej,Nej
kommunalvalg,C. Det Konservative Folkeparti,Birgitte Rolighed,118,Viborg Kommune,Nej,Nej
kommunalvalg,C. Det Konservative Folkeparti,"Birgitte Wilsted Simonsen, Støvring",383,Rebild Kommune,Nej,Nej
kommunalvalg,C. Det Konservative Folkeparti,Birthe Jacob Wordenskjold,0,Ringsted Kommune,Nej,Nej
kommunalvalg,C. Det Konservative Folkeparti,"Bitten Kvist Jakobsen, Bremdal",0,Struer Kommune,Nej,Nej
kommunalvalg,C. Det Konservative Folkeparti,Bjarke Juel Helt,8,Ærø Kommune,Nej,Nej
kommunalvalg,C. Det Konservative Folkeparti,"Bjarne B. Madsen, Elling",0,Frederikshavn Kommune,Nej,Nej
kommunalvalg,C. Det Konservative Folkeparti,Bjarne Donslund,0,Esbjerg Kommune,Nej,Nej
kommunalvalg,C. Det Konservative Folkeparti,Bjarne Højlund,0,Ringkøbing-Skjern Kommune,Nej,Nej
kommunalvalg,C. Det Konservative Folkeparti,Bjarne Linneberg,0,Skive Kommune,Nej,Nej
kommunalvalg,C. Det Konservative Folkeparti,"Bjarne Rasmussen, Herfølge",0,Køge Kommune,Nej,Nej
kommunalvalg,C. Det Konservative Folkeparti,"Bjørn Hjorth Westh, Tybjerg",51,Næstved Kommune,Nej,Nej
kommunalvalg,C. Det Konservative Folkeparti,"Bjørn Jensen, Thorsager",138,Syddjurs Kommune,Nej,Nej
kommunalvalg,C. Det Konservative Folkeparti,Bjørn Lykke Sørensen,0,Lejre Kommune,Nej,Nej
kommunalvalg,C. Det Konservative Folkeparti,Bodil Vedsegaard,0,Nyborg Kommune,Nej,Nej
kommunalvalg,C. Det Konservative Folkeparti,Bojanna Visby Jensen,0,Halsnæs Kommune,Nej,Nej
kommunalvalg,C. Det Konservative Folkeparti,Brian Holm,0,Frederiksberg Kommune,Nej,Nej
kommunalvalg,C. Det Konservative Folkeparti,"Brian Hornuff, Roskilde",0,Roskilde Kommune,Nej,Nej
kommunalvalg,C. Det Konservative Folkeparti,"Brian Højer Nordstrøm, Tilsted",0,Thisted Kommune,Nej,Nej
kommunalvalg,C. Det Konservative Folkeparti,"Brian Nedergaard, Tulstrup",42,Hillerød Kommune,Nej,Nej
kommunalvalg,C. Det Konservative Folkeparti,Brian René Pedersen,0,Albertslund Kommune,Nej,Nej
kommunalvalg,C. Det Konservative Folkeparti,"Brian Talarek, Glostrup",0,Glostrup Kommune,Nej,Nej
kommunalvalg,C. Det Konservative Folkeparti,Brigitte Klintskov Jerkel,0,Greve Kommune,Nej,Nej
kommunalvalg,C. Det Konservative Folkeparti,Britta Riis,331,Gentofte Kommune,Nej,Nej
kommunalvalg,C. Det Konservative Folkeparti,"Bruno Søndersø Jensen, Give",0,Vejle Kommune,Nej,Nej
kommunalvalg,C. Det Konservative Folkeparti,"Bünyamin Simsek, Aarhus C",0,Aarhus Kommune,Nej,Nej
kommunalvalg,C. Det Konservative Folkeparti,Camilla Lindbjerg,0,Gribskov Kommune,Nej,Nej
kommunalvalg,C. Det Konservative Folkeparti,"Camilla Sabroe Parbst, Roskilde",0,Roskilde Kommune,Nej,Nej
kommunalvalg,C. Det Konservative Folkeparti,"Camilla Thorvig, Aalborg",0,Aalborg Kommune,Nej,Nej
kommunalvalg,C. Det Konservative Folkeparti,"Candice Progler-Thomsen, Maribo",0,Lolland Kommune,Nej,Nej
kommunalvalg,C. Det Konservative Folkeparti,Carina Høedt,0,Frederiksberg Kommune,Nej,Nej
kommunalvalg,C. Det Konservative Folkeparti,Carl Eltorp,0,Vallensbæk Kommune,Nej,Nej
kommunalvalg,C. Det Konservative Folkeparti,Carl Jørgen Heide,88,Ærø Kommune,Nej,Nej
kommunalvalg,C. Det Konservative Folkeparti,"Carsten Bering, Næstved",87,Næstved Kommune,Nej,Nej
kommunalvalg,C. Det Konservative Folkeparti,"Carsten Dalgaard, Ikast",47,Ikast-Brande Kommune,Nej,Nej
kommunalvalg,C. Det Konservative Folkeparti,Carsten Fuhr,0,Tårnby Kommune,Nej,Nej
kommunalvalg,C. Det Konservative Folkeparti,Carsten Lüth,19,Dragør Kommune,Nej,Nej
kommunalvalg,C. Det Konservative Folkeparti,"Carsten Petersen, Ruds Vedby",101,Sorø Kommune,Nej,Nej
kommunalvalg,C. Det Konservative Folkeparti,"Carsten Svanberg, Dybbøl",0,Sønderborg Kommune,Nej,Nej
kommunalvalg,C. Det Konservative Folkeparti,Carsten Volden,0,Frederiksberg Kommune,Nej,Nej
kommunalvalg,C. Det Konservative Folkeparti,"Carsten Winther, Trørød",0,Rudersdal Kommune,Nej,Nej
kommunalvalg,C. Det Konservative Folkeparti,Caspar Stefani,0,Frederiksberg Kommune,Nej,Nej
kommunalvalg,C. Det Konservative Folkeparti,"Casper Gaard, Glostrup",0,Glostrup Kommune,Nej,Nej
kommunalvalg,C. Det Konservative Folkeparti,Casper Hannibal Aistrup,0,Gribskov Kommune,Nej,Nej
kommunalvalg,C. Det Konservative Folkeparti,Casper Strunge,0,Lyngby-Taarbæk Kommune,Nej,Nej
kommunalvalg,C. Det Konservative Folkeparti,"Casper Stølting, Brovst",0,Jammerbugt Kommune,Nej,Nej
kommunalvalg,C. Det Konservative Folkeparti,Casper Øhlers,0,Københavns Kommune,Nej,Nej
kommunalvalg,C. Det Konservative Folkeparti,"Cecilie C. Johannsen, Aabenraa",0,Aabenraa Kommune,Nej,Nej
kommunalvalg,C. Det Konservative Folkeparti,"Cecilie Friis Parsow, Køge",0,Køge Kommune,Nej,Nej
kommunalvalg,C. Det Konservative Folkeparti,Cecilie Iwang,0,Københavns Kommune,Nej,Nej
kommunalvalg,C. Det Konservative Folkeparti,"Celine Lind Jakobsen, Kokkedal",317,Fredensborg Kommune,Nej,Nej
kommunalvalg,C. Det Konservative Folkeparti,Chano Chrillesen,16,Dragør Kommune,Nej,Nej
kommunalvalg,C. Det Konservative Folkeparti,"Charlotte Bjørn Guldbrandt, Roskilde",0,Roskilde Kommune,Nej,Nej
kommunalvalg,C. Det Konservative Folkeparti,"Charlotte Bøvling, Aars",102,Vesthimmerlands Kommune,Nej,Nej
kommunalvalg,C. Det Konservative Folkeparti,Charlotte Green,442,Favrskov Kommune,Nej,Nej
kommunalvalg,C. Det Konservative Folkeparti,Charlotte Kirchheiner,0,Hørsholm Kommune,Nej,Nej
kommunalvalg,C. Det Konservative Folkeparti,Charlotte Poll,0,Ringsted Kommune,Nej,Nej
kommunalvalg,C. Det Konservative Folkeparti,"Charlotte Prösch, Sønderborg",0,Sønderborg Kommune,Nej,Nej
kommunalvalg,C. Det Konservative Folkeparti,"Charlotte Saxil, Fredensborg",193,Fredensborg Kommune,Nej,Nej
kommunalvalg,C. Det Konservative Folkeparti,"Charlotte Svømmeholm, Serridslev",0,Horsens Kommune,Nej,Nej
kommunalvalg,C. Det Konservative Folkeparti,"Charlotte Sørensen, Gørløse",344,Hillerød Kommune,Nej,Nej
kommunalvalg,C. Det Konservative Folkeparti,Chresten Heide-Anderson,0,Herlev Kommune,Nej,Nej
kommunalvalg,C. Det Konservative Folkeparti,"Chris Christiansen, Maribo",0,Lolland Kommune,Nej,Nej
kommunalvalg,C. Det Konservative Folkeparti,"Chris Harfeld, Fuglebjerg",22,Næstved Kommune,Nej,Nej
kommunalvalg,C. Det Konservative Folkeparti,Chris Hvid Hansen,0,Københavns Kommune,Nej,Nej
kommunalvalg,C. Det Konservative Folkeparti,Christian Bardram,0,Lyngby-Taarbæk Kommune,Nej,Nej
kommunalvalg,C. Det Konservative Folkeparti,Christian Bartels Kastrup,0,Allerød Kommune,Nej,Nej
kommunalvalg,C. Det Konservative Folkeparti,Christian Carlsen,0,Lyngby-Taarbæk Kommune,Nej,Nej
kommunalvalg,C. Det Konservative Folkeparti,Christian Dyremose Bræstrup,0,Lyngby-Taarbæk Kommune,Nej,Nej
kommunalvalg,C. Det Konservative Folkeparti,Christian Fjord Tarbensen,0,Esbjerg Kommune,Nej,Nej
kommunalvalg,C. Det Konservative Folkeparti,"Christian Froberg Dahl, Almindingen",0,Bornholms Regionskommune,Nej,Nej
kommunalvalg,C. Det Konservative Folkeparti,Christian Hansen,135,Dragør Kommune,Nej,Nej
kommunalvalg,C. Det Konservative Folkeparti,Christian Hesselberg,0,Københavns Kommune,Nej,Nej
kommunalvalg,C. Det Konservative Folkeparti,Christian Lorenzen,127,Fanø Kommune,Nej,Nej
kommunalvalg,C. Det Konservative Folkeparti,"Christian Panbo, Aabenraa",0,Aabenraa Kommune,Nej,Nej
kommunalvalg,C. Det Konservative Folkeparti,"Christian Sejlund, Hjallerup",0,Brønderslev Kommune,Nej,Nej
kommunalvalg,C. Det Konservative Folkeparti,Christian Stenberg,0,Svendborg Kommune,Nej,Nej
kommunalvalg,C. Det Konservative Folkeparti,"Christian Strier Jacobsen, Svenstrup",0,Aalborg Kommune,Nej,Nej
kommunalvalg,C. Det Konservative Folkeparti,Christian Ulrich Terp,0,Ringkøbing-Skjern Kommune,Nej,Nej
kommunalvalg,C. Det Konservative Folkeparti,"Christian Wedell-Neergaard, Herfølge",0,Køge Kommune,Nej,Nej
kommunalvalg,C. Det Konservative Folkeparti,"Christian Weichel, Snekkersten",0,Helsingør Kommune,Nej,Nej
kommunalvalg,C. Det Konservative Folkeparti,"Christian Wibe-Marker, Skanderborg",0,Skanderborg Kommune,Nej,Nej
kommunalvalg,C. Det Konservative Folkeparti,Christian Winther,0,Lyngby-Taarbæk Kommune,Nej,Nej
kommunalvalg,C. Det Konservative Folkeparti,"Christina Foldager, Kolding",1598,Kolding Kommune,Nej,Nej
kommunalvalg,C. Det Konservative Folkeparti,"Christina Kofod Krönlein, Stenseby",0,Bornholms Regionskommune,Nej,Nej
kommunalvalg,C. Det Konservative Folkeparti,Christina Wex,917,Gentofte Kommune,Nej,Nej
kommunalvalg,C. Det Konservative Folkeparti,Christine Bernt Henriksen,0,Lyngby-Taarbæk Kommune,Nej,Nej
kommunalvalg,C. Det Konservative Folkeparti,"Christine Kjeldgaard, Maribo",0,Lolland Kommune,Nej,Nej
kommunalvalg,C. Det Konservative Folkeparti,"Christine Mardov-Skaaning, Hillerød Midtby",77,Hillerød Kommune,Nej,Nej
kommunalvalg,C. Det Konservative Folkeparti,"Christine Søjbjerg, Ølstykke",0,Egedal Kommune,Nej,Nej
kommunalvalg,C. Det Konservative Folkeparti,"Christoffer Buster Reinhardt, Holte",0,Rudersdal Kommune,Nej,Nej
kommunalvalg,C. Det Konservative Folkeparti,"Christoffer Lorenzen, Hillerød Midtby",2907,Hillerød Kommune,Nej,Nej
kommunalvalg,C. Det Konservative Folkeparti,"Claus Birkelyng, Helsingør",0,Helsingør Kommune,Nej,Nej
kommunalvalg,C. Det Konservative Folkeparti,"Claus Hjorting, Gl. Holte",0,Rudersdal Kommune,Nej,Nej
kommunalvalg,C. Det Konservative Folkeparti,"Claus Larsen, Vedbæk",0,Rudersdal Kommune,Nej,Nej
kommunalvalg,C. Det Konservative Folkeparti,"Claus Møller-Nielsen, Gjern",0,Silkeborg Kommune,Nej,Nej
kommunalvalg,C. Det Konservative Folkeparti,"Claus Neergaard, Fuglebjerg",48,Næstved Kommune,Nej,Nej
kommunalvalg,C. Det Konservative Folkeparti,Claus Nielsen,186,Viborg Kommune,Nej,Nej
kommunalvalg,C. Det Konservative Folkeparti,Claus Olesen,0,Fredericia Kommune,Nej,Nej
kommunalvalg,C. Det Konservative Folkeparti,"Claus Piper, Næstved",15,Næstved Kommune,Nej,Nej
kommunalvalg,C. Det Konservative Folkeparti,"Claus Rømer, Køge Nord",0,Køge Kommune,Nej,Nej
kommunalvalg,C. Det Konservative Folkeparti,Claus Skaalum Lyder,0,Tårnby Kommune,Nej,Nej
kommunalvalg,C. Det Konservative Folkeparti,Claus Søndergaard Andersen,5,Morsø Kommune,Nej,Nej
kommunalvalg,C. Det Konservative Folkeparti,"Claus Sørensen, Tørring",0,Hedensted Kommune,Nej,Nej
kommunalvalg,C. Det Konservative Folkeparti,Claus Wagenblast-Franck,0,Frederiksberg Kommune,Nej,Nej
kommunalvalg,C. Det Konservative Folkeparti,Claus Ø. Mosekjær,0,Lemvig Kommune,Nej,Nej
kommunalvalg,C. Det Konservative Folkeparti,"Conni Hansen, Assens",0,Assens Kommune,Nej,Nej
kommunalvalg,C. Det Konservative Folkeparti,"Conny Birkholm, Bistrup",0,Rudersdal Kommune,Nej,Nej
kommunalvalg,C. Det Konservative Folkeparti,Dagmar Damm,0,Københavns Kommune,Nej,Nej
kommunalvalg,C. Det Konservative Folkeparti,"Dan Arnløv, Vejle",0,Vejle Kommune,Nej,Nej
kommunalvalg,C. Det Konservative Folkeparti,"Dan Foss Kragh, Kolding Ø",78,Kolding Kommune,Nej,Nej
kommunalvalg,C. Det Konservative Folkeparti,"Dan Kornbek Christiansen, Glostrup",0,Glostrup Kommune,Nej,Nej
kommunalvalg,C. Det Konservative Folkeparti,"Dan Kristensen, Vadum",0,Aalborg Kommune,Nej,Nej
kommunalvalg,C. Det Konservative Folkeparti,Dan Pedersen,0,Københavns Kommune,Nej,Nej
kommunalvalg,C. Det Konservative Folkeparti,"Daniel Drefeld, Frederikssund",0,Frederikssund Kommune,Nej,Nej
kommunalvalg,C. Det Konservative Folkeparti,Daniel Frigast,0,Gribskov Kommune,Nej,Nej
kommunalvalg,C. Det Konservative Folkeparti,"Daniel Jensen, Hjordkær",0,Aabenraa Kommune,Nej,Nej
kommunalvalg,C. Det Konservative Folkeparti,"Daniel Klestrup Bjærge, Ødis Bramdrup",37,Kolding Kommune,Nej,Nej
kommunalvalg,C. Det Konservative Folkeparti,"Daniel Krag Nielsen, Hjørring",110,Hjørring Kommune,Nej,Nej
kommunalvalg,C. Det Konservative Folkeparti,"Daniel Melgaard Jacobsen, Helsingør",0,Helsingør Kommune,Nej,Nej
kommunalvalg,C. Det Konservative Folkeparti,"Daniel Nyborg Jensen, Auning",0,Norddjurs Kommune,Nej,Nej
kommunalvalg,C. Det Konservative Folkeparti,"Daniel Vestergaard, Lendum",358,Hjørring Kommune,Nej,Nej
kommunalvalg,C. Det Konservative Folkeparti,Danielle Spogard,139,Gentofte Kommune,Nej,Nej
kommunalvalg,C. Det Konservative Folkeparti,Danni Petræus,0,Esbjerg Kommune,Nej,Nej
kommunalvalg,C. Det Konservative Folkeparti,David Grolin Kristensen,0,Københavns Kommune,Nej,Nej
kommunalvalg,C. Det Konservative Folkeparti,David Holmberg,186,Mariagerfjord Kommune,Nej,Nej
kommunalvalg,C. Det Konservative Folkeparti,"David Ingvorsen, Næstved",18,Næstved Kommune,Nej,Nej
kommunalvalg,C. Det Konservative Folkeparti,"Dean Lilleskov Larsen, Jerslev",0,Kalundborg Kommune,Nej,Nej
kommunalvalg,C. Det Konservative Folkeparti,Dennis Skov Rasmussen,0,Svendborg Kommune,Nej,Nej
kommunalvalg,C. Det Konservative Folkeparti,"Dennis Stentebjerg-Czuba, Sakskøbing",0,Guldborgsund Kommune,Nej,Nej
kommunalvalg,C. Det Konservative Folkeparti,Dino Selimović,0,Esbjerg Kommune,Nej,Nej
kommunalvalg,C. Det Konservative Folkeparti,"Ditlev Friderichsen, Nakskov",0,Lolland Kommune,Nej,Nej
kommunalvalg,C. Det Konservative Folkeparti,Ditte Keidser,0,Holbæk Kommune,Nej,Nej
kommunalvalg,C. Det Konservative Folkeparti,Dorte Hvolbye Ibsen,0,Vallensbæk Kommune,Nej,Nej
kommunalvalg,C. Det Konservative Folkeparti,"Dorte R. Pannicke, Børkop",0,Vejle Kommune,Nej,Nej
kommunalvalg,C. Det Konservative Folkeparti,"Dorte Sams, Munkebo",22,Kerteminde Kommune,Nej,Nej
kommunalvalg,C. Det Konservative Folkeparti,Dorte Vilhelmsen,0,Herlev Kommune,Nej,Nej
kommunalvalg,C. Det Konservative Folkeparti,"Dorthe Kærbo Christensen, Errindlev",0,Lolland Kommune,Nej,Nej
kommunalvalg,C. Det Konservative Folkeparti,Dorthe Laigaard,0,Skive Kommune,Nej,Nej
kommunalvalg,C. Det Konservative Folkeparti,"Dorthe Olsen, Fjerritslev",0,Jammerbugt Kommune,Nej,Nej
kommunalvalg,C. Det Konservative Folkeparti,"Dorthe Pedersen, Sundby Thy",0,Thisted Kommune,Nej,Nej
kommunalvalg,C. Det Konservative Folkeparti,Dorthe Topp Larsen,0,Odense Kommune,Nej,Nej
kommunalvalg,C. Det Konservative Folkeparti,Dorthe Winberg,0,Stevns Kommune,Nej,Nej
kommunalvalg,C. Det Konservative Folkeparti,Dorthe la Cour,0,Lyngby-Taarbæk Kommune,Nej,Nej
kommunalvalg,C. Det Konservative Folkeparti,"Dorthe le Fèvre, Ebeltoft",74,Syddjurs Kommune,Nej,Nej
kommunalvalg,C. Det Konservative Folkeparti,Egil Hulgaard,0,Furesø Kommune,Nej,Nej
kommunalvalg,C. Det Konservative Folkeparti,Egon Bo,0,Slagelse Kommune,Nej,Nej
kommunalvalg,C. Det Konservative Folkeparti,"Egon Høst Greve, Starup",0,Haderslev Kommune,Nej,Nej
kommunalvalg,C. Det Konservative Folkeparti,"Eigil Storm, Næstved",20,Næstved Kommune,Nej,Nej
kommunalvalg,C. Det Konservative Folkeparti,"Einar Bolt, Skodsborg",0,Rudersdal Kommune,Nej,Nej
kommunalvalg,C. Det Konservative Folkeparti,Ejner Skræddergaard,0,Hvidovre Kommune,Nej,Nej
kommunalvalg,C. Det Konservative Folkeparti,"Elena Markova, Trørød",0,Rudersdal Kommune,Nej,Nej
kommunalvalg,C. Det Konservative Folkeparti,Elias Lederhaas,0,Frederiksberg Kommune,Nej,Nej
kommunalvalg,C. Det Konservative Folkeparti,"Elisabeth H. Larsen, Gamborg",0,Middelfart Kommune,Nej,Nej
kommunalvalg,C. Det Konservative Folkeparti,"Elisabeth Ildal, Holte",0,Rudersdal Kommune,Nej,Nej
kommunalvalg,C. Det Konservative Folkeparti,"Ellen Ngos Lenskjold Trae, Rudkøbing",89,Langeland Kommune,Nej,Nej
kommunalvalg,C. Det Konservative Folkeparti,Else Henriette Andersen,41,Læsø Kommune,Nej,Nej
kommunalvalg,C. Det Konservative Folkeparti,Else Marie Thorgaard,0,Frederiksberg Kommune,Nej,Nej
kommunalvalg,C. Det Konservative Folkeparti,Emil Bredahl Lavsen,0,Slagelse Kommune,Nej,Nej
kommunalvalg,C. Det Konservative Folkeparti,"Emil Carlberg, Fredensborg",22,Fredensborg Kommune,Nej,Nej
kommunalvalg,C. Det Konservative Folkeparti,Emil Larsen,0,Stevns Kommune,Nej,Nej
kommunalvalg,C. Det Konservative Folkeparti,"Emil Staugaard, Borup",0,Køge Kommune,Nej,Nej
kommunalvalg,C. Det Konservative Folkeparti,"Emilie Aalestrup, Støvring",377,Rebild Kommune,Nej,Nej
kommunalvalg,C. Det Konservative Folkeparti,Emilie Hjort Fog,97,Viborg Kommune,Nej,Nej
kommunalvalg,C. Det Konservative Folkeparti,Emma Astrid Lund Nielsen,0,Vallensbæk Kommune,Nej,Nej
kommunalvalg,C. Det Konservative Folkeparti,"Emma Holm, Nykøbing F.",0,Guldborgsund Kommune,Nej,Nej
kommunalvalg,C. Det Konservative Folkeparti,"Eric Beran, Bistrup",0,Rudersdal Kommune,Nej,Nej
kommunalvalg,C. Det Konservative Folkeparti,Eric Lerdrup Bourgois,0,Allerød Kommune,Nej,Nej
kommunalvalg,C. Det Konservative Folkeparti,"Erik Back, Aarhus C",0,Aarhus Kommune,Nej,Nej
kommunalvalg,C. Det Konservative Folkeparti,"Erik Nicolaisen, Gug",0,Aalborg Kommune,Nej,Nej
kommunalvalg,C. Det Konservative Folkeparti,"Erik Olsen, Ørslev",0,Vordingborg Kommune,Nej,Nej
kommunalvalg,C. Det Konservative Folkeparti,Erik Simonsen,0,Odense Kommune,Nej,Nej
kommunalvalg,C. Det Konservative Folkeparti,"Erwin Kuipers, Haderslev",0,Haderslev Kommune,Nej,Nej
kommunalvalg,C. Det Konservative Folkeparti,Esben Dyekjær,0,Hørsholm Kommune,Nej,Nej
kommunalvalg,C. Det Konservative Folkeparti,"Esben Hedeager, Egebjerg",0,Horsens Kommune,Nej,Nej
kommunalvalg,C. Det Konservative Folkeparti,Eskild Olsen,0,Stevns Kommune,Nej,Nej
kommunalvalg,C. Det Konservative Folkeparti,"Eva Sell, Sorø",29,Sorø Kommune,Nej,Nej
kommunalvalg,C. Det Konservative Folkeparti,Fasael Rehman,0,Frederiksberg Kommune,Nej,Nej
kommunalvalg,C. Det Konservative Folkeparti,Filip Andrzej Porebski,0,Tårnby Kommune,Nej,Nej
kommunalvalg,C. Det Konservative Folkeparti,"Finn Boye, Bagenkop",29,Langeland Kommune,Nej,Nej
kommunalvalg,C. Det Konservative Folkeparti,"Finn Søder, Sengeløse",0,Høje-Taastrup Kommune,Nej,Nej
kommunalvalg,C. Det Konservative Folkeparti,Firat Sari,0,Vallensbæk Kommune,Nej,Nej
kommunalvalg,C. Det Konservative Folkeparti,Flemming Aaen Jensen,52,Favrskov Kommune,Nej,Nej
kommunalvalg,C. Det Konservative Folkeparti,"Flemming Agerskov, Frederikshavn",0,Frederikshavn Kommune,Nej,Nej
kommunalvalg,C. Det Konservative Folkeparti,"Flemming Hansen, Strib",0,Middelfart Kommune,Nej,Nej
kommunalvalg,C. Det Konservative Folkeparti,Flemming Nielsen,15,Favrskov Kommune,Nej,Nej
kommunalvalg,C. Det Konservative Folkeparti,"Flemming Sorth, Saltuna",0,Bornholms Regionskommune,Nej,Nej
kommunalvalg,C. Det Konservative Folkeparti,"Flemming Wrist-Knudsen, Mogenstrup",38,Næstved Kommune,Nej,Nej
kommunalvalg,C. Det Konservative Folkeparti,Frank Arentoft,0,Vejen Kommune,Nej,Nej
kommunalvalg,C. Det Konservative Folkeparti,Frank Hartvig Andersen,0,Lyngby-Taarbæk Kommune,Nej,Nej
kommunalvalg,C. Det Konservative Folkeparti,"Frank Hyldal, Hou",63,Odder Kommune,Nej,Nej
kommunalvalg,C. Det Konservative Folkeparti,Frank Iversen,65,Favrskov Kommune,Nej,Nej
kommunalvalg,C. Det Konservative Folkeparti,"Frank Lissner, Sø Søby",0,Assens Kommune,Nej,Nej
kommunalvalg,C. Det Konservative Folkeparti,"Frank Lynge Jensen, Barrit",0,Hedensted Kommune,Nej,Nej
kommunalvalg,C. Det Konservative Folkeparti,Frank Schmidt-Hansen,0,Vejen Kommune,Nej,Nej
kommunalvalg,C. Det Konservative Folkeparti,Frank Thorsted,35,Ærø Kommune,Nej,Nej
kommunalvalg,C. Det Konservative Folkeparti,"Freddy Skou Larsen, Frederikshavn",0,Frederikshavn Kommune,Nej,Nej
kommunalvalg,C. Det Konservative Folkeparti,Frederik Germann,0,Halsnæs Kommune,Nej,Nej
kommunalvalg,C. Det Konservative Folkeparti,"Frederik Roose Øvlisen, Trørød",0,Rudersdal Kommune,Nej,Nej
kommunalvalg,C. Det Konservative Folkeparti,Frederikke Noa Jung,0,Randers Kommune,Nej,Nej
kommunalvalg,C. Det Konservative Folkeparti,Frida Alexandra Søgård,0,Hørsholm Kommune,Nej,Nej
kommunalvalg,C. Det Konservative Folkeparti,"Frode Lund, Høng",0,Kalundborg Kommune,Nej,Nej
kommunalvalg,C. Det Konservative Folkeparti,Ganna Lindhard,85,Favrskov Kommune,Nej,Nej
kommunalvalg,C. Det Konservative Folkeparti,Garny N. Srisgandarajah,0,Svendborg Kommune,Nej,Nej
kommunalvalg,C. Det Konservative Folkeparti,"Gert Dyekjær, Ålsgårde",0,Helsingør Kommune,Nej,Nej
kommunalvalg,C. Det Konservative Folkeparti,"Gert Jørgensen, Sorø",186,Sorø Kommune,Nej,Nej
kommunalvalg,C. Det Konservative Folkeparti,"Gert Kuhn Iversen, Sorø",44,Sorø Kommune,Nej,Nej
kommunalvalg,C. Det Konservative Folkeparti,"Gitte Bach Andersen, Holstebro",0,Holstebro Kommune,Nej,Nej
kommunalvalg,C. Det Konservative Folkeparti,Gitte Christensson,0,Lyngby-Taarbæk Kommune,Nej,Nej
kommunalvalg,C. Det Konservative Folkeparti,"Gitte D'Arcy, Birkerød",0,Rudersdal Kommune,Nej,Nej
kommunalvalg,C. Det Konservative Folkeparti,"Gitte Eriksen, Vejle",0,Vejle Kommune,Nej,Nej
kommunalvalg,C. Det Konservative Folkeparti,"Gitte Esman, Virklund",0,Silkeborg Kommune,Nej,Nej
kommunalvalg,C. Det Konservative Folkeparti,"Gitte Kvist, Outrup",0,Varde Kommune,Nej,Nej
kommunalvalg,C. Det Konservative Folkeparti,"Gitte Willumsen, Silkeborg",0,Silkeborg Kommune,Nej,Nej
kommunalvalg,C. Det Konservative Folkeparti,"Gorm Hoff Lauridsen, Gjellerup",0,Herning Kommune,Nej,Nej
kommunalvalg,C. Det Konservative Folkeparti,Grethe Nørtoft Saabye,0,Lejre Kommune,Nej,Nej
kommunalvalg,C. Det Konservative Folkeparti,"Gry Tange, Skørping",111,Rebild Kommune,Nej,Nej
kommunalvalg,C. Det Konservative Folkeparti,"Gunver Birgitte Nielsen, Vojens",0,Haderslev Kommune,Nej,Nej
kommunalvalg,C. Det Konservative Folkeparti,"Hanne Askou, Fjelsted",0,Middelfart Kommune,Nej,Nej
kommunalvalg,C. Det Konservative Folkeparti,"Hanne Bang Pedersen, Klovborg",192,Ikast-Brande Kommune,Nej,Nej
kommunalvalg,C. Det Konservative Folkeparti,"Hanne Eberhardt, Humlebæk",41,Fredensborg Kommune,Nej,Nej
kommunalvalg,C. Det Konservative Folkeparti,"Hanne Gerner, Nærum",0,Rudersdal Kommune,Nej,Nej
kommunalvalg,C. Det Konservative Folkeparti,Hanne Jeppesen,0,Skive Kommune,Nej,Nej
kommunalvalg,C. Det Konservative Folkeparti,"Hans Henrik Thrane, Brovst",0,Jammerbugt Kommune,Nej,Nej
kommunalvalg,C. Det Konservative Folkeparti,"Hans Jessen Jürgensen, Næstved",2,Næstved Kommune,Nej,Nej
kommunalvalg,C. Det Konservative Folkeparti,"Hans Kristian Byrialsen, Frederikshavn",0,Frederikshavn Kommune,Nej,Nej
kommunalvalg,C. Det Konservative Folkeparti,"Heidi Borch, Stoense",35,Langeland Kommune,Nej,Nej
kommunalvalg,C. Det Konservative Folkeparti,Heidi Bruun,0,Svendborg Kommune,Nej,Nej
kommunalvalg,C. Det Konservative Folkeparti,"Heidi Printzen, Risskov",0,Aarhus Kommune,Nej,Nej
kommunalvalg,C. Det Konservative Folkeparti,Heidi Røpstorff Rasmussen,0,Vallensbæk Kommune,Nej,Nej
kommunalvalg,C. Det Konservative Folkeparti,Heidi Strøm,144,Læsø Kommune,Nej,Nej
kommunalvalg,C. Det Konservative Folkeparti,Helena Feldborg Andersen,0,Odense Kommune,Nej,Nej
kommunalvalg,C. Det Konservative Folkeparti,Helene Fagerhøj,0,Københavns Kommune,Nej,Nej
kommunalvalg,C. Det Konservative Folkeparti,Helene Gerlykke-Dohn,0,Gribskov Kommune,Nej,Nej
kommunalvalg,C. Det Konservative Folkeparti,Helene Højmark,0,Ringkøbing-Skjern Kommune,Nej,Nej
kommunalvalg,C. Det Konservative Folkeparti,"Helle Bonde Jensen, Faaborg",0,Faaborg-Midtfyn Kommune,Nej,Nej
kommunalvalg,C. Det Konservative Folkeparti,Helle Bonnesen,0,Københavns Kommune,Nej,Nej
kommunalvalg,C. Det Konservative Folkeparti,Helle Glass,0,Tønder Kommune,Nej,Nej
kommunalvalg,C. Det Konservative Folkeparti,Helle Weltz,0,Randers Kommune,Nej,Nej
kommunalvalg,C. Det Konservative Folkeparti,"Henning Elgaard Andersen, Hørning",0,Skanderborg Kommune,Nej,Nej
kommunalvalg,C. Det Konservative Folkeparti,Henning Kjærgaard,20,Fanø Kommune,Nej,Nej
kommunalvalg,C. Det Konservative Folkeparti,Henning Schøneberg Kastbjerg,0,Københavns Kommune,Nej,Nej
kommunalvalg,C. Det Konservative Folkeparti,"Henning von Hauen, Freerslev",12,Hillerød Kommune,Nej,Nej
kommunalvalg,C. Det Konservative Folkeparti,Henriette Camilla Jensen,0,Fredericia Kommune,Nej,Nej
kommunalvalg,C. Det Konservative Folkeparti,"Henriette Døssing, Hillerød Midtby",150,Hillerød Kommune,Nej,Nej
kommunalvalg,C. Det Konservative Folkeparti,Henriette Engom Larsen,0,Gribskov Kommune,Nej,Nej
kommunalvalg,C. Det Konservative Folkeparti,"Henriette Thomsen, Struer",0,Struer Kommune,Nej,Nej
kommunalvalg,C. Det Konservative Folkeparti,"Henriette Toftegaard, Torrild",275,Odder Kommune,Nej,Nej
kommunalvalg,C. Det Konservative Folkeparti,Henrik Blavnsfeldt,0,Gladsaxe Kommune,Nej,Nej
kommunalvalg,C. Det Konservative Folkeparti,"Henrik Chievitz, Alderslyst",0,Silkeborg Kommune,Nej,Nej
kommunalvalg,C. Det Konservative Folkeparti,Henrik Christensen,0,Furesø Kommune,Nej,Nej
kommunalvalg,C. Det Konservative Folkeparti,"Henrik Dalgaard, Aars",200,Vesthimmerlands Kommune,Nej,Nej
kommunalvalg,C. Det Konservative Folkeparti,"Henrik Egede, Sorø",13,Sorø Kommune,Nej,Nej
kommunalvalg,C. Det Konservative Folkeparti,"Henrik Forsberg, Hillerød Øst",10,Hillerød Kommune,Nej,Nej
kommunalvalg,C. Det Konservative Folkeparti,"Henrik Færch Fromholdt, Smørum",0,Egedal Kommune,Nej,Nej
kommunalvalg,C. Det Konservative Folkeparti,Henrik Hertz,0,Albertslund Kommune,Nej,Nej
kommunalvalg,C. Det Konservative Folkeparti,Henrik Hilleberg,0,Herlev Kommune,Nej,Nej
kommunalvalg,C. Det Konservative Folkeparti,"Henrik Hjord Ohlsen, Tinglev",0,Aabenraa Kommune,Nej,Nej
kommunalvalg,C. Det Konservative Folkeparti,Henrik Jacobsen,0,Brøndby Kommune,Nej,Nej
kommunalvalg,C. Det Konservative Folkeparti,"Henrik Jacobsen, Maribo",0,Lolland Kommune,Nej,Nej
kommunalvalg,C. Det Konservative Folkeparti,Henrik Karlsen,789,Viborg Kommune,Nej,Nej
kommunalvalg,C. Det Konservative Folkeparti,Henrik Kragelund,0,Frederiksberg Kommune,Nej,Nej
kommunalvalg,C. Det Konservative Folkeparti,Henrik Laursen,0,Herlev Kommune,Nej,Nej
kommunalvalg,C. Det Konservative Folkeparti,"Henrik Littau Mærsk, Fredensborg",60,Fredensborg Kommune,Nej,Nej
kommunalvalg,C. Det Konservative Folkeparti,"Henrik Madsen, Langeskov",284,Kerteminde Kommune,Nej,Nej
kommunalvalg,C. Det Konservative Folkeparti,"Henrik Marchholdt Mikkelsen, Lille Næstved",65,Næstved Kommune,Nej,Nej
kommunalvalg,C. Det Konservative Folkeparti,Henrik Markmøller Bro,41,Morsø Kommune,Nej,Nej
kommunalvalg,C. Det Konservative Folkeparti,"Henrik Mordhorst, Holte",0,Rudersdal Kommune,Nej,Nej
kommunalvalg,C. Det Konservative Folkeparti,Henrik Nielsen,0,Svendborg Kommune,Nej,Nej
kommunalvalg,C. Det Konservative Folkeparti,"Henrik Overgaard, Brande",671,Ikast-Brande Kommune,Nej,Nej
kommunalvalg,C. Det Konservative Folkeparti,Henrik Rasmussen,0,Vallensbæk Kommune,Nej,Ja
kommunalvalg,C. Det Konservative Folkeparti,"Henrik Sandholm, Egtved",0,Vejle Kommune,Nej,Nej
kommunalvalg,C. Det Konservative Folkeparti,"Henrik Skou Hansen, Gl. Holte",0,Rudersdal Kommune,Nej,Nej
kommunalvalg,C. Det Konservative Folkeparti,Henrik Skov,0,Nyborg Kommune,Nej,Nej
kommunalvalg,C. Det Konservative Folkeparti,Henrik Sonne-Schmidt,0,Nyborg Kommune,Nej,Nej
kommunalvalg,C. Det Konservative Folkeparti,Henrik Svanholm,0,Lejre Kommune,Nej,Nej
kommunalvalg,C. Det Konservative Folkeparti,Henrik Sørensen,0,Gladsaxe Kommune,Nej,Nej
kommunalvalg,C. Det Konservative Folkeparti,"Henrik Torning, Sengeløse",0,Høje-Taastrup Kommune,Nej,Nej
kommunalvalg,C. Det Konservative Folkeparti,"Henrik Vej Kastrupsen, Oksbøl",0,Varde Kommune,Nej,Nej
kommunalvalg,C. Det Konservative Folkeparti,Henrik Verner Andersen,0,Odense Kommune,Nej,Nej
kommunalvalg,C. Det Konservative Folkeparti,Henrik Wenckell,0,Odense Kommune,Nej,Nej
kommunalvalg,C. Det Konservative Folkeparti,"Henrik Winther Nielsen, Frederikssund",0,Frederikssund Kommune,Nej,Nej
kommunalvalg,C. Det Konservative Folkeparti,Ib Nielsen,0,Esbjerg Kommune,Nej,Nej
kommunalvalg,C. Det Konservative Folkeparti,Iben Rude,20,Rødovre Kommune,Nej,Nej
kommunalvalg,C. Det Konservative Folkeparti,Ida Busk,0,Københavns Kommune,Nej,Nej
kommunalvalg,C. Det Konservative Folkeparti,Ida Dyhr,0,Lejre Kommune,Nej,Nej
kommunalvalg,C. Det Konservative Folkeparti,Ida Jensen,0,Halsnæs Kommune,Nej,Nej
kommunalvalg,C. Det Konservative Folkeparti,"Ilse Skadhauge Larsen, Hornum",28,Vesthimmerlands Kommune,Nej,Nej
kommunalvalg,C. Det Konservative Folkeparti,"Irene B. Pedersen, Kalkerup",15,Næstved Kommune,Nej,Nej
kommunalvalg,C. Det Konservative Folkeparti,"Irene Ottesen, Nærheden",0,Høje-Taastrup Kommune,Nej,Nej
kommunalvalg,C. Det Konservative Folkeparti,Irvin Christensen,0,Ringkøbing-Skjern Kommune,Nej,Nej
kommunalvalg,C. Det Konservative Folkeparti,Ivan Skafte-Bundgaard,0,Herlev Kommune,Nej,Nej
kommunalvalg,C. Det Konservative Folkeparti,Jack Fejerskov,0,Ringsted Kommune,Nej,Nej
kommunalvalg,C. Det Konservative Folkeparti,Jacob Aagesen,0,Herlev Kommune,Nej,Nej
kommunalvalg,C. Det Konservative Folkeparti,"Jacob Aarlit Gade, Thyholm",0,Struer Kommune,Nej,Nej
kommunalvalg,C. Det Konservative Folkeparti,"Jacob Lænsø, Ryomgård",86,Syddjurs Kommune,Nej,Nej
kommunalvalg,C. Det Konservative Folkeparti,Jacob Rasmussen,0,Nyborg Kommune,Nej,Nej
kommunalvalg,C. Det Konservative Folkeparti,Jacob Rosenberg,0,Frederiksberg Kommune,Nej,Nej
kommunalvalg,C. Det Konservative Folkeparti,"Jacob Skjærris, Malling",0,Aarhus Kommune,Nej,Nej
kommunalvalg,C. Det Konservative Folkeparti,Jacob Strandgaard Andersen,0,Tårnby Kommune,Nej,Nej
kommunalvalg,C. Det Konservative Folkeparti,Jakob Bech Jensen,0,Vejen Kommune,Nej,Nej
kommunalvalg,C. Det Konservative Folkeparti,Jakob Næsager,0,Københavns Kommune,Nej,Nej
kommunalvalg,C. Det Konservative Folkeparti,Jakob Rasmussen,0,Allerød Kommune,Nej,Nej
kommunalvalg,C. Det Konservative Folkeparti,Jan Bertelsen,56,Mariagerfjord Kommune,Nej,Nej
kommunalvalg,C. Det Konservative Folkeparti,"Jan Bredvig, Vejle",0,Vejle Kommune,Nej,Nej
kommunalvalg,C. Det Konservative Folkeparti,"Jan F. Johansen, Hjallerup",0,Brønderslev Kommune,Nej,Nej
kommunalvalg,C. Det Konservative Folkeparti,Jan Flemming,0,Randers Kommune,Nej,Nej
kommunalvalg,C. Det Konservative Folkeparti,"Jan Færch, Solrød Strand",0,Solrød Kommune,Nej,Nej
kommunalvalg,C. Det Konservative Folkeparti,Jan Hovmand,0,Lejre Kommune,Nej,Nej
kommunalvalg,C. Det Konservative Folkeparti,Jan Høgskilde,0,Vallensbæk Kommune,Nej,Nej
kommunalvalg,C. Det Konservative Folkeparti,Jan M. Johansen,0,Ringsted Kommune,Nej,Nej
kommunalvalg,C. Det Konservative Folkeparti,Jan Madsen,137,Dragør Kommune,Nej,Nej
kommunalvalg,C. Det Konservative Folkeparti,"Jan Nielsen, Næstved",76,Næstved Kommune,Nej,Nej
kommunalvalg,C. Det Konservative Folkeparti,"Jan Riber Jakobsen, Padborg",0,Aabenraa Kommune,Nej,Nej
kommunalvalg,C. Det Konservative Folkeparti,"Jan Rønnov, Brønderslev",0,Brønderslev Kommune,Nej,Nej
kommunalvalg,C. Det Konservative Folkeparti,"Jane Christensen, Kalundborg",0,Kalundborg Kommune,Nej,Nej
kommunalvalg,C. Det Konservative Folkeparti,"Jane Clausen, Frederikshavn",0,Frederikshavn Kommune,Nej,Nej
kommunalvalg,C. Det Konservative Folkeparti,Jane Dahl,0,Slagelse Kommune,Nej,Nej
kommunalvalg,C. Det Konservative Folkeparti,"Janni Høybye, Jerslev",0,Brønderslev Kommune,Nej,Nej
kommunalvalg,C. Det Konservative Folkeparti,"Jannie Boysen Westergaard, Hoptrup",0,Haderslev Kommune,Nej,Nej
kommunalvalg,C. Det Konservative Folkeparti,"Jannie Munk Grønbek, Snejbjerg",0,Herning Kommune,Nej,Nej
kommunalvalg,C. Det Konservative Folkeparti,"Janus Kyhl, Ålsgårde",0,Helsingør Kommune,Nej,Nej
kommunalvalg,C. Det Konservative Folkeparti,"Jeanett Debb, Skodsborg",0,Rudersdal Kommune,Nej,Nej
kommunalvalg,C. Det Konservative Folkeparti,"Jeanette Hassel, Jægerspris",0,Frederikssund Kommune,Nej,Nej
kommunalvalg,C. Det Konservative Folkeparti,"Jeanette Ingemann, Fløng",0,Høje-Taastrup Kommune,Nej,Nej
kommunalvalg,C. Det Konservative Folkeparti,"Jeanette Sagan, Suldrup",259,Rebild Kommune,Nej,Nej
kommunalvalg,C. Det Konservative Folkeparti,Jeanne Nordstrøm,0,Albertslund Kommune,Nej,Nej
kommunalvalg,C. Det Konservative Folkeparti,Jeannet Lauenborg,0,Herlev Kommune,Nej,Nej
kommunalvalg,C. Det Konservative Folkeparti,"Jens Asmussen, Haderslev",0,Haderslev Kommune,Nej,Nej
kommunalvalg,C. Det Konservative Folkeparti,"Jens Bertram, Hornbæk",0,Helsingør Kommune,Nej,Nej
kommunalvalg,C. Det Konservative Folkeparti,"Jens Christian Børsmose, Vordingborg",0,Vordingborg Kommune,Nej,Nej
kommunalvalg,C. Det Konservative Folkeparti,Jens Christian Christensen,8,Læsø Kommune,Nej,Nej
kommunalvalg,C. Det Konservative Folkeparti,"Jens Christian Jensen, Næstved",13,Næstved Kommune,Nej,Nej
kommunalvalg,C. Det Konservative Folkeparti,Jens Damgaard Gøtzsche,249,Rødovre Kommune,Nej,Nej
kommunalvalg,C. Det Konservative Folkeparti,"Jens Damsbo Kjærsgaard, Vildbjerg",0,Herning Kommune,Nej,Nej
kommunalvalg,C. Det Konservative Folkeparti,Jens Dandanell,58,Faxe Kommune,Nej,Nej
kommunalvalg,C. Det Konservative Folkeparti,"Jens Erik Høj-Pedersen, Børkop",0,Vejle Kommune,Nej,Nej
kommunalvalg,C. Det Konservative Folkeparti,Jens Erik Mejlsbye,41,Rødovre Kommune,Nej,Nej
kommunalvalg,C. Det Konservative Folkeparti,"Jens Henrik Hansen, Højby",0,Odsherred Kommune,Nej,Nej
kommunalvalg,C. Det Konservative Folkeparti,"Jens Jacobsen, Stenlille",186,Sorø Kommune,Nej,Nej
kommunalvalg,C. Det Konservative Folkeparti,Jens Jørn Porup,0,Lemvig Kommune,Nej,Nej
kommunalvalg,C. Det Konservative Folkeparti,"Jens Kr. Yde, Vestervig",0,Thisted Kommune,Nej,Nej
kommunalvalg,C. Det Konservative Folkeparti,Jens Langer Schou,0,Fredericia Kommune,Nej,Nej
kommunalvalg,C. Det Konservative Folkeparti,"Jens Laursen-Schmidt, Struer",0,Struer Kommune,Nej,Nej
kommunalvalg,C. Det Konservative Folkeparti,Jens Lønberg,0,Lemvig Kommune,Nej,Nej
kommunalvalg,C. Det Konservative Folkeparti,"Jens Martin Fjordbak, Østervrå",0,Frederikshavn Kommune,Nej,Nej
kommunalvalg,C. Det Konservative Folkeparti,Jens Peter Zacho,14,Morsø Kommune,Nej,Nej
kommunalvalg,C. Det Konservative Folkeparti,"Jens Salling, Aarhus Ø",0,Aarhus Kommune,Nej,Nej
kommunalvalg,C. Det Konservative Folkeparti,"Jens Tilma, Lild",0,Thisted Kommune,Nej,Nej
kommunalvalg,C. Det Konservative Folkeparti,"Jens V. Pedersen, Varnæs",0,Aabenraa Kommune,Nej,Nej
kommunalvalg,C. Det Konservative Folkeparti,Jens Wedenborg,0,Københavns Kommune,Nej,Nej
kommunalvalg,C. Det Konservative Folkeparti,"Jeppe Korreborg Pedersen, Aalestrup",566,Vesthimmerlands Kommune,Nej,Nej
kommunalvalg,C. Det Konservative Folkeparti,Jerrik Walløe,43,Dragør Kommune,Nej,Nej
kommunalvalg,C. Det Konservative Folkeparti,"Jesper Adler, Vordingborg",0,Vordingborg Kommune,Nej,Nej
kommunalvalg,C. Det Konservative Folkeparti,Jesper B. Poulsen,13,Favrskov Kommune,Nej,Nej
kommunalvalg,C. Det Konservative Folkeparti,"Jesper Balleby Larsen, Aabenraa",0,Aabenraa Kommune,Nej,Nej
kommunalvalg,C. Det Konservative Folkeparti,Jesper C. Ohlrich,0,Randers Kommune,Nej,Nej
kommunalvalg,C. Det Konservative Folkeparti,"Jesper Danhøj, Sorø",6,Sorø Kommune,Nej,Nej
kommunalvalg,C. Det Konservative Folkeparti,"Jesper Friis Gammelmark, Fousing",0,Struer Kommune,Nej,Nej
kommunalvalg,C. Det Konservative Folkeparti,"Jesper Hauritz, Langeskov",36,Kerteminde Kommune,Nej,Nej
kommunalvalg,C. Det Konservative Folkeparti,Jesper Helbo Vinther,103,Mariagerfjord Kommune,Nej,Nej
kommunalvalg,C. Det Konservative Folkeparti,Jesper Hjelm,0,Hvidovre Kommune,Nej,Nej
kommunalvalg,C. Det Konservative Folkeparti,Jesper Holm Frederiksen,0,Randers Kommune,Nej,Nej
kommunalvalg,C. Det Konservative Folkeparti,"Jesper Højmark Esbensen, Sønderborg",0,Sønderborg Kommune,Nej,Nej
kommunalvalg,C. Det Konservative Folkeparti,"Jesper Jensen, Ulfborg",0,Holstebro Kommune,Nej,Nej
kommunalvalg,C. Det Konservative Folkeparti,Jesper Kamp Nielsen,115,Gentofte Kommune,Nej,Nej
kommunalvalg,C. Det Konservative Folkeparti,Jesper Marcus,683,Gentofte Kommune,Nej,Nej
kommunalvalg,C. Det Konservative Folkeparti,"Jesper Reming Tangbæk, Roskilde",0,Roskilde Kommune,Nej,Nej
kommunalvalg,C. Det Konservative Folkeparti,Jesper Ronald Jensen,0,Frederiksberg Kommune,Nej,Nej
kommunalvalg,C. Det Konservative Folkeparti,"Jesper Schmidt-Nielsen, Kerteminde",218,Kerteminde Kommune,Nej,Nej
kommunalvalg,C. Det Konservative Folkeparti,"Jesper Termansen, Vamdrup",66,Kolding Kommune,Nej,Nej
kommunalvalg,C. Det Konservative Folkeparti,Jesper Togsverd Levann,0,Gladsaxe Kommune,Nej,Nej
kommunalvalg,C. Det Konservative Folkeparti,"Jesper Tvilde, Fredensborg",1039,Fredensborg Kommune,Nej,Nej
kommunalvalg,C. Det Konservative Folkeparti,Jesper Vera,0,Vejen Kommune,Nej,Nej
kommunalvalg,C. Det Konservative Folkeparti,"Jesper Wienmann Hansen, Høng",0,Kalundborg Kommune,Nej,Nej
kommunalvalg,C. Det Konservative Folkeparti,Jesper Wolf Schmidt-Hansen,0,Vejen Kommune,Nej,Nej
kommunalvalg,C. Det Konservative Folkeparti,Jess Eiberg Hansen,0,Greve Kommune,Nej,Nej
kommunalvalg,C. Det Konservative Folkeparti,Jess Friis,0,Ringsted Kommune,Nej,Nej
kommunalvalg,C. Det Konservative Folkeparti,Jette Louise Larsen,195,Rødovre Kommune,Nej,Nej
kommunalvalg,C. Det Konservative Folkeparti,"Jette Schiønning Aasholm, Brønderslev",0,Brønderslev Kommune,Nej,Nej
kommunalvalg,C. Det Konservative Folkeparti,"Jette-Kirsten Larsen, Bjerre",0,Hedensted Kommune,Nej,Nej
kommunalvalg,C. Det Konservative Folkeparti,Jim Linderod,11,Læsø Kommune,Nej,Nej
kommunalvalg,C. Det Konservative Folkeparti,"Jim Staffensen, Haarby",0,Assens Kommune,Nej,Nej
kommunalvalg,C. Det Konservative Folkeparti,Jimmy Jensen,0,Hvidovre Kommune,Nej,Nej
kommunalvalg,C. Det Konservative Folkeparti,Jimmy Streit,0,Frederiksberg Kommune,Nej,Nej
kommunalvalg,C. Det Konservative Folkeparti,"Joacchim Brahtz, Faaborg",0,Faaborg-Midtfyn Kommune,Nej,Nej
kommunalvalg,C. Det Konservative Folkeparti,Joachim Boldsen,0,Hørsholm Kommune,Nej,Nej
kommunalvalg,C. Det Konservative Folkeparti,"Joachim Hjorting, Ullerød",135,Hillerød Kommune,Nej,Nej
kommunalvalg,C. Det Konservative Folkeparti,Joachim Hoffmann,0,Odense Kommune,Nej,Nej
kommunalvalg,C. Det Konservative Folkeparti,"Joanna W. Nissen, Støvring",30,Rebild Kommune,Nej,Nej
kommunalvalg,C. Det Konservative Folkeparti,Johan Emil Sevelsted,0,Svendborg Kommune,Nej,Nej
kommunalvalg,C. Det Konservative Folkeparti,"Johannes Kristensen, Radsted",0,Guldborgsund Kommune,Nej,Nej
kommunalvalg,C. Det Konservative Folkeparti,John Albøger Sørensen,0,Vallensbæk Kommune,Nej,Nej
kommunalvalg,C. Det Konservative Folkeparti,John Hoppe,0,Odense Kommune,Nej,Nej
kommunalvalg,C. Det Konservative Folkeparti,John Hvass,0,Holbæk Kommune,Nej,Nej
kommunalvalg,C. Det Konservative Folkeparti,"John Jensen, Hurup",0,Thisted Kommune,Nej,Nej
kommunalvalg,C. Det Konservative Folkeparti,"John Lamp Henriksen, Sæby",0,Frederikshavn Kommune,Nej,Nej
kommunalvalg,C. Det Konservative Folkeparti,"John Mogensen, Havdrup",0,Solrød Kommune,Nej,Nej
kommunalvalg,C. Det Konservative Folkeparti,John Tefke,0,Lyngby-Taarbæk Kommune,Nej,Nej
kommunalvalg,C. Det Konservative Folkeparti,John Wozny,0,Odense Kommune,Nej,Nej
kommunalvalg,C. Det Konservative Folkeparti,Johnny Berg,0,Hvidovre Kommune,Nej,Nej
kommunalvalg,C. Det Konservative Folkeparti,"Johnny Solberg, Halvrimmen",0,Jammerbugt Kommune,Nej,Nej
kommunalvalg,C. Det Konservative Folkeparti,"Jon Viderø, Holsted",6,Næstved Kommune,Nej,Nej
kommunalvalg,C. Det Konservative Folkeparti,Jonas Bonnerup,0,Vejen Kommune,Nej,Nej
kommunalvalg,C. Det Konservative Folkeparti,"Jonas Brandt, Jægerspris",0,Frederikssund Kommune,Nej,Nej
kommunalvalg,C. Det Konservative Folkeparti,Jonas Lauge Andersen,0,Holbæk Kommune,Nej,Nej
kommunalvalg,C. Det Konservative Folkeparti,"Jonas Lyberg Kofod, Ullerød",94,Hillerød Kommune,Nej,Nej
kommunalvalg,C. Det Konservative Folkeparti,Jonas M. Hoeck,0,Odense Kommune,Nej,Nej
kommunalvalg,C. Det Konservative Folkeparti,Jonna Refstrup,0,Odense Kommune,Nej,Nej
kommunalvalg,C. Det Konservative Folkeparti,Julia Nielsen,34,Faxe Kommune,Nej,Nej
kommunalvalg,C. Det Konservative Folkeparti,Julie Skov Kjærby,0,Odense Kommune,Nej,Nej
kommunalvalg,C. Det Konservative Folkeparti,Jytte Bendtsen,0,Vallensbæk Kommune,Nej,Nej
kommunalvalg,C. Det Konservative Folkeparti,"Jørgen Brandt, Hedensted",0,Hedensted Kommune,Nej,Nej
kommunalvalg,C. Det Konservative Folkeparti,"Jørgen Hansen, Kerteminde",10,Kerteminde Kommune,Nej,Nej
kommunalvalg,C. Det Konservative Folkeparti,"Jørgen Hansen, Nørre Aaby",0,Middelfart Kommune,Nej,Nej
kommunalvalg,C. Det Konservative Folkeparti,Jørgen Johansen,0,Allerød Kommune,Nej,Nej
kommunalvalg,C. Det Konservative Folkeparti,Jørgen Justesen,0,Skive Kommune,Nej,Nej
kommunalvalg,C. Det Konservative Folkeparti,"Jørgen Kauling, Havdrup",0,Solrød Kommune,Nej,Nej
kommunalvalg,C. Det Konservative Folkeparti,"Jørgen Nielsen, Rudkøbing",1931,Langeland Kommune,Nej,Nej
kommunalvalg,C. Det Konservative Folkeparti,Jørgen Overgaard,0,Skive Kommune,Nej,Nej
kommunalvalg,C. Det Konservative Folkeparti,"Jørgen Ravn Christensen, Gjøl",0,Jammerbugt Kommune,Nej,Nej
kommunalvalg,C. Det Konservative Folkeparti,Jørn Dahl Aarre,0,Gladsaxe Kommune,Nej,Nej
kommunalvalg,C. Det Konservative Folkeparti,Jørn Kruse,0,Slagelse Kommune,Nej,Nej
kommunalvalg,C. Det Konservative Folkeparti,Jørn Lauritzen,0,Ringsted Kommune,Nej,Nej
kommunalvalg,C. Det Konservative Folkeparti,Jørn Skou,0,Lemvig Kommune,Nej,Nej
kommunalvalg,C. Det Konservative Folkeparti,Jørn Thorhauge,0,Holbæk Kommune,Nej,Nej
kommunalvalg,C. Det Konservative Folkeparti,"Kaja Julius, Sundeved",0,Sønderborg Kommune,Nej,Nej
kommunalvalg,C. Det Konservative Folkeparti,"Karen Aagaard, Alderslyst",0,Silkeborg Kommune,Nej,Nej
kommunalvalg,C. Det Konservative Folkeparti,Karen Riis Kjølbye,323,Gentofte Kommune,Nej,Nej
kommunalvalg,C. Det Konservative Folkeparti,"Karen Tilma, Brønderslev",0,Brønderslev Kommune,Nej,Nej
kommunalvalg,C. Det Konservative Folkeparti,Karin Egeberg,0,Ringsted Kommune,Nej,Nej
kommunalvalg,C. Det Konservative Folkeparti,"Karin Kølbæk, Kokkedal",33,Fredensborg Kommune,Nej,Nej
kommunalvalg,C. Det Konservative Folkeparti,Karin Tellerup Have,0,Slagelse Kommune,Nej,Nej
kommunalvalg,C. Det Konservative Folkeparti,"Karina Skov, Sorø",140,Sorø Kommune,Nej,Nej
kommunalvalg,C. Det Konservative Folkeparti,"Karl Højhus Jeppesen, Kibæk",0,Herning Kommune,Nej,Nej
kommunalvalg,C. Det Konservative Folkeparti,Karl Johan Nordman,0,Ringsted Kommune,Nej,Nej
kommunalvalg,C. Det Konservative Folkeparti,"Karsten Andreasen, Dronninglund",0,Brønderslev Kommune,Nej,Nej
kommunalvalg,C. Det Konservative Folkeparti,"Karsten Clemmensen, Humlum",0,Struer Kommune,Nej,Nej
kommunalvalg,C. Det Konservative Folkeparti,"Karsten E. Olesen, Sevel",0,Holstebro Kommune,Nej,Nej
kommunalvalg,C. Det Konservative Folkeparti,Karsten Kjærby,0,Odense Kommune,Nej,Nej
kommunalvalg,C. Det Konservative Folkeparti,"Karsten Kriegel, Måløv",0,Ballerup Kommune,Nej,Nej
kommunalvalg,C. Det Konservative Folkeparti,"Karsten Sevel, Bogø",0,Vordingborg Kommune,Nej,Nej
kommunalvalg,C. Det Konservative Folkeparti,"Karsten Sommer Hansen, Langebæk",0,Vordingborg Kommune,Nej,Nej
kommunalvalg,C. Det Konservative Folkeparti,"Kasper Buus Hornemann, Aabybro",0,Jammerbugt Kommune,Nej,Nej
kommunalvalg,C. Det Konservative Folkeparti,Kasper Damkjær,0,Fredericia Kommune,Nej,Nej
kommunalvalg,C. Det Konservative Folkeparti,"Kasper Hovgaard, Snekkersten",0,Helsingør Kommune,Nej,Nej
kommunalvalg,C. Det Konservative Folkeparti,"Kasper Kjeldsen, Tullebølle",68,Langeland Kommune,Nej,Nej
kommunalvalg,C. Det Konservative Folkeparti,"Kasper Kolstrup Møller, Kolind",666,Syddjurs Kommune,Nej,Nej
kommunalvalg,C. Det Konservative Folkeparti,"Kasper Pagh, Brædstrup",0,Horsens Kommune,Nej,Nej
kommunalvalg,C. Det Konservative Folkeparti,Kathrine Grønkjær,32,Nordfyns Kommune,Nej,Nej
kommunalvalg,C. Det Konservative Folkeparti,Katja S. Johansen,340,Gentofte Kommune,Nej,Nej
kommunalvalg,C. Det Konservative Folkeparti,"Katri Søgaard, Grindsted",0,Billund Kommune,Nej,Nej
kommunalvalg,C. Det Konservative Folkeparti,"Katrine Højkilde, Kerteminde",68,Kerteminde Kommune,Nej,Nej
kommunalvalg,C. Det Konservative Folkeparti,Katrine Ildal Nielsen,0,Lyngby-Taarbæk Kommune,Nej,Nej
kommunalvalg,C. Det Konservative Folkeparti,"Katrine Krog Madsen, Suldrup",307,Rebild Kommune,Nej,Nej
kommunalvalg,C. Det Konservative Folkeparti,Katrine Mønsted Poulsen,0,Odense Kommune,Nej,Nej
kommunalvalg,C. Det Konservative Folkeparti,"Katrine Nygaard Hartvig, Torstorp",0,Høje-Taastrup Kommune,Nej,Nej
kommunalvalg,C. Det Konservative Folkeparti,Keld Kortegaard,389,Morsø Kommune,Nej,Nej
kommunalvalg,C. Det Konservative Folkeparti,Keld Nielsen,33,Morsø Kommune,Nej,Nej
kommunalvalg,C. Det Konservative Folkeparti,"Ken Julius, Sundeved",0,Sønderborg Kommune,Nej,Nej
kommunalvalg,C. Det Konservative Folkeparti,Kenneth Bak,0,Hvidovre Kommune,Nej,Nej
kommunalvalg,C. Det Konservative Folkeparti,"Kenneth Bakke, Vig",0,Odsherred Kommune,Nej,Nej
kommunalvalg,C. Det Konservative Folkeparti,"Kenneth Birch, Vrå",43,Hjørring Kommune,Nej,Nej
kommunalvalg,C. Det Konservative Folkeparti,Kenneth Finsen,22,Rødovre Kommune,Nej,Nej
kommunalvalg,C. Det Konservative Folkeparti,Kenneth Gøtterup,2178,Dragør Kommune,Nej,Nej
kommunalvalg,C. Det Konservative Folkeparti,"Kenneth Haas, Haderslev",0,Haderslev Kommune,Nej,Nej
kommunalvalg,C. Det Konservative Folkeparti,"Kenneth Holmen Pedersen, Roskilde",0,Roskilde Kommune,Nej,Nej
kommunalvalg,C. Det Konservative Folkeparti,Kenneth Holst,0,Herlev Kommune,Nej,Nej
kommunalvalg,C. Det Konservative Folkeparti,Kenneth J. Grinderslev,0,Skive Kommune,Nej,Nej
kommunalvalg,C. Det Konservative Folkeparti,Kenny Schødt,128,Viborg Kommune,Nej,Nej
kommunalvalg,C. Det Konservative Folkeparti,"Kent Valsøe, Kerteminde",315,Kerteminde Kommune,Nej,Nej
kommunalvalg,C. Det Konservative Folkeparti,"Kia Dahl Sørensen, Kolind",44,Syddjurs Kommune,Nej,Nej
kommunalvalg,C. Det Konservative Folkeparti,"Kim Alkestrup, Skærby",0,Odsherred Kommune,Nej,Nej
kommunalvalg,C. Det Konservative Folkeparti,"Kim Bach, Løkken",239,Hjørring Kommune,Nej,Nej
kommunalvalg,C. Det Konservative Folkeparti,Kim Bonnesen,0,Albertslund Kommune,Nej,Nej
kommunalvalg,C. Det Konservative Folkeparti,Kim Drejer Nielsen,610,Rødovre Kommune,Nej,Nej
kommunalvalg,C. Det Konservative Folkeparti,Kim Holmstrøm,0,Allerød Kommune,Nej,Nej
kommunalvalg,C. Det Konservative Folkeparti,"Kim Hornbech, Rørbæk",177,Rebild Kommune,Nej,Nej
kommunalvalg,C. Det Konservative Folkeparti,"Kim Mikkelsen, Køge Kyst",0,Køge Kommune,Nej,Nej
kommunalvalg,C. Det Konservative Folkeparti,"Kim P. Hansen, Solrød Strand",0,Solrød Kommune,Nej,Nej
kommunalvalg,C. Det Konservative Folkeparti,"Kim Petersen Wandahl, Løjt",0,Aabenraa Kommune,Nej,Nej
kommunalvalg,C. Det Konservative Folkeparti,"Kim Ravn Mortensen, Struer",0,Struer Kommune,Nej,Nej
kommunalvalg,C. Det Konservative Folkeparti,Kim Schwartz Andersen,108,Rødovre Kommune,Nej,Nej
kommunalvalg,C. Det Konservative Folkeparti,Kim Thonsgaard,0,Gribskov Kommune,Nej,Nej
kommunalvalg,C. Det Konservative Folkeparti,"Kim Withen Olesen, Ebeltoft",90,Syddjurs Kommune,Nej,Nej
kommunalvalg,C. Det Konservative Folkeparti,"Kim Worch, Vindinge",0,Roskilde Kommune,Nej,Nej
kommunalvalg,C. Det Konservative Folkeparti,Kira Kruse Willmarst,0,Albertslund Kommune,Nej,Nej
kommunalvalg,C. Det Konservative Folkeparti,Kirsten Aunstrup,0,Halsnæs Kommune,Nej,Nej
kommunalvalg,C. Det Konservative Folkeparti,Kirsten Bjerregaard Kristiansen,0,Københavns Kommune,Nej,Nej
kommunalvalg,C. Det Konservative Folkeparti,Kirsten Hassing Nielsen,0,Fredericia Kommune,Nej,Nej
kommunalvalg,C. Det Konservative Folkeparti,"Kirsten Larsen, Køge C",0,Køge Kommune,Nej,Nej
kommunalvalg,C. Det Konservative Folkeparti,Kirsten Schmidt,6,Faxe Kommune,Nej,Nej
kommunalvalg,C. Det Konservative Folkeparti,Kirsten Severin Pedersen,0,Albertslund Kommune,Nej,Nej
kommunalvalg,C. Det Konservative Folkeparti,"Kirsten York Helms, Brande",330,Ikast-Brande Kommune,Nej,Nej
kommunalvalg,C. Det Konservative Folkeparti,"Kirstine Kahr Kvorning, Grønfeld",177,Syddjurs Kommune,Nej,Nej
kommunalvalg,C. Det Konservative Folkeparti,"Kitty Jeppesen, Hjørring",61,Hjørring Kommune,Nej,Nej
kommunalvalg,C. Det Konservative Folkeparti,"Kjeld Graversgård, Jegindø",0,Struer Kommune,Nej,Nej
kommunalvalg,C. Det Konservative Folkeparti,"Kjeld Hansen, Aabenraa",0,Aabenraa Kommune,Nej,Nej
kommunalvalg,C. Det Konservative Folkeparti,"Kjeld Thrane, Haderslev",0,Haderslev Kommune,Nej,Nej
kommunalvalg,C. Det Konservative Folkeparti,"Kjeld Vestergaard, Næstved",7,Næstved Kommune,Nej,Nej
kommunalvalg,C. Det Konservative Folkeparti,"Kjeld Winkler Neuman, Ballerup",0,Ballerup Kommune,Nej,Nej
kommunalvalg,C. Det Konservative Folkeparti,Klaus Eskelund,0,Frederiksberg Kommune,Nej,Nej
kommunalvalg,C. Det Konservative Folkeparti,Klaus Huus,0,Ringsted Kommune,Nej,Nej
kommunalvalg,C. Det Konservative Folkeparti,"Klaus Kesje, Helsingør",0,Helsingør Kommune,Nej,Nej
kommunalvalg,C. Det Konservative Folkeparti,"Klaus Møller, Nakskov",0,Lolland Kommune,Nej,Nej
kommunalvalg,C. Det Konservative Folkeparti,"Klaus Rafael Jensen, Falling",259,Odder Kommune,Nej,Nej
kommunalvalg,C. Det Konservative Folkeparti,"Klavs Norup Lauridsen, Munkebo",514,Kerteminde Kommune,Nej,Nej
kommunalvalg,C. Det Konservative Folkeparti,Knud Borck,184,Ærø Kommune,Nej,Nej
kommunalvalg,C. Det Konservative Folkeparti,"Knud Erik Langhoff, Bjert",132,Kolding Kommune,Nej,Nej
kommunalvalg,C. Det Konservative Folkeparti,Knud Peter Wad,0,Vejen Kommune,Nej,Nej
kommunalvalg,C. Det Konservative Folkeparti,Knud Schøler,38,Favrskov Kommune,Nej,Nej
kommunalvalg,C. Det Konservative Folkeparti,"Knud Skadborg, Birkerød",0,Rudersdal Kommune,Nej,Nej
kommunalvalg,C. Det Konservative Folkeparti,"Knud Vibenfeld, Hjørring",58,Hjørring Kommune,Nej,Nej
kommunalvalg,C. Det Konservative Folkeparti,"Knud Vinther Hansen, Tikøb",0,Helsingør Kommune,Nej,Nej
kommunalvalg,C. Det Konservative Folkeparti,"Kristian Hedelund, Brønderslev",0,Brønderslev Kommune,Nej,Nej
kommunalvalg,C. Det Konservative Folkeparti,"Kristian Thomsen, Varde",0,Varde Kommune,Nej,Nej
kommunalvalg,C. Det Konservative Folkeparti,Kristine Skytte Glue,82,Ærø Kommune,Nej,Nej
kommunalvalg,C. Det Konservative Folkeparti,Kristoffer Dyrvig,0,Odense Kommune,Nej,Nej
kommunalvalg,C. Det Konservative Folkeparti,"Kristoffer Holdensen, Brædstrup",0,Horsens Kommune,Nej,Nej
kommunalvalg,C. Det Konservative Folkeparti,"Kristoffer Kromand, Rønne",0,Bornholms Regionskommune,Nej,Nej
kommunalvalg,C. Det Konservative Folkeparti,Kurt Christensen,3,Dragør Kommune,Nej,Nej
kommunalvalg,C. Det Konservative Folkeparti,Kurt Kirkegaard,15,Fanø Kommune,Nej,Nej
kommunalvalg,C. Det Konservative Folkeparti,"Kurt Scheelsbeck, Hedehusene",0,Høje-Taastrup Kommune,Nej,Nej
kommunalvalg,C. Det Konservative Folkeparti,Kurt Wriedt,0,Tårnby Kommune,Nej,Nej
kommunalvalg,C. Det Konservative Folkeparti,"Laila Sortland, Ryomgård",136,Syddjurs Kommune,Nej,Nej
kommunalvalg,C. Det Konservative Folkeparti,Lars Andersen,0,Lyngby-Taarbæk Kommune,Nej,Nej
kommunalvalg,C. Det Konservative Folkeparti,Lars Bacher,0,Allerød Kommune,Nej,Nej
kommunalvalg,C. Det Konservative Folkeparti,"Lars Bennike, Solvangskvarteret",0,Glostrup Kommune,Nej,Nej
kommunalvalg,C. Det Konservative Folkeparti,Lars Brix Bendtsen,31,Dragør Kommune,Nej,Nej
kommunalvalg,C. Det Konservative Folkeparti,Lars Brockdorff-Bruun,4,Fanø Kommune,Nej,Nej
kommunalvalg,C. Det Konservative Folkeparti,Lars Carstensen,0,Furesø Kommune,Nej,Nej
kommunalvalg,C. Det Konservative Folkeparti,"Lars Christian Thomsen, Hjørring",15,Hjørring Kommune,Nej,Nej
kommunalvalg,C. Det Konservative Folkeparti,"Lars Clausen, Tebstrup",0,Skanderborg Kommune,Nej,Nej
kommunalvalg,C. Det Konservative Folkeparti,"Lars Falk Hansen, Stenløse",0,Egedal Kommune,Nej,Nej
kommunalvalg,C. Det Konservative Folkeparti,Lars Gravgaard Hansen,0,Albertslund Kommune,Nej,Nej
kommunalvalg,C. Det Konservative Folkeparti,"Lars Hansen, Grindsted",0,Billund Kommune,Nej,Nej
kommunalvalg,C. Det Konservative Folkeparti,"Lars Holmberg Frandsen, Lunderskov",34,Kolding Kommune,Nej,Nej
kommunalvalg,C. Det Konservative Folkeparti,"Lars Jensen, Løsning",0,Hedensted Kommune,Nej,Nej
kommunalvalg,C. Det Konservative Folkeparti,Lars Knudsen,0,Randers Kommune,Nej,Nej
kommunalvalg,C. Det Konservative Folkeparti,"Lars Larsen, Gylling",241,Odder Kommune,Nej,Nej
kommunalvalg,C. Det Konservative Folkeparti,"Lars Lie, Herning",0,Herning Kommune,Nej,Nej
kommunalvalg,C. Det Konservative Folkeparti,Lars Nielsen,0,Gribskov Kommune,Nej,Nej
kommunalvalg,C. Det Konservative Folkeparti,"Lars Nyengaard, Sepstrup",0,Silkeborg Kommune,Nej,Nej
kommunalvalg,C. Det Konservative Folkeparti,"Lars Ole Valsøe, Kerteminde",56,Kerteminde Kommune,Nej,Nej
kommunalvalg,C. Det Konservative Folkeparti,Lars Schacksen,0,Randers Kommune,Nej,Nej
kommunalvalg,C. Det Konservative Folkeparti,"Lars Schmidt, Dianalund",120,Sorø Kommune,Nej,Nej
kommunalvalg,C. Det Konservative Folkeparti,"Lars Skov Andersen, Fanefjord",0,Vordingborg Kommune,Nej,Nej
kommunalvalg,C. Det Konservative Folkeparti,Lars Storgaard,3682,Favrskov Kommune,Nej,Nej
kommunalvalg,C. Det Konservative Folkeparti,"Lars V. Søndergaard-Nielsen, Birkerød",0,Rudersdal Kommune,Nej,Nej
kommunalvalg,C. Det Konservative Folkeparti,"Lars W. Hansen, Hillerød Midtby",29,Hillerød Kommune,Nej,Nej
kommunalvalg,C. Det Konservative Folkeparti,"Lasse Dahlberg, Helsingør",0,Helsingør Kommune,Nej,Nej
kommunalvalg,C. Det Konservative Folkeparti,"Lasse Damsø Pedersen, Skanderborg",0,Skanderborg Kommune,Nej,Nej
kommunalvalg,C. Det Konservative Folkeparti,Lasse Lauritsen,308,Viborg Kommune,Nej,Nej
kommunalvalg,C. Det Konservative Folkeparti,Lasse Lilja Vilhelmsen,0,Lyngby-Taarbæk Kommune,Nej,Nej
kommunalvalg,C. Det Konservative Folkeparti,Lasse Vogel Andersen,0,Københavns Kommune,Nej,Nej
kommunalvalg,C. Det Konservative Folkeparti,"Lau Sørensen, Holstebro",0,Holstebro Kommune,Nej,Nej
kommunalvalg,C. Det Konservative Folkeparti,Laura Holm,1647,Mariagerfjord Kommune,Nej,Nej
kommunalvalg,C. Det Konservative Folkeparti,Laura Lindahl,0,Frederiksberg Kommune,Nej,Nej
kommunalvalg,C. Det Konservative Folkeparti,"Laurits Monefeldt, Vordingborg",0,Vordingborg Kommune,Nej,Nej
kommunalvalg,C. Det Konservative Folkeparti,Leif Johannsen,32,Mariagerfjord Kommune,Nej,Nej
kommunalvalg,C. Det Konservative Folkeparti,Leif Johansen,0,Allerød Kommune,Nej,Nej
kommunalvalg,C. Det Konservative Folkeparti,Leif Lehmann Carlsen,0,Fredericia Kommune,Nej,Nej
kommunalvalg,C. Det Konservative Folkeparti,Leif Østergaard,0,Randers Kommune,Nej,Nej
kommunalvalg,C. Det Konservative Folkeparti,"Leise Marcher, Skrillinge",0,Middelfart Kommune,Nej,Nej
kommunalvalg,C. Det Konservative Folkeparti,"Lena Aavild, Ry",0,Skanderborg Kommune,Nej,Nej
kommunalvalg,C. Det Konservative Folkeparti,"Lene Brix Kjelgaard Jensen, Thisted",0,Thisted Kommune,Nej,Nej
kommunalvalg,C. Det Konservative Folkeparti,Lene Christensen,0,Samsø Kommune,Nej,Nej
kommunalvalg,C. Det Konservative Folkeparti,"Lene Fly, Solrød Strand",0,Solrød Kommune,Nej,Nej
kommunalvalg,C. Det Konservative Folkeparti,Lene Guldbrandt,80,Favrskov Kommune,Nej,Nej
kommunalvalg,C. Det Konservative Folkeparti,"Lene Juhl Stener, Holte",0,Rudersdal Kommune,Nej,Nej
kommunalvalg,C. Det Konservative Folkeparti,Lene Lykke Sørensen,0,Vallensbæk Kommune,Nej,Nej
kommunalvalg,C. Det Konservative Folkeparti,Lene Skallebæk,0,Brøndby Kommune,Nej,Nej
kommunalvalg,C. Det Konservative Folkeparti,"Lene Søs Jonassen, Tornemark",218,Næstved Kommune,Nej,Nej
kommunalvalg,C. Det Konservative Folkeparti,Lennart Qvist,0,Ringkøbing-Skjern Kommune,Nej,Nej
kommunalvalg,C. Det Konservative Folkeparti,Lennie Fredskov Hansen,0,Stevns Kommune,Nej,Nej
kommunalvalg,C. Det Konservative Folkeparti,Leo Holm,33,Ærø Kommune,Nej,Nej
kommunalvalg,C. Det Konservative Folkeparti,"Leo Lund, Rødekro",0,Aabenraa Kommune,Nej,Nej
kommunalvalg,C. Det Konservative Folkeparti,Linda Hartsø,0,Holbæk Kommune,Nej,Nej
kommunalvalg,C. Det Konservative Folkeparti,"Linda Kofoed Persson, Vestermarie",0,Bornholms Regionskommune,Nej,Nej
kommunalvalg,C. Det Konservative Folkeparti,"Linda Sommer Hansen, Langebæk",0,Vordingborg Kommune,Nej,Nej
kommunalvalg,C. Det Konservative Folkeparti,Line Ervolder,0,Københavns Kommune,Nej,Nej
kommunalvalg,C. Det Konservative Folkeparti,Line Rasmussen,0,Allerød Kommune,Nej,Nej
kommunalvalg,C. Det Konservative Folkeparti,"Lis Due Rasmussen, Møn",0,Vordingborg Kommune,Nej,Nej
kommunalvalg,C. Det Konservative Folkeparti,Lise Bertelsen,938,Viborg Kommune,Nej,Nej
kommunalvalg,C. Det Konservative Folkeparti,"Lise Jørgensen, Brovst",0,Jammerbugt Kommune,Nej,Nej
kommunalvalg,C. Det Konservative Folkeparti,Listestemmer,17722,Lemvig Kommune,Nej,Nej
kommunalvalg,C. Det Konservative Folkeparti,Lizette Cramon,0,Ishøj Kommune,Nej,Nej
kommunalvalg,C. Det Konservative Folkeparti,Lone Christiansen,0,Vallensbæk Kommune,Nej,Nej
kommunalvalg,C. Det Konservative Folkeparti,"Lone Rusberg, Hvinningdal",0,Silkeborg Kommune,Nej,Nej
kommunalvalg,C. Det Konservative Folkeparti,"Lone Simonsen, Taastrup",0,Høje-Taastrup Kommune,Nej,Nej
kommunalvalg,C. Det Konservative Folkeparti,"Lotte Finck, Gistrup",0,Aalborg Kommune,Nej,Nej
kommunalvalg,C. Det Konservative Folkeparti,"Lotte Friis Böing, Mårslet",0,Aarhus Kommune,Nej,Nej
kommunalvalg,C. Det Konservative Folkeparti,"Lotte Stampe, Hornslet",41,Syddjurs Kommune,Nej,Nej
kommunalvalg,C. Det Konservative Folkeparti,"Louise Elisabeth Jensen, Hvissinge",0,Glostrup Kommune,Nej,Nej
kommunalvalg,C. Det Konservative Folkeparti,"Louise Faurskov Andersen, Aarup",0,Assens Kommune,Nej,Nej
kommunalvalg,C. Det Konservative Folkeparti,Louise Feilberg,315,Gentofte Kommune,Nej,Nej
kommunalvalg,C. Det Konservative Folkeparti,Louise Haldbo Balslev Bisbo,0,Svendborg Kommune,Nej,Nej
kommunalvalg,C. Det Konservative Folkeparti,Louise Hansen,0,Vejen Kommune,Nej,Nej
kommunalvalg,C. Det Konservative Folkeparti,"Louise Lund, Hillerød Midtby",109,Hillerød Kommune,Nej,Nej
kommunalvalg,C. Det Konservative Folkeparti,Lucas Martin Pedersen,0,Ringsted Kommune,Nej,Nej
kommunalvalg,C. Det Konservative Folkeparti,"Lucas Møller Larsen, Køge Nord",0,Køge Kommune,Nej,Nej
kommunalvalg,C. Det Konservative Folkeparti,"Lucas Svendsen, Faaborg",0,Faaborg-Midtfyn Kommune,Nej,Nej
kommunalvalg,C. Det Konservative Folkeparti,"Mads Bistrup Hestbæk, Hvissinge",0,Glostrup Kommune,Nej,Nej
kommunalvalg,C. Det Konservative Folkeparti,Mads Boeberg Hansen,133,Ærø Kommune,Nej,Nej
kommunalvalg,C. Det Konservative Folkeparti,"Mads Jensen, Frederikshavn",0,Frederikshavn Kommune,Nej,Nej
kommunalvalg,C. Det Konservative Folkeparti,"Mads Jensen, Grenaa",0,Norddjurs Kommune,Nej,Nej
kommunalvalg,C. Det Konservative Folkeparti,Mads Nørholm Pedersen,148,Fanø Kommune,Nej,Nej
kommunalvalg,C. Det Konservative Folkeparti,"Mads Ramstedt, Jersie Strand",0,Solrød Kommune,Nej,Nej
kommunalvalg,C. Det Konservative Folkeparti,"Mads Silberg, Solrød Strand",0,Solrød Kommune,Nej,Nej
kommunalvalg,C. Det Konservative Folkeparti,Mads Tandrup,0,Allerød Kommune,Nej,Nej
kommunalvalg,C. Det Konservative Folkeparti,Mads Trytek Olesen,30,Mariagerfjord Kommune,Nej,Nej
kommunalvalg,C. Det Konservative Folkeparti,"Magnus Jørgensen, Sorø",82,Sorø Kommune,Nej,Nej
kommunalvalg,C. Det Konservative Folkeparti,Magnus Von Dreiager,0,Lyngby-Taarbæk Kommune,Nej,Nej
kommunalvalg,C. Det Konservative Folkeparti,Maikhen Petersen,0,Greve Kommune,Nej,Nej
kommunalvalg,C. Det Konservative Folkeparti,Maj Allin Thorup,0,Hørsholm Kommune,Nej,Nej
kommunalvalg,C. Det Konservative Folkeparti,"Maj-Britt Hartvig, Torstorp",0,Høje-Taastrup Kommune,Nej,Nej
kommunalvalg,C. Det Konservative Folkeparti,Maj-Britt Mathiesen,0,Frederiksberg Kommune,Nej,Nej
kommunalvalg,C. Det Konservative Folkeparti,Malena Møller Mortensen,757,Viborg Kommune,Nej,Nej
kommunalvalg,C. Det Konservative Folkeparti,"Malene Munkebo Jauer, Sorø",25,Sorø Kommune,Nej,Nej
kommunalvalg,C. Det Konservative Folkeparti,Malou Ananiassen,0,Frederiksberg Kommune,Nej,Nej
kommunalvalg,C. Det Konservative Folkeparti,Malthe Scharling Borlund Bonde,47,Mariagerfjord Kommune,Nej,Nej
kommunalvalg,C. Det Konservative Folkeparti,"Manuel Vigilius, Hillerød Midtby",266,Hillerød Kommune,Nej,Nej
kommunalvalg,C. Det Konservative Folkeparti,"Marc Hvenegaard, Fensmark",212,Næstved Kommune,Nej,Nej
kommunalvalg,C. Det Konservative Folkeparti,"Marcus Sieverts, Hillerød Midtby",30,Hillerød Kommune,Nej,Nej
kommunalvalg,C. Det Konservative Folkeparti,"Maria Bjerregaard, Vestrup",106,Vesthimmerlands Kommune,Nej,Nej
kommunalvalg,C. Det Konservative Folkeparti,"Maria Christensen, Varde",0,Varde Kommune,Nej,Nej
kommunalvalg,C. Det Konservative Folkeparti,"Maria Heart, Langeskov",6,Kerteminde Kommune,Nej,Nej
kommunalvalg,C. Det Konservative Folkeparti,Maria Svane,0,Lyngby-Taarbæk Kommune,Nej,Nej
kommunalvalg,C. Det Konservative Folkeparti,"Mariane Nygaard Holm, Blåvand",0,Varde Kommune,Nej,Nej
kommunalvalg,C. Det Konservative Folkeparti,Marianne Bugge Zederkof,217,Gentofte Kommune,Nej,Nej
kommunalvalg,C. Det Konservative Folkeparti,"Marianne Carlsson, Gelsted",0,Middelfart Kommune,Nej,Nej
kommunalvalg,C. Det Konservative Folkeparti,"Marianne Poulsen, Rørvig",0,Odsherred Kommune,Nej,Nej
kommunalvalg,C. Det Konservative Folkeparti,Marianne Tholstrup Svendsen,0,Gladsaxe Kommune,Nej,Nej
kommunalvalg,C. Det Konservative Folkeparti,"Marianne Vinding, Dianalund",61,Sorø Kommune,Nej,Nej
kommunalvalg,C. Det Konservative Folkeparti,Marie Budtz Andersen,0,Frederiksberg Kommune,Nej,Nej
kommunalvalg,C. Det Konservative Folkeparti,Marie Louise Wedel Bruun,304,Gentofte Kommune,Nej,Nej
kommunalvalg,C. Det Konservative Folkeparti,"Marjan Ganjjou, Taastrup",0,Høje-Taastrup Kommune,Nej,Nej
kommunalvalg,C. Det Konservative Folkeparti,Mark Ambech,97,Ærø Kommune,Nej,Nej
kommunalvalg,C. Det Konservative Folkeparti,"Mark Palmquist, Østermarie",0,Bornholms Regionskommune,Nej,Nej
kommunalvalg,C. Det Konservative Folkeparti,Mark Pring,0,Randers Kommune,Nej,Nej
kommunalvalg,C. Det Konservative Folkeparti,"Marlene Rønnow Jørgensen, Hedensted",0,Hedensted Kommune,Nej,Nej
kommunalvalg,C. Det Konservative Folkeparti,"Martin Aastradsen Rosenkrantz, Hvissinge",0,Glostrup Kommune,Nej,Nej
kommunalvalg,C. Det Konservative Folkeparti,"Martin Barfoed, Vedbæk",0,Rudersdal Kommune,Nej,Nej
kommunalvalg,C. Det Konservative Folkeparti,"Martin Christensen, Lille Næstved",4,Næstved Kommune,Nej,Nej
kommunalvalg,C. Det Konservative Folkeparti,"Martin Crillesen, Dianalund",95,Sorø Kommune,Nej,Nej
kommunalvalg,C. Det Konservative Folkeparti,Martin Dam Nørgaard Magnussen,6,Nordfyns Kommune,Nej,Nej
kommunalvalg,C. Det Konservative Folkeparti,Martin Frøland,242,Gentofte Kommune,Nej,Nej
kommunalvalg,C. Det Konservative Folkeparti,Martin Gøth-Bidstrup,0,Slagelse Kommune,Nej,Nej
kommunalvalg,C. Det Konservative Folkeparti,"Martin Jakobsen, Silkeborg",0,Silkeborg Kommune,Nej,Nej
kommunalvalg,C. Det Konservative Folkeparti,Martin Jensing,0,Herlev Kommune,Nej,Nej
kommunalvalg,C. Det Konservative Folkeparti,"Martin Kirkholm Braun, Hjørring",245,Hjørring Kommune,Nej,Nej
kommunalvalg,C. Det Konservative Folkeparti,"Martin Kondrup Jensen, Støvring",84,Rebild Kommune,Nej,Nej
kommunalvalg,C. Det Konservative Folkeparti,"Martin Mackeprang Vinther, Brødeskov",96,Hillerød Kommune,Nej,Nej
kommunalvalg,C. Det Konservative Folkeparti,"Martin Mikkelsen, Aalborg",0,Aalborg Kommune,Nej,Nej
kommunalvalg,C. Det Konservative Folkeparti,"Martin Morsing Larsen, Fredensborg",105,Fredensborg Kommune,Nej,Nej
kommunalvalg,C. Det Konservative Folkeparti,"Martin Raghner, Grenaa",0,Norddjurs Kommune,Nej,Nej
kommunalvalg,C. Det Konservative Folkeparti,Martin Seemann,0,Stevns Kommune,Nej,Nej
kommunalvalg,C. Det Konservative Folkeparti,Martin Sørensen,0,Samsø Kommune,Nej,Nej
kommunalvalg,C. Det Konservative Folkeparti,Martin Veile Nørgaard Sønderby,0,Nyborg Kommune,Nej,Nej
kommunalvalg,C. Det Konservative Folkeparti,Martin Vendel Nielsen,0,Lyngby-Taarbæk Kommune,Nej,Nej
kommunalvalg,C. Det Konservative Folkeparti,Martin Wood Pedersen,171,Dragør Kommune,Nej,Nej
kommunalvalg,C. Det Konservative Folkeparti,Martin Østergaard Olsen,0,Esbjerg Kommune,Nej,Nej
kommunalvalg,C. Det Konservative Folkeparti,"Mathias Holger Nielsen, Hjørring",491,Hjørring Kommune,Nej,Nej
kommunalvalg,C. Det Konservative Folkeparti,Mathias Schwartz Kirkegaard,0,Greve Kommune,Nej,Nej
kommunalvalg,C. Det Konservative Folkeparti,Mathilde Kastbjerg,0,Københavns Kommune,Nej,Nej
kommunalvalg,C. Det Konservative Folkeparti,May-Britt Andrea Andersen,0,Esbjerg Kommune,Nej,Nej
kommunalvalg,C. Det Konservative Folkeparti,"Melanie Egtorp, Hvissinge",0,Glostrup Kommune,Nej,Nej
kommunalvalg,C. Det Konservative Folkeparti,"Melis Aydin, Taastrup",0,Høje-Taastrup Kommune,Nej,Nej
kommunalvalg,C. Det Konservative Folkeparti,"Merete Fuglsang Hansen, Hune",0,Jammerbugt Kommune,Nej,Nej
kommunalvalg,C. Det Konservative Folkeparti,"Merete Horn, Kerteminde",46,Kerteminde Kommune,Nej,Nej
kommunalvalg,C. Det Konservative Folkeparti,Merete Winther Hildebrandt,0,Frederiksberg Kommune,Nej,Nej
kommunalvalg,C. Det Konservative Folkeparti,"Mette Anbro Søndergaard, Hvissinge",0,Glostrup Kommune,Nej,Nej
kommunalvalg,C. Det Konservative Folkeparti,Mette Askær,0,Svendborg Kommune,Nej,Nej
kommunalvalg,C. Det Konservative Folkeparti,"Mette Carstensen, Trørød",0,Rudersdal Kommune,Nej,Nej
kommunalvalg,C. Det Konservative Folkeparti,"Mette Flauenskjold, Aalborg",0,Aalborg Kommune,Nej,Nej
kommunalvalg,C. Det Konservative Folkeparti,"Mette Guldberg, Tjørring",0,Herning Kommune,Nej,Nej
kommunalvalg,C. Det Konservative Folkeparti,Mette Helberg,122,Viborg Kommune,Nej,Nej
kommunalvalg,C. Det Konservative Folkeparti,"Mette Holm, Glostrup",0,Glostrup Kommune,Nej,Nej
kommunalvalg,C. Det Konservative Folkeparti,"Mette Jensen, Hirtshals",469,Hjørring Kommune,Nej,Nej
kommunalvalg,C. Det Konservative Folkeparti,Mette Kathrine Millard,0,Ringsted Kommune,Nej,Nej
kommunalvalg,C. Det Konservative Folkeparti,Mette Kærgaard Iversen,107,Morsø Kommune,Nej,Nej
kommunalvalg,C. Det Konservative Folkeparti,Mette Nøhr,960,Favrskov Kommune,Nej,Nej
kommunalvalg,C. Det Konservative Folkeparti,"Mette Nørtoft, Humlebæk",74,Fredensborg Kommune,Nej,Nej
kommunalvalg,C. Det Konservative Folkeparti,Mette Schmidt Olsen,0,Lyngby-Taarbæk Kommune,Nej,Nej
kommunalvalg,C. Det Konservative Folkeparti,Mette Sjøblom Skals,0,Ringsted Kommune,Nej,Nej
kommunalvalg,C. Det Konservative Folkeparti,"Mia Povlsen, Hundelev",251,Hjørring Kommune,Nej,Nej
kommunalvalg,C. Det Konservative Folkeparti,"Mia Qvist Scheelsbeck, Solrød Strand",0,Solrød Kommune,Nej,Nej
kommunalvalg,C. Det Konservative Folkeparti,Mia Tang,278,Dragør Kommune,Nej,Nej
kommunalvalg,C. Det Konservative Folkeparti,Michael Bay Olsen,0,Furesø Kommune,Nej,Nej
kommunalvalg,C. Det Konservative Folkeparti,"Michael Bernsdorf Jungfeldt, Faaborg",0,Faaborg-Midtfyn Kommune,Nej,Nej
kommunalvalg,C. Det Konservative Folkeparti,Michael Bisbo,0,Svendborg Kommune,Nej,Nej
kommunalvalg,C. Det Konservative Folkeparti,Michael Boll Jensen,58,Rødovre Kommune,Nej,Nej
kommunalvalg,C. Det Konservative Folkeparti,Michael Brautsch,0,Frederiksberg Kommune,Nej,Nej
kommunalvalg,C. Det Konservative Folkeparti,Michael Christensen,268,Faxe Kommune,Nej,Nej
kommunalvalg,C. Det Konservative Folkeparti,"Michael Faust Horsbøl, Odder",48,Odder Kommune,Nej,Nej
kommunalvalg,C. Det Konservative Folkeparti,Michael Fenger,7312,Gentofte Kommune,Nej,Nej
kommunalvalg,C. Det Konservative Folkeparti,Michael Frank Hansen,0,Gribskov Kommune,Nej,Nej
kommunalvalg,C. Det Konservative Folkeparti,Michael Gertsen,0,Nyborg Kommune,Nej,Nej
kommunalvalg,C. Det Konservative Folkeparti,Michael Grove,344,Viborg Kommune,Nej,Nej
kommunalvalg,C. Det Konservative Folkeparti,"Michael Hillebrandt, Herning",0,Herning Kommune,Nej,Nej
kommunalvalg,C. Det Konservative Folkeparti,"Michael Høgh, Viby J",0,Aarhus Kommune,Nej,Nej
kommunalvalg,C. Det Konservative Folkeparti,"Michael Krogsgaard, Aabybro",0,Jammerbugt Kommune,Nej,Nej
kommunalvalg,C. Det Konservative Folkeparti,"Michael Lagoni, Helsingør",0,Helsingør Kommune,Nej,Nej
kommunalvalg,C. Det Konservative Folkeparti,Michael M. Hansen,11,Læsø Kommune,Nej,Nej
kommunalvalg,C. Det Konservative Folkeparti,Michael M. Jørgensen,0,Lyngby-Taarbæk Kommune,Nej,Nej
kommunalvalg,C. Det Konservative Folkeparti,"Michael Mathiesen, Espergærde",0,Helsingør Kommune,Nej,Nej
kommunalvalg,C. Det Konservative Folkeparti,"Michael Møller, Nr. Broby",0,Faaborg-Midtfyn Kommune,Nej,Nej
kommunalvalg,C. Det Konservative Folkeparti,"Michael Nielsen, Langeskov",1830,Kerteminde Kommune,Nej,Nej
kommunalvalg,C. Det Konservative Folkeparti,"Michael Petersen, Vester Sottrup",0,Sønderborg Kommune,Nej,Nej
kommunalvalg,C. Det Konservative Folkeparti,Michael Povlsgaard,0,Lemvig Kommune,Nej,Nej
kommunalvalg,C. Det Konservative Folkeparti,Michael R. Rugaard,0,Brøndby Kommune,Nej,Nej
kommunalvalg,C. Det Konservative Folkeparti,"Michael René Nielsen, Nykøbing F.",0,Guldborgsund Kommune,Nej,Nej
kommunalvalg,C. Det Konservative Folkeparti,Michael Ring Møller Jensen,0,Stevns Kommune,Nej,Nej
kommunalvalg,C. Det Konservative Folkeparti,Michael Sabroe,0,Hvidovre Kommune,Nej,Nej
kommunalvalg,C. Det Konservative Folkeparti,Michael Wolf,0,Brøndby Kommune,Nej,Nej
kommunalvalg,C. Det Konservative Folkeparti,"Michael Ziegler, Taastrup",0,Høje-Taastrup Kommune,Nej,Nej
kommunalvalg,C. Det Konservative Folkeparti,"Michaela Uldall Jensen, Blangslev",5,Næstved Kommune,Nej,Nej
kommunalvalg,C. Det Konservative Folkeparti,"Michella Nathja Berling, Glumsø",35,Næstved Kommune,Nej,Nej
kommunalvalg,C. Det Konservative Folkeparti,"Mie Holdensen, Brædstrup",0,Horsens Kommune,Nej,Nej
kommunalvalg,C. Det Konservative Folkeparti,"Mie Sylvestersen-Platz, Gludsted",29,Ikast-Brande Kommune,Nej,Nej
kommunalvalg,C. Det Konservative Folkeparti,Mikael Arendt Laursen,0,Fredericia Kommune,Nej,Nej
kommunalvalg,C. Det Konservative Folkeparti,"Mikael Christensen, Hjallerup",0,Brønderslev Kommune,Nej,Nej
kommunalvalg,C. Det Konservative Folkeparti,"Mikael Emanuel, Taastrup",0,Høje-Taastrup Kommune,Nej,Nej
kommunalvalg,C. Det Konservative Folkeparti,"Mikael Wendelboe, Nivå",47,Fredensborg Kommune,Nej,Nej
kommunalvalg,C. Det Konservative Folkeparti,Mike Straarup,0,Vejen Kommune,Nej,Nej
kommunalvalg,C. Det Konservative Folkeparti,"Mikkel Dodt Fregerslev, Humlebæk",256,Fredensborg Kommune,Nej,Nej
kommunalvalg,C. Det Konservative Folkeparti,"Mikkel Egede Herskind, Raklev",0,Kalundborg Kommune,Nej,Nej
kommunalvalg,C. Det Konservative Folkeparti,"Mikkel Grøndahl, Himmelev",0,Roskilde Kommune,Nej,Nej
kommunalvalg,C. Det Konservative Folkeparti,Mikkel Hedegreen,0,Brøndby Kommune,Nej,Nej
kommunalvalg,C. Det Konservative Folkeparti,Mikkel Lundemann,0,Stevns Kommune,Nej,Nej
kommunalvalg,C. Det Konservative Folkeparti,"Mille Toft Schou, Hornslet",316,Syddjurs Kommune,Nej,Nej
kommunalvalg,C. Det Konservative Folkeparti,"Mimi Nguyen, Kraghave",0,Høje-Taastrup Kommune,Nej,Nej
kommunalvalg,C. Det Konservative Folkeparti,"Mirela Tanovic, Kolding",160,Kolding Kommune,Nej,Nej
kommunalvalg,C. Det Konservative Folkeparti,"Mogens Anneberg, Hasle",0,Bornholms Regionskommune,Nej,Nej
kommunalvalg,C. Det Konservative Folkeparti,Mogens Busk Sørensen,0,Gladsaxe Kommune,Nej,Nej
kommunalvalg,C. Det Konservative Folkeparti,"Mogens Hallager, Jyllinge",0,Roskilde Kommune,Nej,Nej
kommunalvalg,C. Det Konservative Folkeparti,Monika Karpinska Dollerup,0,Tårnby Kommune,Nej,Nej
kommunalvalg,C. Det Konservative Folkeparti,Morten Brørup,0,Herlev Kommune,Nej,Nej
kommunalvalg,C. Det Konservative Folkeparti,Morten Christensen,111,Viborg Kommune,Nej,Nej
kommunalvalg,C. Det Konservative Folkeparti,"Morten Holgersen, Gl. Stenderup",0,Faaborg-Midtfyn Kommune,Nej,Nej
kommunalvalg,C. Det Konservative Folkeparti,"Morten Hougaard, Ringe",0,Faaborg-Midtfyn Kommune,Nej,Nej
kommunalvalg,C. Det Konservative Folkeparti,"Morten Hvidtfeldt, Appenæs",30,Næstved Kommune,Nej,Nej
kommunalvalg,C. Det Konservative Folkeparti,"Morten Jarlbæk Pedersen, Nærum",0,Rudersdal Kommune,Nej,Nej
kommunalvalg,C. Det Konservative Folkeparti,"Morten Løgager, Ballerup",0,Ballerup Kommune,Nej,Nej
kommunalvalg,C. Det Konservative Folkeparti,Morten Melchiors,0,Københavns Kommune,Nej,Nej
kommunalvalg,C. Det Konservative Folkeparti,"Morten Meldgaard, Skævinge",319,Hillerød Kommune,Nej,Nej
kommunalvalg,C. Det Konservative Folkeparti,"Morten Munksø Rolle, Glostrup",0,Glostrup Kommune,Nej,Nej
kommunalvalg,C. Det Konservative Folkeparti,Morten Nedergaard,0,Odense Kommune,Nej,Nej
kommunalvalg,C. Det Konservative Folkeparti,"Morten Scheelsbeck, Solrød Strand",0,Solrød Kommune,Nej,Nej
kommunalvalg,C. Det Konservative Folkeparti,Morten Schou Jørgensen,0,Vallensbæk Kommune,Nej,Nej
kommunalvalg,C. Det Konservative Folkeparti,"Morten Skydsgaard, Sorring",0,Silkeborg Kommune,Nej,Nej
kommunalvalg,C. Det Konservative Folkeparti,Morten Slotved,0,Hørsholm Kommune,Nej,Nej
kommunalvalg,C. Det Konservative Folkeparti,"Morten Thiessen, Aalborg",0,Aalborg Kommune,Nej,Nej
kommunalvalg,C. Det Konservative Folkeparti,Morten Thoregaard,184,Rødovre Kommune,Nej,Nej
kommunalvalg,C. Det Konservative Folkeparti,"Morten Trillingsgaard Høybye, Vester Nebel",176,Kolding Kommune,Nej,Nej
kommunalvalg,C. Det Konservative Folkeparti,Morten Ulrich,0,Holbæk Kommune,Nej,Nej
kommunalvalg,C. Det Konservative Folkeparti,"Morten Weiss-Pedersen, Middelfart",0,Middelfart Kommune,Nej,Nej
kommunalvalg,C. Det Konservative Folkeparti,Morten Wind Lübker,664,Favrskov Kommune,Nej,Nej
kommunalvalg,C. Det Konservative Folkeparti,Morten Øster Kristensen,0,Samsø Kommune,Nej,Nej
kommunalvalg,C. Det Konservative Folkeparti,Muhamed Halili,78,Rødovre Kommune,Nej,Nej
kommunalvalg,C. Det Konservative Folkeparti,Musa Harmanci,0,Furesø Kommune,Nej,Nej
kommunalvalg,C. Det Konservative Folkeparti,"Natasja Bruun Knudsen, Assens",0,Assens Kommune,Nej,Nej
kommunalvalg,C. Det Konservative Folkeparti,Nermina Alagic Klitgaard,0,Randers Kommune,Nej,Nej
kommunalvalg,C. Det Konservative Folkeparti,"Nette Schultz, Bjæverskov",0,Køge Kommune,Nej,Nej
kommunalvalg,C. Det Konservative Folkeparti,"Nick Lyng, Nørre Alslev",0,Guldborgsund Kommune,Nej,Nej
kommunalvalg,C. Det Konservative Folkeparti,Nicklas Verne,282,Viborg Kommune,Nej,Nej
kommunalvalg,C. Det Konservative Folkeparti,"Nicklas Ådén Poulsen, Farsø",297,Vesthimmerlands Kommune,Nej,Nej
kommunalvalg,C. Det Konservative Folkeparti,"Nicola Emily Larsen, Birkerød",0,Rudersdal Kommune,Nej,Nej
kommunalvalg,C. Det Konservative Folkeparti,"Nicolai Niemann, Bælum",206,Rebild Kommune,Nej,Nej
kommunalvalg,C. Det Konservative Folkeparti,"Nicolai Pandorff, Onsved",0,Frederikssund Kommune,Nej,Nej
kommunalvalg,C. Det Konservative Folkeparti,Nicolaj Aarøe,0,Esbjerg Kommune,Nej,Nej
kommunalvalg,C. Det Konservative Folkeparti,"Nicolaj Bang, Aarhus",0,Aarhus Kommune,Nej,Nej
kommunalvalg,C. Det Konservative Folkeparti,"Niels Aakjær Holst, Rønde",30,Syddjurs Kommune,Nej,Nej
kommunalvalg,C. Det Konservative Folkeparti,Niels Baht,167,Gentofte Kommune,Nej,Nej
kommunalvalg,C. Det Konservative Folkeparti,"Niels Bang-Ebbestrup, Holmene",4,Hillerød Kommune,Nej,Nej
kommunalvalg,C. Det Konservative Folkeparti,Niels Chr. Selchau-Mark,1031,Favrskov Kommune,Nej,Nej
kommunalvalg,C. Det Konservative Folkeparti,"Niels Christian Klemmensen Tordrup, Aalborg SV",0,Aalborg Kommune,Nej,Nej
kommunalvalg,C. Det Konservative Folkeparti,Niels Fischer-Nielsen,142,Fanø Kommune,Nej,Nej
kommunalvalg,C. Det Konservative Folkeparti,Niels Haastrup,0,Svendborg Kommune,Nej,Nej
kommunalvalg,C. Det Konservative Folkeparti,Niels Henrik Ebdrup,0,Holbæk Kommune,Nej,Nej
kommunalvalg,C. Det Konservative Folkeparti,Niels Jørgen Brandt,0,Furesø Kommune,Nej,Nej
kommunalvalg,C. Det Konservative Folkeparti,Niels Jørgen Thomsen,0,Randers Kommune,Nej,Nej
kommunalvalg,C. Det Konservative Folkeparti,"Niels Martin Viuff, Frederikssund",0,Frederikssund Kommune,Nej,Nej
kommunalvalg,C. Det Konservative Folkeparti,Niels Møller Pedersen,0,Halsnæs Kommune,Nej,Nej
kommunalvalg,C. Det Konservative Folkeparti,Niels Odgaard,162,Læsø Kommune,Nej,Nej
kommunalvalg,C. Det Konservative Folkeparti,Niels Peder Ravn,0,Københavns Kommune,Nej,Nej
kommunalvalg,C. Det Konservative Folkeparti,"Niels Rasmusen, Spjellerup",4,Næstved Kommune,Nej,Nej
kommunalvalg,C. Det Konservative Folkeparti,"Niels Ravn Schmidt, Sønder Stenderup",46,Kolding Kommune,Nej,Nej
kommunalvalg,C. Det Konservative Folkeparti,"Niels Rosenberg, Gylling",762,Odder Kommune,Nej,Nej
kommunalvalg,C. Det Konservative Folkeparti,"Niels Skov Pedersen, Ørum Djurs",0,Norddjurs Kommune,Nej,Nej
kommunalvalg,C. Det Konservative Folkeparti,"Niels-Henrik Holscher, Vordingborg",0,Vordingborg Kommune,Nej,Nej
kommunalvalg,C. Det Konservative Folkeparti,"Nikki Mandal Hauge, Gadbjerg",0,Vejle Kommune,Nej,Nej
kommunalvalg,C. Det Konservative Folkeparti,"Niklas Haapanen, Ballerup",0,Ballerup Kommune,Nej,Nej
kommunalvalg,C. Det Konservative Folkeparti,Nikolai Ellegaard Sørensen,0,Københavns Kommune,Nej,Nej
kommunalvalg,C. Det Konservative Folkeparti,Nikolai Larsen,0,Odense Kommune,Nej,Nej
kommunalvalg,C. Det Konservative Folkeparti,Nikolaj Bøgh,0,Frederiksberg Kommune,Nej,Nej
kommunalvalg,C. Det Konservative Folkeparti,"Nikolaj Enggård Fogh, Odder",983,Odder Kommune,Nej,Nej
kommunalvalg,C. Det Konservative Folkeparti,"Nikolaj Visby Sandbæk, Nivå",151,Fredensborg Kommune,Nej,Nej
kommunalvalg,C. Det Konservative Folkeparti,Nikoline Ida Christiansen,0,Frederiksberg Kommune,Nej,Nej
kommunalvalg,C. Det Konservative Folkeparti,"Nils Eske Smidemann, Radsted",0,Guldborgsund Kommune,Nej,Nej
kommunalvalg,C. Det Konservative Folkeparti,Nils Jul Gjerlev,0,Albertslund Kommune,Nej,Nej
kommunalvalg,C. Det Konservative Folkeparti,"Nina Lidegaard, Støvring",74,Rebild Kommune,Nej,Nej
kommunalvalg,C. Det Konservative Folkeparti,"Nis Christian Vilain Raun, Aastrup/Nordenfjord",0,Haderslev Kommune,Nej,Nej
kommunalvalg,C. Det Konservative Folkeparti,"Ole Agger Hansen, Brønderslev",0,Brønderslev Kommune,Nej,Nej
kommunalvalg,C. Det Konservative Folkeparti,Ole Gilberg,13,Ærø Kommune,Nej,Nej
kommunalvalg,C. Det Konservative Folkeparti,"Ole Gottlieb, Felsted",0,Aabenraa Kommune,Nej,Nej
kommunalvalg,C. Det Konservative Folkeparti,Ole Jensen,8,Favrskov Kommune,Nej,Nej
kommunalvalg,C. Det Konservative Folkeparti,"Ole Jensen, Skørping",82,Rebild Kommune,Nej,Nej
kommunalvalg,C. Det Konservative Folkeparti,Ole Keinicke Christensen,0,Ringsted Kommune,Nej,Nej
kommunalvalg,C. Det Konservative Folkeparti,"Ole Lindeborg Johansen, Solbjerg",0,Aarhus Kommune,Nej,Nej
kommunalvalg,C. Det Konservative Folkeparti,Ole Lønborg,0,Brøndby Kommune,Nej,Nej
kommunalvalg,C. Det Konservative Folkeparti,"Ole M. Jung, Næstved",86,Næstved Kommune,Nej,Nej
kommunalvalg,C. Det Konservative Folkeparti,Ole Normann Buch,0,Københavns Kommune,Nej,Nej
kommunalvalg,C. Det Konservative Folkeparti,"Ole Olesen, Grenaa",0,Norddjurs Kommune,Nej,Nej
kommunalvalg,C. Det Konservative Folkeparti,Ole Pedersen,0,Herlev Kommune,Nej,Nej
kommunalvalg,C. Det Konservative Folkeparti,Ole Wessung,0,Hørsholm Kommune,Nej,Nej
kommunalvalg,C. Det Konservative Folkeparti,Oliver  Larsen,0,Ringsted Kommune,Nej,Nej
kommunalvalg,C. Det Konservative Folkeparti,"Oliver Abildskov, Aarhus C",0,Aarhus Kommune,Nej,Nej
kommunalvalg,C. Det Konservative Folkeparti,Oliver Bagge,0,Vallensbæk Kommune,Nej,Nej
kommunalvalg,C. Det Konservative Folkeparti,Oliver Thorgrimson,0,Tårnby Kommune,Nej,Nej
kommunalvalg,C. Det Konservative Folkeparti,Otto B. Christiansen,0,Hørsholm Kommune,Nej,Nej
kommunalvalg,C. Det Konservative Folkeparti,"P. Michael Øllgaard, Ganløse",0,Egedal Kommune,Nej,Nej
kommunalvalg,C. Det Konservative Folkeparti,Palle Christensen,0,Skive Kommune,Nej,Nej
kommunalvalg,C. Det Konservative Folkeparti,"Palle Olsen, Nyråd",0,Vordingborg Kommune,Nej,Nej
kommunalvalg,C. Det Konservative Folkeparti,Patrick Lehto,0,Tårnby Kommune,Nej,Nej
kommunalvalg,C. Det Konservative Folkeparti,"Patrick de Medici, Maribo",0,Lolland Kommune,Nej,Nej
kommunalvalg,C. Det Konservative Folkeparti,"Paul Thalund, Dåstrup",0,Roskilde Kommune,Nej,Nej
kommunalvalg,C. Det Konservative Folkeparti,Peder Brandhof,0,Frederiksberg Kommune,Nej,Nej
kommunalvalg,C. Det Konservative Folkeparti,"Peder Hansen, Snøde",189,Langeland Kommune,Nej,Nej
kommunalvalg,C. Det Konservative Folkeparti,Per Flatau,2,Faxe Kommune,Nej,Nej
kommunalvalg,C. Det Konservative Folkeparti,Per Grydbæk,0,Halsnæs Kommune,Nej,Nej
kommunalvalg,C. Det Konservative Folkeparti,Per Hingel,0,Samsø Kommune,Nej,Nej
kommunalvalg,C. Det Konservative Folkeparti,Per Lindved,0,Lemvig Kommune,Nej,Nej
kommunalvalg,C. Det Konservative Folkeparti,"Per Lorenz Hinrichsen, Vordingborg",0,Vordingborg Kommune,Nej,Nej
kommunalvalg,C. Det Konservative Folkeparti,"Per Madsen, Grindsted",0,Billund Kommune,Nej,Nej
kommunalvalg,C. Det Konservative Folkeparti,"Per Munk Laustsen, Vejle",0,Vejle Kommune,Nej,Nej
kommunalvalg,C. Det Konservative Folkeparti,"Per Møller, Hjørring",2748,Hjørring Kommune,Nej,Nej
kommunalvalg,C. Det Konservative Folkeparti,"Per Nedergaard Nielsen, Humble",3,Langeland Kommune,Nej,Nej
kommunalvalg,C. Det Konservative Folkeparti,"Per Nyborg, Aars",941,Vesthimmerlands Kommune,Nej,Nej
kommunalvalg,C. Det Konservative Folkeparti,Per Nygaard,0,Ringsted Kommune,Nej,Nej
kommunalvalg,C. Det Konservative Folkeparti,"Per Skovmose, Hanstholm",0,Thisted Kommune,Nej,Nej
kommunalvalg,C. Det Konservative Folkeparti,Per Urban Olsen,0,Samsø Kommune,Nej,Nej
kommunalvalg,C. Det Konservative Folkeparti,Pernille Bordal Rasmussen,11,Faxe Kommune,Nej,Nej
kommunalvalg,C. Det Konservative Folkeparti,"Pernille Kjul Knudsen, Hjørring",87,Hjørring Kommune,Nej,Nej
kommunalvalg,C. Det Konservative Folkeparti,Peshtiwan Zewkaei,0,Hvidovre Kommune,Nej,Nej
kommunalvalg,C. Det Konservative Folkeparti,Peter Agger,0,Hørsholm Kommune,Nej,Nej
kommunalvalg,C. Det Konservative Folkeparti,Peter Askjær,0,Samsø Kommune,Nej,Nej
kommunalvalg,C. Det Konservative Folkeparti,"Peter Bak, Haverslev",53,Rebild Kommune,Nej,Nej
kommunalvalg,C. Det Konservative Folkeparti,Peter Birger Tøttrup,45,Gentofte Kommune,Nej,Nej
kommunalvalg,C. Det Konservative Folkeparti,Peter Bisgaard,0,Københavns Kommune,Nej,Nej
kommunalvalg,C. Det Konservative Folkeparti,Peter Christian Vinge-Maigaard,0,Vallensbæk Kommune,Nej,Nej
kommunalvalg,C. Det Konservative Folkeparti,"Peter Ebbestrup Lassen, Glostrup",0,Glostrup Kommune,Nej,Nej
kommunalvalg,C. Det Konservative Folkeparti,Peter Emborg,0,Slagelse Kommune,Nej,Nej
kommunalvalg,C. Det Konservative Folkeparti,Peter Fisker Lassen,0,Ringsted Kommune,Nej,Nej
kommunalvalg,C. Det Konservative Folkeparti,"Peter Fugl Jakobsen, Næstved",21,Næstved Kommune,Nej,Nej
kommunalvalg,C. Det Konservative Folkeparti,"Peter Horsted Hansen, Nykøbing Sj.",0,Odsherred Kommune,Nej,Nej
kommunalvalg,C. Det Konservative Folkeparti,"Peter Ingemann Bentsen, Hillerød Midtby",162,Hillerød Kommune,Nej,Nej
kommunalvalg,C. Det Konservative Folkeparti,Peter Jacobsen,0,Odense Kommune,Nej,Nej
kommunalvalg,C. Det Konservative Folkeparti,"Peter Joensen, Høng",0,Kalundborg Kommune,Nej,Nej
kommunalvalg,C. Det Konservative Folkeparti,Peter Juhl,327,Viborg Kommune,Nej,Nej
kommunalvalg,C. Det Konservative Folkeparti,Peter Kaas-Claesson,0,Lejre Kommune,Nej,Nej
kommunalvalg,C. Det Konservative Folkeparti,Peter Kent Starup,0,Esbjerg Kommune,Nej,Nej
kommunalvalg,C. Det Konservative Folkeparti,"Peter Knudsen, Skagen",0,Frederikshavn Kommune,Nej,Nej
kommunalvalg,C. Det Konservative Folkeparti,Peter Lund Sørensen,83,Rødovre Kommune,Nej,Nej
kommunalvalg,C. Det Konservative Folkeparti,Peter M. Brandi,0,Hørsholm Kommune,Nej,Nej
kommunalvalg,C. Det Konservative Folkeparti,"Peter Nygaard, Sorø",139,Sorø Kommune,Nej,Nej
kommunalvalg,C. Det Konservative Folkeparti,Peter Simoni,0,Vejen Kommune,Nej,Nej
kommunalvalg,C. Det Konservative Folkeparti,Peter Skøtt,78,Gentofte Kommune,Nej,Nej
kommunalvalg,C. Det Konservative Folkeparti,"Peter Sporleder, Højbjerg",0,Aarhus Kommune,Nej,Nej
kommunalvalg,C. Det Konservative Folkeparti,"Peter Stecher, Brønderslev",0,Brønderslev Kommune,Nej,Nej
kommunalvalg,C. Det Konservative Folkeparti,"Peter Svarre Fridolf, Svaneke",0,Bornholms Regionskommune,Nej,Nej
kommunalvalg,C. Det Konservative Folkeparti,"Peter Sørensen, Skagen",0,Frederikshavn Kommune,Nej,Nej
kommunalvalg,C. Det Konservative Folkeparti,Peter Topp Engelsted Jonasen,0,Greve Kommune,Nej,Nej
kommunalvalg,C. Det Konservative Folkeparti,Peter Ysekær,0,Svendborg Kommune,Nej,Nej
kommunalvalg,C. Det Konservative Folkeparti,Philip Kryger Foged,0,Randers Kommune,Nej,Nej
kommunalvalg,C. Det Konservative Folkeparti,Phillip Westh Weirup,0,Slagelse Kommune,Nej,Nej
kommunalvalg,C. Det Konservative Folkeparti,"Pia B. Ravnholt, Støvring",11,Rebild Kommune,Nej,Nej
kommunalvalg,C. Det Konservative Folkeparti,"Pia Elkær, Koldby",0,Thisted Kommune,Nej,Nej
kommunalvalg,C. Det Konservative Folkeparti,"Pia Hansen, Ladby",61,Kerteminde Kommune,Nej,Nej
kommunalvalg,C. Det Konservative Folkeparti,Pia Kolind Nielsen,0,Københavns Kommune,Nej,Nej
kommunalvalg,C. Det Konservative Folkeparti,"Pierre Kary, Jyllinge",0,Roskilde Kommune,Nej,Nej
kommunalvalg,C. Det Konservative Folkeparti,"Poul Bloch Jensen, Rudkøbing",16,Langeland Kommune,Nej,Nej
kommunalvalg,C. Det Konservative Folkeparti,Poul Erik Christensen,0,Gladsaxe Kommune,Nej,Nej
kommunalvalg,C. Det Konservative Folkeparti,"Poul Hermann, Glostrup",0,Glostrup Kommune,Nej,Nej
kommunalvalg,C. Det Konservative Folkeparti,Poul Roesen,204,Morsø Kommune,Nej,Nej
kommunalvalg,C. Det Konservative Folkeparti,Poul Sørensen,0,Fredericia Kommune,Nej,Nej
kommunalvalg,C. Det Konservative Folkeparti,Preben Dixen,0,Odense Kommune,Nej,Nej
kommunalvalg,C. Det Konservative Folkeparti,Preben Helleberg Jensen,0,Tønder Kommune,Nej,Nej
kommunalvalg,C. Det Konservative Folkeparti,"Preben Steen, Børkop",0,Vejle Kommune,Nej,Nej
kommunalvalg,C. Det Konservative Folkeparti,"Ragner Nielsen, Tinglev",0,Aabenraa Kommune,Nej,Nej
kommunalvalg,C. Det Konservative Folkeparti,"Ralf Skovgaard, Gudhjem",0,Bornholms Regionskommune,Nej,Nej
kommunalvalg,C. Det Konservative Folkeparti,Rami Zouzou,0,Frederiksberg Kommune,Nej,Nej
kommunalvalg,C. Det Konservative Folkeparti,Rasmus Bjergegaard,0,Københavns Kommune,Nej,Nej
kommunalvalg,C. Det Konservative Folkeparti,"Rasmus Byrith, Borup",14,Vesthimmerlands Kommune,Nej,Nej
kommunalvalg,C. Det Konservative Folkeparti,"Rasmus Elkjær Larsen, Aabenraa",0,Aabenraa Kommune,Nej,Nej
kommunalvalg,C. Det Konservative Folkeparti,"Rasmus H. Eichler, Løjt",0,Aabenraa Kommune,Nej,Nej
kommunalvalg,C. Det Konservative Folkeparti,Rasmus Hald,0,Fredericia Kommune,Nej,Nej
kommunalvalg,C. Det Konservative Folkeparti,"Rasmus Hebsgaard, Ikast",288,Ikast-Brande Kommune,Nej,Nej
kommunalvalg,C. Det Konservative Folkeparti,"Rasmus Jarlov, Gadstrup",0,Roskilde Kommune,Nej,Nej
kommunalvalg,C. Det Konservative Folkeparti,Rasmus Porup,0,Lemvig Kommune,Nej,Nej
kommunalvalg,C. Det Konservative Folkeparti,"Rasmus Sandvej, Kolding",104,Kolding Kommune,Nej,Nej
kommunalvalg,C. Det Konservative Folkeparti,"Rasmus Sømod, Næsbjerg",0,Varde Kommune,Nej,Nej
kommunalvalg,C. Det Konservative Folkeparti,"Rasmus Trenskow, Stae",0,Aalborg Kommune,Nej,Nej
kommunalvalg,C. Det Konservative Folkeparti,"Rasmus Viereck, Bøjden",0,Faaborg-Midtfyn Kommune,Nej,Nej
kommunalvalg,C. Det Konservative Folkeparti,Rebecca Plomin,0,Gladsaxe Kommune,Nej,Nej
kommunalvalg,C. Det Konservative Folkeparti,"Regitze Aastradsen Rosenkrantz, Hvissinge",0,Glostrup Kommune,Nej,Nej
kommunalvalg,C. Det Konservative Folkeparti,"Regitze Harslund, Næstved",178,Næstved Kommune,Nej,Nej
kommunalvalg,C. Det Konservative Folkeparti,"Rejan Azad, Høje Taastrup",0,Høje-Taastrup Kommune,Nej,Nej
kommunalvalg,C. Det Konservative Folkeparti,"René Eriksen, Hejnsvig",0,Billund Kommune,Nej,Nej
kommunalvalg,C. Det Konservative Folkeparti,"René Flou, Aalborg",0,Aalborg Kommune,Nej,Nej
kommunalvalg,C. Det Konservative Folkeparti,"René McKenzie Lintrup, Lund",0,Horsens Kommune,Nej,Nej
kommunalvalg,C. Det Konservative Folkeparti,René Nicklas Wendt,0,Allerød Kommune,Nej,Nej
kommunalvalg,C. Det Konservative Folkeparti,"René Nikolaj Andersen, Kolding",51,Kolding Kommune,Nej,Nej
kommunalvalg,C. Det Konservative Folkeparti,"René Nørbjerg, Kokkedal",70,Fredensborg Kommune,Nej,Nej
kommunalvalg,C. Det Konservative Folkeparti,"René Schibler, Hornbæk",0,Helsingør Kommune,Nej,Nej
kommunalvalg,C. Det Konservative Folkeparti,René Schneider,286,Favrskov Kommune,Nej,Nej
kommunalvalg,C. Det Konservative Folkeparti,"René Skjødt, Sørup",67,Rebild Kommune,Nej,Nej
kommunalvalg,C. Det Konservative Folkeparti,Richard Sandbæk,0,Lyngby-Taarbæk Kommune,Nej,Nej
kommunalvalg,C. Det Konservative Folkeparti,Ricky Jannik van Overeem,0,Vallensbæk Kommune,Nej,Nej
kommunalvalg,C. Det Konservative Folkeparti,Rie Jakobsen,0,Frederiksberg Kommune,Nej,Nej
kommunalvalg,C. Det Konservative Folkeparti,"Rie Ramsdal, Odder",100,Odder Kommune,Nej,Nej
kommunalvalg,C. Det Konservative Folkeparti,"Rikke Bachmann, Næstved",60,Næstved Kommune,Nej,Nej
kommunalvalg,C. Det Konservative Folkeparti,Rikke Blak-Kristiansen,0,Furesø Kommune,Nej,Nej
kommunalvalg,C. Det Konservative Folkeparti,"Rikke Pedersen, Nibe",0,Aalborg Kommune,Nej,Nej
kommunalvalg,C. Det Konservative Folkeparti,Roya Moore,0,Odense Kommune,Nej,Nej
kommunalvalg,C. Det Konservative Folkeparti,Rudi Steen Hansen,0,Vejen Kommune,Nej,Nej
kommunalvalg,C. Det Konservative Folkeparti,Rune Hartung,0,Odense Kommune,Nej,Nej
kommunalvalg,C. Det Konservative Folkeparti,"Rune Kristensen, Lille Næstved",2669,Næstved Kommune,Nej,Nej
kommunalvalg,C. Det Konservative Folkeparti,Rune Nymann,0,Lejre Kommune,Nej,Nej
kommunalvalg,C. Det Konservative Folkeparti,Ruth Birkelund,0,Greve Kommune,Nej,Nej
kommunalvalg,C. Det Konservative Folkeparti,Sabrina Andersen-Jensen,0,Slagelse Kommune,Nej,Nej
kommunalvalg,C. Det Konservative Folkeparti,Samir Maáli,0,Gribskov Kommune,Nej,Nej
kommunalvalg,C. Det Konservative Folkeparti,"Samsam Farah, Aarhus V",0,Aarhus Kommune,Nej,Nej
kommunalvalg,C. Det Konservative Folkeparti,"Samuel Rützou, Jyllinge",0,Roskilde Kommune,Nej,Nej
kommunalvalg,C. Det Konservative Folkeparti,Sanne Birk Christensen,6,Dragør Kommune,Nej,Nej
kommunalvalg,C. Det Konservative Folkeparti,"Sanne Lessèl-Wigh, Sorø",20,Sorø Kommune,Nej,Nej
kommunalvalg,C. Det Konservative Folkeparti,Sanne Sejrbo-Dekker,0,Furesø Kommune,Nej,Nej
kommunalvalg,C. Det Konservative Folkeparti,Sara Houssain Salame,0,Fredericia Kommune,Nej,Nej
kommunalvalg,C. Det Konservative Folkeparti,"Sarah Guldborg, Espergærde",0,Helsingør Kommune,Nej,Nej
kommunalvalg,C. Det Konservative Folkeparti,"Sebastian Kaimson, Aarhus N",0,Aarhus Kommune,Nej,Nej
kommunalvalg,C. Det Konservative Folkeparti,"Sebastian Kromann, Viby J",0,Aarhus Kommune,Nej,Nej
kommunalvalg,C. Det Konservative Folkeparti,Sebastian W Blawat,23,Ærø Kommune,Nej,Nej
kommunalvalg,C. Det Konservative Folkeparti,Sejr Uller,0,Vejen Kommune,Nej,Nej
kommunalvalg,C. Det Konservative Folkeparti,"Shawn Owens, Risskov",0,Aarhus Kommune,Nej,Nej
kommunalvalg,C. Det Konservative Folkeparti,"Signe Nøhr, Hornum",1381,Vesthimmerlands Kommune,Nej,Nej
kommunalvalg,C. Det Konservative Folkeparti,Sigurd Hebo Lønholdt,0,Københavns Kommune,Nej,Nej
kommunalvalg,C. Det Konservative Folkeparti,Silas Fisker,0,Hvidovre Kommune,Nej,Nej
kommunalvalg,C. Det Konservative Folkeparti,Silas Ipsen,0,Stevns Kommune,Nej,Nej
kommunalvalg,C. Det Konservative Folkeparti,Silas T. H. Rasmussen,0,Frederiksberg Kommune,Nej,Nej
kommunalvalg,C. Det Konservative Folkeparti,"Simon Arnt Kokkenborg, Brande",61,Ikast-Brande Kommune,Nej,Nej
kommunalvalg,C. Det Konservative Folkeparti,"Simon Bøtkjær Nielsen, Høje Taastrup",0,Høje-Taastrup Kommune,Nej,Nej
kommunalvalg,C. Det Konservative Folkeparti,"Simon Hyldegaard, Næstved",74,Næstved Kommune,Nej,Nej
kommunalvalg,C. Det Konservative Folkeparti,Simon Højer,514,Viborg Kommune,Nej,Nej
kommunalvalg,C. Det Konservative Folkeparti,"Simon Krabbe, Ballerup",0,Ballerup Kommune,Nej,Nej
kommunalvalg,C. Det Konservative Folkeparti,Simon Linde,365,Mariagerfjord Kommune,Nej,Nej
kommunalvalg,C. Det Konservative Folkeparti,Simon Mortensen,0,Gribskov Kommune,Nej,Nej
kommunalvalg,C. Det Konservative Folkeparti,"Simon Rostgaard Hansen, Ødis",53,Kolding Kommune,Nej,Nej
kommunalvalg,C. Det Konservative Folkeparti,"Simone Vinter, Nybølle",0,Egedal Kommune,Nej,Nej
kommunalvalg,C. Det Konservative Folkeparti,"Sirenetta Poulsen, Trørød",0,Rudersdal Kommune,Nej,Nej
kommunalvalg,C. Det Konservative Folkeparti,Sofia Osmani,0,Lyngby-Taarbæk Kommune,Nej,Nej
kommunalvalg,C. Det Konservative Folkeparti,Sofie Ringgaard Schøning,722,Viborg Kommune,Nej,Nej
kommunalvalg,C. Det Konservative Folkeparti,"Sofie Therese Svendsen, Aalborg",0,Aalborg Kommune,Nej,Nej
kommunalvalg,C. Det Konservative Folkeparti,Stampe Duus,0,Holbæk Kommune,Nej,Nej
kommunalvalg,C. Det Konservative Folkeparti,"Steen Boldsen, Helsingør",0,Helsingør Kommune,Nej,Nej
kommunalvalg,C. Det Konservative Folkeparti,"Steen Hvenegaard, Holme-Olstrup",33,Næstved Kommune,Nej,Nej
kommunalvalg,C. Det Konservative Folkeparti,Steen Nielsen,0,Holbæk Kommune,Nej,Nej
kommunalvalg,C. Det Konservative Folkeparti,Steen Nør Pilgaard,23,Morsø Kommune,Nej,Nej
kommunalvalg,C. Det Konservative Folkeparti,Steen Vedsegaard,0,Nyborg Kommune,Nej,Nej
kommunalvalg,C. Det Konservative Folkeparti,"Stefan Stormskjold Madsen, Hillerød Øst",139,Hillerød Kommune,Nej,Nej
kommunalvalg,C. Det Konservative Folkeparti,Steffen Brygger Lund,0,Hørsholm Kommune,Nej,Nej
kommunalvalg,C. Det Konservative Folkeparti,Steffen Drejer,1934,Viborg Kommune,Nej,Nej
kommunalvalg,C. Det Konservative Folkeparti,"Steffen Lønsmann, Vester Hornum",64,Vesthimmerlands Kommune,Nej,Nej
kommunalvalg,C. Det Konservative Folkeparti,"Steffen Schlægelberger, Hvissinge",0,Glostrup Kommune,Nej,Nej
kommunalvalg,C. Det Konservative Folkeparti,Steffen Tauno Lindholm Kristensson,0,Nyborg Kommune,Nej,Nej
kommunalvalg,C. Det Konservative Folkeparti,Stella Mikkelsen,5,Faxe Kommune,Nej,Nej
kommunalvalg,C. Det Konservative Folkeparti,"Stephen Møller Hansen, Sorø",69,Sorø Kommune,Nej,Nej
kommunalvalg,C. Det Konservative Folkeparti,"Stig Chalmer Rasmussen, Kerteminde",90,Kerteminde Kommune,Nej,Nej
kommunalvalg,C. Det Konservative Folkeparti,Stig Jørgensen,0,Hvidovre Kommune,Nej,Nej
kommunalvalg,C. Det Konservative Folkeparti,Stig Olsen,0,Lejre Kommune,Nej,Nej
kommunalvalg,C. Det Konservative Folkeparti,Stig Wall,346,Gentofte Kommune,Nej,Nej
kommunalvalg,C. Det Konservative Folkeparti,Stine Damborg,3056,Viborg Kommune,Nej,Nej
kommunalvalg,C. Det Konservative Folkeparti,Stine Rodahl Lassen,0,Vejen Kommune,Nej,Nej
kommunalvalg,C. Det Konservative Folkeparti,Stine Thier-Andersen,97,Mariagerfjord Kommune,Nej,Nej
kommunalvalg,C. Det Konservative Folkeparti,"Stine Østlund, Hillerød Øst",271,Hillerød Kommune,Nej,Nej
kommunalvalg,C. Det Konservative Folkeparti,Sune Lind Thomsen,459,Gentofte Kommune,Nej,Nej
kommunalvalg,C. Det Konservative Folkeparti,"Sune Termark Perlman, Fredensborg",102,Fredensborg Kommune,Nej,Nej
kommunalvalg,C. Det Konservative Folkeparti,"Susanne Boding Larsen, Herlufmagle",10,Næstved Kommune,Nej,Nej
kommunalvalg,C. Det Konservative Folkeparti,Susanne Cornelius,0,Ringsted Kommune,Nej,Nej
kommunalvalg,C. Det Konservative Folkeparti,"Susanne Dyhrberg, Snekkersten",0,Helsingør Kommune,Nej,Nej
kommunalvalg,C. Det Konservative Folkeparti,Susanne H. Sandholdt,0,Slagelse Kommune,Nej,Nej
kommunalvalg,C. Det Konservative Folkeparti,Susanne Haunsvig,0,Stevns Kommune,Nej,Nej
kommunalvalg,C. Det Konservative Folkeparti,Susanne Høj,0,Ringkøbing-Skjern Kommune,Nej,Nej
kommunalvalg,C. Det Konservative Folkeparti,"Susanne Lund, Hasselager",0,Aarhus Kommune,Nej,Nej
kommunalvalg,C. Det Konservative Folkeparti,Susanne Møller,0,Københavns Kommune,Nej,Nej
kommunalvalg,C. Det Konservative Folkeparti,"Susanne Nøhr Johnsen, Ore",0,Vordingborg Kommune,Nej,Nej
kommunalvalg,C. Det Konservative Folkeparti,Sven Christophersen,0,Furesø Kommune,Nej,Nej
kommunalvalg,C. Det Konservative Folkeparti,Svend Madsen,19,Fanø Kommune,Nej,Nej
kommunalvalg,C. Det Konservative Folkeparti,Svend Sommerlund,0,Tønder Kommune,Nej,Nej
kommunalvalg,C. Det Konservative Folkeparti,Svend Thorsen,12,Faxe Kommune,Nej,Nej
kommunalvalg,C. Det Konservative Folkeparti,Svend-Aage Kroman,7,Faxe Kommune,Nej,Nej
kommunalvalg,C. Det Konservative Folkeparti,"Sverre Tønder, Ebeltoft",146,Syddjurs Kommune,Nej,Nej
kommunalvalg,C. Det Konservative Folkeparti,Søren Andersen,0,Fredericia Kommune,Nej,Nej
kommunalvalg,C. Det Konservative Folkeparti,Søren Brønchenburg,0,Frederiksberg Kommune,Nej,Nej
kommunalvalg,C. Det Konservative Folkeparti,Søren Friis Trebbien,0,Hvidovre Kommune,Nej,Nej
kommunalvalg,C. Det Konservative Folkeparti,"Søren Homann, Tårs",654,Hjørring Kommune,Nej,Nej
kommunalvalg,C. Det Konservative Folkeparti,Søren Højbjerg,0,Furesø Kommune,Nej,Nej
kommunalvalg,C. Det Konservative Folkeparti,"Søren Larnkjær, Asnæs",0,Odsherred Kommune,Nej,Nej
kommunalvalg,C. Det Konservative Folkeparti,"Søren Maarslet, Ebeltoft",17,Syddjurs Kommune,Nej,Nej
kommunalvalg,C. Det Konservative Folkeparti,Søren Murmann Gotfredsen,0,Vallensbæk Kommune,Nej,Nej
kommunalvalg,C. Det Konservative Folkeparti,Søren Mølgård,0,Odense Kommune,Nej,Nej
kommunalvalg,C. Det Konservative Folkeparti,Søren Nielsen,0,Nyborg Kommune,Nej,Nej
kommunalvalg,C. Det Konservative Folkeparti,Søren Preuss,0,Lyngby-Taarbæk Kommune,Nej,Nej
kommunalvalg,C. Det Konservative Folkeparti,"Søren Reinhardt Poulsen, Snekkersten",0,Helsingør Kommune,Nej,Nej
kommunalvalg,C. Det Konservative Folkeparti,"Søren Svendsen, Funder",0,Silkeborg Kommune,Nej,Nej
kommunalvalg,C. Det Konservative Folkeparti,"Søren Sørensen, Ruds Vedby",135,Sorø Kommune,Nej,Nej
kommunalvalg,C. Det Konservative Folkeparti,"Søren Thomsen, Assens",0,Assens Kommune,Nej,Nej
kommunalvalg,C. Det Konservative Folkeparti,"Søren Timmermann Olesen, Øster Hornum",244,Rebild Kommune,Nej,Nej
kommunalvalg,C. Det Konservative Folkeparti,"Søren Vestergaard, Thyholm",0,Struer Kommune,Nej,Nej
kommunalvalg,C. Det Konservative Folkeparti,Søren Windell,0,Odense Kommune,Nej,Nej
kommunalvalg,C. Det Konservative Folkeparti,Søren Øverup,0,Hørsholm Kommune,Nej,Nej
kommunalvalg,C. Det Konservative Folkeparti,Teit Andersen,259,Gentofte Kommune,Nej,Nej
kommunalvalg,C. Det Konservative Folkeparti,"Tenna Knudstrup, Udlejre",0,Egedal Kommune,Nej,Nej
kommunalvalg,C. Det Konservative Folkeparti,Theis Guldbech,126,Dragør Kommune,Nej,Nej
kommunalvalg,C. Det Konservative Folkeparti,"Therese Færch Nebel, Solrød Strand",0,Solrød Kommune,Nej,Nej
kommunalvalg,C. Det Konservative Folkeparti,"Therese Hejnfelt, Skibby",0,Frederikssund Kommune,Nej,Nej
kommunalvalg,C. Det Konservative Folkeparti,Thomas Aaby Wichers,0,Hørsholm Kommune,Nej,Nej
kommunalvalg,C. Det Konservative Folkeparti,Thomas Bach Piekut,0,Nyborg Kommune,Nej,Nej
kommunalvalg,C. Det Konservative Folkeparti,"Thomas Christoffersen, Nykøbing F.",0,Guldborgsund Kommune,Nej,Nej
kommunalvalg,C. Det Konservative Folkeparti,Thomas Christophersen,0,Holbæk Kommune,Nej,Nej
kommunalvalg,C. Det Konservative Folkeparti,"Thomas Hofstedt Nielsen, Ferritslev",0,Faaborg-Midtfyn Kommune,Nej,Nej
kommunalvalg,C. Det Konservative Folkeparti,"Thomas Kampmann, Køge",0,Køge Kommune,Nej,Nej
kommunalvalg,C. Det Konservative Folkeparti,Thomas Klingspor-Bentzen,0,Greve Kommune,Nej,Nej
kommunalvalg,C. Det Konservative Folkeparti,Thomas Krum,0,Nyborg Kommune,Nej,Nej
kommunalvalg,C. Det Konservative Folkeparti,"Thomas Larsen, Bremdal",0,Struer Kommune,Nej,Nej
kommunalvalg,C. Det Konservative Folkeparti,"Thomas Mandahl-Barth, Nørre Nebel",0,Varde Kommune,Nej,Nej
kommunalvalg,C. Det Konservative Folkeparti,Thomas Nøhr,0,Svendborg Kommune,Nej,Nej
kommunalvalg,C. Det Konservative Folkeparti,"Thomas Radtleff, Reerslev",0,Høje-Taastrup Kommune,Nej,Nej
kommunalvalg,C. Det Konservative Folkeparti,"Thomas Sørensen, Gødvad",0,Silkeborg Kommune,Nej,Nej
kommunalvalg,C. Det Konservative Folkeparti,"Thomas Thorlak, Støvring",76,Rebild Kommune,Nej,Nej
kommunalvalg,C. Det Konservative Folkeparti,Thomas Vangsaa,0,Ringsted Kommune,Nej,Nej
kommunalvalg,C. Det Konservative Folkeparti,Thomas W. Olsen,184,Læsø Kommune,Nej,Nej
kommunalvalg,C. Det Konservative Folkeparti,Thomas Wang Larsen,8,Ærø Kommune,Nej,Nej
kommunalvalg,C. Det Konservative Folkeparti,"Thomas von Jessen, Nivå",146,Fredensborg Kommune,Nej,Nej
kommunalvalg,C. Det Konservative Folkeparti,Thor Lykke Sørensen,0,Københavns Kommune,Nej,Nej
kommunalvalg,C. Det Konservative Folkeparti,Thorbjørn Vang Søndergaard,0,Fredericia Kommune,Nej,Nej
kommunalvalg,C. Det Konservative Folkeparti,"Tim Eskesen, Vejle Ø",0,Vejle Kommune,Nej,Nej
kommunalvalg,C. Det Konservative Folkeparti,Tim Hvolgaard,0,Københavns Kommune,Nej,Nej
kommunalvalg,C. Det Konservative Folkeparti,Timo Jensen,0,Ringsted Kommune,Nej,Nej
kommunalvalg,C. Det Konservative Folkeparti,Tina Cartey Hansen,0,Hvidovre Kommune,Nej,Nej
kommunalvalg,C. Det Konservative Folkeparti,Tina Graugaard,0,Albertslund Kommune,Nej,Nej
kommunalvalg,C. Det Konservative Folkeparti,Tina Haldan Gotthardsen,20,Fanø Kommune,Nej,Nej
kommunalvalg,C. Det Konservative Folkeparti,"Tina Hansen, Salby",37,Kerteminde Kommune,Nej,Nej
kommunalvalg,C. Det Konservative Folkeparti,Tina Hippe Hansen,181,Rødovre Kommune,Nej,Nej
kommunalvalg,C. Det Konservative Folkeparti,Tina Jacobsen,0,Frederiksberg Kommune,Nej,Nej
kommunalvalg,C. Det Konservative Folkeparti,"Tina Lindstorff Nielsen, Næstved",10,Næstved Kommune,Nej,Nej
kommunalvalg,C. Det Konservative Folkeparti,Tina Nas'Cou,9,Nordfyns Kommune,Nej,Nej
kommunalvalg,C. Det Konservative Folkeparti,"Tina Rosenkilde, Vojens",0,Haderslev Kommune,Nej,Nej
kommunalvalg,C. Det Konservative Folkeparti,"Tina Sørensen, Ikast",99,Ikast-Brande Kommune,Nej,Nej
kommunalvalg,C. Det Konservative Folkeparti,Tina-Mia Eriksen,0,Ringsted Kommune,Nej,Nej
kommunalvalg,C. Det Konservative Folkeparti,"Tobias Bennedsen, Barløse",0,Assens Kommune,Nej,Nej
kommunalvalg,C. Det Konservative Folkeparti,"Tobias Thumand Trige-Rasmussen, Nyråd",0,Vordingborg Kommune,Nej,Nej
kommunalvalg,C. Det Konservative Folkeparti,"Toke Elling, Taastrup",0,Høje-Taastrup Kommune,Nej,Nej
kommunalvalg,C. Det Konservative Folkeparti,Tom Asmussen,0,Samsø Kommune,Nej,Nej
kommunalvalg,C. Det Konservative Folkeparti,Tom Folkmann,0,Herlev Kommune,Nej,Nej
kommunalvalg,C. Det Konservative Folkeparti,"Tom Moesgaard Bro, Holstebro",0,Holstebro Kommune,Nej,Nej
kommunalvalg,C. Det Konservative Folkeparti,Tomas Dyrbye,0,Hørsholm Kommune,Nej,Nej
kommunalvalg,C. Det Konservative Folkeparti,Tommy Hummelmose,0,Odense Kommune,Nej,Nej
kommunalvalg,C. Det Konservative Folkeparti,Tommy Højer,9,Favrskov Kommune,Nej,Nej
kommunalvalg,C. Det Konservative Folkeparti,Tommy Rachlitz Nielsen,0,Fredericia Kommune,Nej,Nej
kommunalvalg,C. Det Konservative Folkeparti,"Tonni Olesen, Juelsminde",0,Hedensted Kommune,Nej,Nej
kommunalvalg,C. Det Konservative Folkeparti,"Tonny Stenkilde, Vissenbjerg",0,Assens Kommune,Nej,Nej
kommunalvalg,C. Det Konservative Folkeparti,"Tor Herløv Reinert, Over Jerstal",0,Haderslev Kommune,Nej,Nej
kommunalvalg,C. Det Konservative Folkeparti,Torben Grinderslev,0,Frederiksberg Kommune,Nej,Nej
kommunalvalg,C. Det Konservative Folkeparti,"Torben Houge Nielsen, Brønderslev",0,Brønderslev Kommune,Nej,Nej
kommunalvalg,C. Det Konservative Folkeparti,"Torben Johansen, Næstved",200,Næstved Kommune,Nej,Nej
kommunalvalg,C. Det Konservative Folkeparti,"Torben Kofod Ager, Aakirkeby",0,Bornholms Regionskommune,Nej,Nej
kommunalvalg,C. Det Konservative Folkeparti,Torben Møller Jørgensen,0,Randers Kommune,Nej,Nej
kommunalvalg,C. Det Konservative Folkeparti,"Torben Overgaard, Snedsted",0,Thisted Kommune,Nej,Nej
kommunalvalg,C. Det Konservative Folkeparti,"Torben Wallner, Hørning",0,Skanderborg Kommune,Nej,Nej
kommunalvalg,C. Det Konservative Folkeparti,Torsten Desauv,0,Ringsted Kommune,Nej,Nej
kommunalvalg,C. Det Konservative Folkeparti,Trine Egetved,0,Gribskov Kommune,Nej,Nej
kommunalvalg,C. Det Konservative Folkeparti,"Trine Hallager Brix, Roskilde",0,Roskilde Kommune,Nej,Nej
kommunalvalg,C. Det Konservative Folkeparti,Trine Søe,96,Dragør Kommune,Nej,Nej
kommunalvalg,C. Det Konservative Folkeparti,"Trine Trærup Roungkvist, Silkeborg",0,Silkeborg Kommune,Nej,Nej
kommunalvalg,C. Det Konservative Folkeparti,"Troels Dall Pedersen, Haderslev",0,Haderslev Kommune,Nej,Nej
kommunalvalg,C. Det Konservative Folkeparti,"Troels Demant, Juelsminde",0,Hedensted Kommune,Nej,Nej
kommunalvalg,C. Det Konservative Folkeparti,"Turan Akbulut, Hedehusene",0,Høje-Taastrup Kommune,Nej,Nej
kommunalvalg,C. Det Konservative Folkeparti,Ulla Egeskov,0,Fredericia Kommune,Nej,Nej
kommunalvalg,C. Det Konservative Folkeparti,"Ulla Fuglsang Sundvang, Agerbæk",0,Varde Kommune,Nej,Nej
kommunalvalg,C. Det Konservative Folkeparti,"Ulla Margrethe Hansen, Hørve",0,Odsherred Kommune,Nej,Nej
kommunalvalg,C. Det Konservative Folkeparti,Ulrik Cordes,433,Gentofte Kommune,Nej,Nej
kommunalvalg,C. Det Konservative Folkeparti,"Ulrik Mark Jensen, Gundersted",82,Vesthimmerlands Kommune,Nej,Nej
kommunalvalg,C. Det Konservative Folkeparti,"Ulrik Westh, Padborg",0,Aabenraa Kommune,Nej,Nej
kommunalvalg,C. Det Konservative Folkeparti,"Vagn Top, Brylle",0,Assens Kommune,Nej,Nej
kommunalvalg,C. Det Konservative Folkeparti,Valdemar Høiris,405,Gentofte Kommune,Nej,Nej
kommunalvalg,C. Det Konservative Folkeparti,"Veronica Mbilizi, Frederikshavn",0,Frederikshavn Kommune,Nej,Nej
kommunalvalg,C. Det Konservative Folkeparti,"Vibe Bregendahl Noordeloos, Ebeltoft",604,Syddjurs Kommune,Nej,Nej
kommunalvalg,C. Det Konservative Folkeparti,"Vibeke Gamst, Aalborg",0,Aalborg Kommune,Nej,Nej
kommunalvalg,C. Det Konservative Folkeparti,"Vibeke Hellmann, Orehoved",0,Guldborgsund Kommune,Nej,Nej
kommunalvalg,C. Det Konservative Folkeparti,"Vibeke Knudsen, Helsingør",0,Helsingør Kommune,Nej,Nej
kommunalvalg,C. Det Konservative Folkeparti,"Vicky Schumann, Hvissinge",0,Glostrup Kommune,Nej,Nej
kommunalvalg,C. Det Konservative Folkeparti,Vicky Weide Nielsen,0,Gribskov Kommune,Nej,Nej
kommunalvalg,C. Det Konservative Folkeparti,"Victoria Helene Olsen, Roskilde",0,Roskilde Kommune,Nej,Nej
kommunalvalg,C. Det Konservative Folkeparti,"Victoria Johnstad-Møller, Langeskov",13,Kerteminde Kommune,Nej,Nej
kommunalvalg,C. Det Konservative Folkeparti,"Viktor Sivertsen, Vestbyen",0,Horsens Kommune,Nej,Nej
kommunalvalg,C. Det Konservative Folkeparti,Vilhelm Møller,138,Faxe Kommune,Nej,Nej
kommunalvalg,C. Det Konservative Folkeparti,Villads Engstrøm,0,Svendborg Kommune,Nej,Nej
kommunalvalg,C. Det Konservative Folkeparti,"Vittus Bernlow, Aars",14,Vesthimmerlands Kommune,Nej,Nej
kommunalvalg,C. Det Konservative Folkeparti,"Vivi Holt, Taastrup",0,Høje-Taastrup Kommune,Nej,Nej
kommunalvalg,C. Det Konservative Folkeparti,Vivian Xinwei Guan,0,Lyngby-Taarbæk Kommune,Nej,Nej
kommunalvalg,C. Det Konservative Folkeparti,Vladimir Stanic,0,Odense Kommune,Nej,Nej
kommunalvalg,C. Det Konservative Folkeparti,Walther N. Mikkelsen,50,Morsø Kommune,Nej,Nej
kommunalvalg,C. Det Konservative Folkeparti,"Wickie Lund, Hostrupskov",0,Aabenraa Kommune,Nej,Nej
kommunalvalg,C. Det Konservative Folkeparti,"Yalcin Dogan, Roskilde",0,Roskilde Kommune,Nej,Nej
kommunalvalg,C. Det Konservative Folkeparti,Zena Khalek,0,Stevns Kommune,Nej,Nej
kommunalvalg,C. Det Konservative Folkeparti,Åki Martinsson Kristiansen,0,Greve Kommune,Nej,Nej
kommunalvalg,D. Corona Camping Listen,Listestemmer,0,Køge Kommune,Nej,Nej
kommunalvalg,D. Corona Camping Listen,"Susanne Palskov Farnø, Borup",0,Køge Kommune,Nej,Nej
kommunalvalg,D. Ham Stokken,Listestemmer,0,Frederiksberg Kommune,Nej,Nej
kommunalvalg,D. Ham Stokken,Martin Skytte,0,Frederiksberg Kommune,Nej,Nej
kommunalvalg,D. IshøjDemokraterne,Anja Cedervang,0,Ishøj Kommune,Nej,Nej
kommunalvalg,D. IshøjDemokraterne,Annelise Madsen,0,Ishøj Kommune,Nej,Nej
kommunalvalg,D. IshøjDemokraterne,Benny Hansen,0,Ishøj Kommune,Nej,Nej
kommunalvalg,D. IshøjDemokraterne,Hans-Christian Sundebo,0,Ishøj Kommune,Nej,Nej
kommunalvalg,D. IshøjDemokraterne,Henriette Tybjerg,0,Ishøj Kommune,Nej,Nej
kommunalvalg,D. IshøjDemokraterne,Karen Trine Cedervang,0,Ishøj Kommune,Nej,Nej
kommunalvalg,D. IshøjDemokraterne,Kjeld Hildebrandt Hansen,0,Ishøj Kommune,Nej,Nej
kommunalvalg,D. IshøjDemokraterne,Listestemmer,0,Ishøj Kommune,Nej,Nej
kommunalvalg,D. IshøjDemokraterne,Michael Brostrøm,0,Ishøj Kommune,Nej,Nej
kommunalvalg,D. IshøjDemokraterne,Torben Frederiksen,0,Ishøj Kommune,Nej,Nej
kommunalvalg,D. Nye Borgerlige,Anahita Malakians,0,Københavns Kommune,Nej,Nej
kommunalvalg,D. Nye Borgerlige,André Amingsø,0,Ballerup Kommune,Nej,Nej
kommunalvalg,D. Nye Borgerlige,"Aslak Christensen, Horsens Nord",0,Horsens Kommune,Nej,Nej
kommunalvalg,D. Nye Borgerlige,Christian Simonsen,0,Brønderslev Kommune,Nej,Nej
kommunalvalg,D. Nye Borgerlige,Claus Bedemann,0,Ringsted Kommune,Nej,Nej
kommunalvalg,D. Nye Borgerlige,Elsebeth Dohn,0,Struer Kommune,Nej,Nej
kommunalvalg,D. Nye Borgerlige,"Erik Mortensen, Vile",0,Skive Kommune,Nej,Nej
kommunalvalg,D. Nye Borgerlige,Hanne Bedemann,0,Ringsted Kommune,Nej,Nej
kommunalvalg,D. Nye Borgerlige,Hans Harald,0,Haderslev Kommune,Nej,Nej
kommunalvalg,D. Nye Borgerlige,Helle Riis,0,Ringsted Kommune,Nej,Nej
kommunalvalg,D. Nye Borgerlige,Jan Kr. Pedersen,0,Ringkøbing-Skjern Kommune,Nej,Nej
kommunalvalg,D. Nye Borgerlige,"Jan Skat Riishøj, Østbirk",0,Horsens Kommune,Nej,Nej
kommunalvalg,D. Nye Borgerlige,John Svendsen,0,Ringkøbing-Skjern Kommune,Nej,Nej
kommunalvalg,D. Nye Borgerlige,Jytte Pedersen,0,Herning Kommune,Nej,Nej
kommunalvalg,D. Nye Borgerlige,"Jørgen Funk, Pedersborg",8,Sorø Kommune,Nej,Nej
kommunalvalg,D. Nye Borgerlige,"Karsten Hallø, Stenlille",11,Sorø Kommune,Nej,Nej
kommunalvalg,D. Nye Borgerlige,Lars Erling Sørensen,0,Brønderslev Kommune,Nej,Nej
kommunalvalg,D. Nye Borgerlige,"Lars Kirkegaard Nielsen, Svenstrup",0,Aalborg Kommune,Nej,Nej
kommunalvalg,D. Nye Borgerlige,"Leif Krøyer, Søvind",0,Horsens Kommune,Nej,Nej
kommunalvalg,D. Nye Borgerlige,Leif Nebbelunde,0,Ringsted Kommune,Nej,Nej
kommunalvalg,D. Nye Borgerlige,"Lianne Hansen, Dianalund",46,Sorø Kommune,Nej,Nej
kommunalvalg,D. Nye Borgerlige,Listestemmer,68,Aalborg Kommune,Nej,Nej
kommunalvalg,D. Nye Borgerlige,"Marianne Nørtoft Overbye, Ferslev",0,Aalborg Kommune,Nej,Nej
kommunalvalg,D. Nye Borgerlige,Michael Witthaus Berthelsen,0,Ballerup Kommune,Nej,Nej
kommunalvalg,D. Nye Borgerlige,Mikael Einspor,0,Gribskov Kommune,Nej,Nej
kommunalvalg,D. Nye Borgerlige,Mogens Corfitz,0,Struer Kommune,Nej,Nej
kommunalvalg,D. Nye Borgerlige,Morten Holtegaard,0,Svendborg Kommune,Nej,Nej
kommunalvalg,D. Nye Borgerlige,"Per B. Frostholm, Hals",0,Aalborg Kommune,Nej,Nej
kommunalvalg,D. Nye Borgerlige,Preben Lind,0,Haderslev Kommune,Nej,Nej
kommunalvalg,D. Nye Borgerlige,"Renè Fjordside Jensen, Holstebro",0,Holstebro Kommune,Nej,Nej
kommunalvalg,D. Nye Borgerlige,René Bachmann,0,Assens Kommune,Nej,Nej
kommunalvalg,D. Nye Borgerlige,"René Galsgaard, Holstebro",0,Holstebro Kommune,Nej,Nej
kommunalvalg,D. Nye Borgerlige,Solveig Fredslund,0,Assens Kommune,Nej,Nej
kommunalvalg,D. Nye Borgerlige,"Susanne Borggaard, Stenlille",417,Sorø Kommune,Nej,Nej
kommunalvalg,D. Nye Borgerlige,"Søren Andersen, Højslev",0,Skive Kommune,Nej,Nej
kommunalvalg,D. Nye Borgerlige,Thurid Joensen,0,Ringsted Kommune,Nej,Nej
kommunalvalg,D. Nye Borgerlige,Tonny Madsen,0,Glostrup Kommune,Nej,Nej
kommunalvalg,D. Nye Borgerlige,Ulrik Riis,0,Ringsted Kommune,Nej,Nej
kommunalvalg,D. Vestlolland,"Erling Mortensen, Rødbyhavn",0,Lolland Kommune,Nej,Nej
kommunalvalg,D. Vestlolland,"Frank Gravesen, Horslunde",0,Lolland Kommune,Nej,Nej
kommunalvalg,D. Vestlolland,"Frans  Hansen, Nakskov",0,Lolland Kommune,Nej,Nej
kommunalvalg,D. Vestlolland,"Henriette Spandet Jensen, Fejø",0,Lolland Kommune,Nej,Nej
kommunalvalg,D. Vestlolland,"Jan  Svitzer, Nakskov",0,Lolland Kommune,Nej,Nej
kommunalvalg,D. Vestlolland,"Jeannette  Lund-Hansen, Nakskov",0,Lolland Kommune,Nej,Nej
kommunalvalg,D. Vestlolland,Listestemmer,0,Lolland Kommune,Nej,Nej
kommunalvalg,D. Vestlolland,"Torben Hansen, Nakskov",0,Lolland Kommune,Nej,Nej
kommunalvalg,D. Vi ældre,"Flemming V. Knudsen, Søndersø",22,Nordfyns Kommune,Nej,Nej
kommunalvalg,D. Vi ældre,"Helge Brosbøl, Otterup",13,Nordfyns Kommune,Nej,Nej
kommunalvalg,D. Vi ældre,"Jørgen Lund, Bogense",20,Nordfyns Kommune,Nej,Nej
kommunalvalg,D. Vi ældre,Listestemmer,46,Nordfyns Kommune,Nej,Nej
kommunalvalg,D. Vi ældre,"Poul Elmkær, Otterup",81,Nordfyns Kommune,Nej,Nej
kommunalvalg,D. Vi ældre,"Rasmus Christoffersen, Morud",43,Nordfyns Kommune,Nej,Nej
kommunalvalg,E. Befri Ballerup,Drago Savovic',0,Ballerup Kommune,Nej,Nej
kommunalvalg,E. Befri Ballerup,Jeanette Jacobsen,0,Ballerup Kommune,Nej,Nej
kommunalvalg,E. Befri Ballerup,Jeanne Jensen,0,Ballerup Kommune,Nej,Nej
kommunalvalg,E. Befri Ballerup,Lise-Lotte Nielsen,0,Ballerup Kommune,Nej,Nej
kommunalvalg,E. Befri Ballerup,Liselotte Bentien Levisen,0,Ballerup Kommune,Nej,Nej
kommunalvalg,E. Befri Ballerup,Listestemmer,0,Ballerup Kommune,Nej,Nej
kommunalvalg,E. Befri Ballerup,Ole Bakkestrøm,0,Ballerup Kommune,Nej,Nej
kommunalvalg,E. Borger-Initiativet,Ajâja Hyttel,0,Aarhus Kommune,Nej,Nej
kommunalvalg,E. Borger-Initiativet,Jan René Christensen,0,Aarhus Kommune,Nej,Nej
kommunalvalg,E. Borger-Initiativet,Listestemmer,0,Aarhus Kommune,Nej,Nej
kommunalvalg,E. Borger-Initiativet,Theis Gunvald,0,Aarhus Kommune,Nej,Nej
kommunalvalg,E. Borgerforslag,Birgitte Milling,0,Helsingør Kommune,Nej,Nej
kommunalvalg,E. Borgerforslag,Listestemmer,0,Helsingør Kommune,Nej,Nej
kommunalvalg,E. Borgerlig Fornuft,Listestemmer,0,Esbjerg Kommune,Nej,Nej
kommunalvalg,E. Borgerlig Fornuft,"Maiken Huglstad Pedersen, Fourfeld",0,Esbjerg Kommune,Nej,Nej
kommunalvalg,E. Borgerlig Fornuft,"Morten Møller, Esbjerg",0,Esbjerg Kommune,Nej,Nej
kommunalvalg,E. Borgerlig Fornuft,"Sabrina Bech Bartholin, Gjesing",0,Esbjerg Kommune,Nej,Nej
kommunalvalg,E. Borgernes Gribskov,Annemaja Rosesø,0,Gribskov Kommune,Nej,Nej
kommunalvalg,E. Borgernes Gribskov,Hanne Pedersen,0,Gribskov Kommune,Nej,Nej
kommunalvalg,E. Borgernes Gribskov,Helle Hansen,0,Gribskov Kommune,Nej,Nej
kommunalvalg,E. Borgernes Gribskov,Listestemmer,0,Gribskov Kommune,Nej,Nej
kommunalvalg,E. Borgernes Gribskov,Maria Vibe Grymer,0,Gribskov Kommune,Nej,Nej
kommunalvalg,E. Borgernes Gribskov,Patrick Iversen Larsen,0,Gribskov Kommune,Nej,Nej
kommunalvalg,E. Borgernes Gribskov,Peter M. Otzen,0,Gribskov Kommune,Nej,Nej
kommunalvalg,E. Bornholm 360,Heidi Burgedahl,0,Bornholms Regionskommune,Nej,Nej
kommunalvalg,E. Bornholm 360,Listestemmer,0,Bornholms Regionskommune,Nej,Nej
kommunalvalg,E. Bornholm 360,Søren Schow,0,Bornholms Regionskommune,Nej,Nej
kommunalvalg,E. Et Samlet Egedal,"Alexander Dahl, Slagslunde",0,Egedal Kommune,Nej,Nej
kommunalvalg,E. Et Samlet Egedal,"Bo Brøndum Pedersen, Ganløse",0,Egedal Kommune,Nej,Nej
kommunalvalg,E. Et Samlet Egedal,"Johan Hahn, Ølstykke",0,Egedal Kommune,Nej,Nej
kommunalvalg,E. Et Samlet Egedal,Listestemmer,0,Egedal Kommune,Nej,Nej
kommunalvalg,E. Et Samlet Egedal,"Mia Nehm, Egedal By",0,Egedal Kommune,Nej,Nej
kommunalvalg,E. Et Samlet Egedal,"Michael Madsen, Ølstykke",0,Egedal Kommune,Nej,Nej
kommunalvalg,E. Et Samlet Egedal,"Sinne Eliasen, Veksø",0,Egedal Kommune,Nej,Nej
kommunalvalg,E. Fredensborg SocialKonservative,"Christian de Jonquières, Fredensborg",95,Fredensborg Kommune,Nej,Nej
kommunalvalg,E. Fredensborg SocialKonservative,Listestemmer,33,Fredensborg Kommune,Nej,Nej
kommunalvalg,E. Fredensborg SocialKonservative,"Lone Borgstrøm, Endrup",4,Fredensborg Kommune,Nej,Nej
kommunalvalg,E. Fredensborg SocialKonservative,"Ole Krog, Sørup",14,Fredensborg Kommune,Nej,Nej
kommunalvalg,E. Fredensborg SocialKonservative,"Simon Reinhardt Rasmussen, Fredensborg",2,Fredensborg Kommune,Nej,Nej
kommunalvalg,E. Fredensborg SocialKonservative,"Ulla Hardy-Hansen, Fredensborg",275,Fredensborg Kommune,Nej,Nej
kommunalvalg,E. Fredensborg SocialKonservative,"Ulla Meng Smidt, Nivå",8,Fredensborg Kommune,Nej,Nej
kommunalvalg,E. Frit Borgerligt Fællesskab,Allan Jensen,0,Kalundborg Kommune,Nej,Nej
kommunalvalg,E. Frit Borgerligt Fællesskab,Henriette Ergemann,0,Kalundborg Kommune,Nej,Nej
kommunalvalg,E. Frit Borgerligt Fællesskab,Jacob Fremming,0,Kalundborg Kommune,Nej,Nej
kommunalvalg,E. Frit Borgerligt Fællesskab,Listestemmer,0,Kalundborg Kommune,Nej,Nej
kommunalvalg,E. Frit Borgerligt Fællesskab,Mikkel Bredlund,0,Kalundborg Kommune,Nej,Nej
kommunalvalg,E. Frit Borgerligt Fællesskab,Tonny Voldby Pedersen,0,Kalundborg Kommune,Nej,Nej
kommunalvalg,E. Furesørødderne,Berit Torm,0,Furesø Kommune,Nej,Nej
kommunalvalg,E. Furesørødderne,Eva Onsberg,0,Furesø Kommune,Nej,Nej
kommunalvalg,E. Furesørødderne,Flemming Oppfeldt,0,Furesø Kommune,Nej,Nej
kommunalvalg,E. Furesørødderne,Johanna Tække,0,Furesø Kommune,Nej,Nej
kommunalvalg,E. Furesørødderne,Listestemmer,0,Furesø Kommune,Nej,Nej
kommunalvalg,E. Furesørødderne,Susan Engstrøm,0,Furesø Kommune,Nej,Nej
kommunalvalg,E. Hverdagens Stemme,Kristian Hald,1397,Kerteminde Kommune,Nej,Nej
kommunalvalg,E. Hverdagens Stemme,Listestemmer,87,Kerteminde Kommune,Nej,Nej
kommunalvalg,E. Hverdagens Stemme,Mette Østergaard Jensen,48,Kerteminde Kommune,Nej,Nej
kommunalvalg,E. Hverdagens Stemme,Simon Steen Hansen,38,Kerteminde Kommune,Nej,Nej
kommunalvalg,E. Hverdagens Stemme,Vanja Paporovic,5,Kerteminde Kommune,Nej,Nej
kommunalvalg,E. Hvid-sten Frederiksbergs uafhængige Borgerliste,Listestemmer,0,Frederiksberg Kommune,Nej,Nej
kommunalvalg,E. Hvid-sten Frederiksbergs uafhængige Borgerliste,Per Odin Thiim Thim,0,Frederiksberg Kommune,Nej,Nej
kommunalvalg,E. KaosTV,Karl Villemoes,0,Københavns Kommune,Nej,Nej
kommunalvalg,E. KaosTV,Listestemmer,0,Københavns Kommune,Nej,Nej
kommunalvalg,E. Lars Erdmanns Liste,"Lars Erdmann, Horbelev",0,Guldborgsund Kommune,Nej,Nej
kommunalvalg,E. Lars Erdmanns Liste,Listestemmer,0,Guldborgsund Kommune,Nej,Nej
kommunalvalg,E. Listen Anne Ehrenreich,Anne Ehrenreich,0,Hørsholm Kommune,Nej,Nej
kommunalvalg,E. Listen Anne Ehrenreich,Listestemmer,0,Hørsholm Kommune,Nej,Nej
kommunalvalg,E. Listen Anne Ehrenreich,Per Østergaard Jacobsen,0,Hørsholm Kommune,Nej,Nej
kommunalvalg,E. Lokallisten Mennesker Først,Listestemmer,0,Greve Kommune,Nej,Nej
kommunalvalg,E. Lokallisten Mennesker Først,Sascha Gdowski,0,Greve Kommune,Nej,Nej
kommunalvalg,E. Lokallisten Mennesker Først,Steen Johnson,0,Greve Kommune,Nej,Nej
kommunalvalg,E. Lokallisten Nyt Odense,"Gert Broxgaard, Odense C",0,Odense Kommune,Nej,Nej
kommunalvalg,E. Lokallisten Nyt Odense,"Kim Slott, Odense V",0,Odense Kommune,Nej,Nej
kommunalvalg,E. Lokallisten Nyt Odense,Listestemmer,0,Odense Kommune,Nej,Nej
kommunalvalg,E. Nordfyn på forkant,Listestemmer,15,Nordfyns Kommune,Nej,Nej
kommunalvalg,E. Nordfyn på forkant,Ulrich Dethlef Hunfjord Jørgensen,48,Nordfyns Kommune,Nej,Nej
kommunalvalg,E. Smilla og Borgernes Liste,Listestemmer,0,Aabenraa Kommune,Nej,Nej
kommunalvalg,E. Smilla og Borgernes Liste,Poul Erik Bøgelund,0,Aabenraa Kommune,Nej,Nej
kommunalvalg,E. Smilla og Borgernes Liste,Smilla Rose Avram,0,Aabenraa Kommune,Nej,Nej
kommunalvalg,E. Stabilt Demokrati,Carsten Wärme,0,Vordingborg Kommune,Nej,Nej
kommunalvalg,E. Stabilt Demokrati,"Christian Simonsen, Hjørring",45,Hjørring Kommune,Nej,Nej
kommunalvalg,E. Stabilt Demokrati,Listestemmer,15,Svendborg Kommune,Nej,Nej
kommunalvalg,E. Stabilt Demokrati,Nina Schrøder,0,Vordingborg Kommune,Nej,Nej
kommunalvalg,E. Stabilt Demokrati,"René Borg, Svendborg",0,Svendborg Kommune,Nej,Nej
kommunalvalg,E. Stabilt Demokrati,"Theis Kaas Nielsen, Svendborg",0,Svendborg Kommune,Nej,Nej
kommunalvalg,E. Velfærdslisten,Asger Astrup,0,Randers Kommune,Nej,Nej
kommunalvalg,E. Velfærdslisten,Dorthe Hecht,0,Tårnby Kommune,Nej,Nej
kommunalvalg,E. Velfærdslisten,Henriette Malland,0,Randers Kommune,Nej,Nej
kommunalvalg,E. Velfærdslisten,Henrik Manero Hald,0,Randers Kommune,Nej,Nej
kommunalvalg,E. Velfærdslisten,Julia Olsen,0,Randers Kommune,Nej,Nej
kommunalvalg,E. Velfærdslisten,Kasper Fuhr Christensen,0,Randers Kommune,Nej,Nej
kommunalvalg,E. Velfærdslisten,Listestemmer,0,Randers Kommune,Nej,Nej
kommunalvalg,E. Velfærdslisten,Martin Minka Jensen,0,Randers Kommune,Nej,Nej
kommunalvalg,E. Velfærdslisten,Pernille Heibøll Sørensen,0,Randers Kommune,Nej,Nej
kommunalvalg,E. Velfærdslisten,Trine Jensen,0,Randers Kommune,Nej,Nej
kommunalvalg,E. Vendelbolisten,"Anita Storgaard, Storvorde",0,Aalborg Kommune,Nej,Nej
kommunalvalg,E. Vendelbolisten,"Asger Trier, Aalborg",0,Aalborg Kommune,Nej,Nej
kommunalvalg,E. Vendelbolisten,Listestemmer,0,Aalborg Kommune,Nej,Nej
kommunalvalg,E. Vibeke Schou - Personlig Frihed,Listestemmer,0,Sønderborg Kommune,Nej,Nej
kommunalvalg,E. Vibeke Schou - Personlig Frihed,Vibeke Schou,0,Sønderborg Kommune,Nej,Nej
kommunalvalg,E. Ærø i Centrum,"Claus Hjermind, Marstal",2,Ærø Kommune,Nej,Nej
kommunalvalg,E. Ærø i Centrum,"Harvey Metcalf, Marstal",1,Ærø Kommune,Nej,Nej
kommunalvalg,E. Ærø i Centrum,"Jens Weiss, Marstal",96,Ærø Kommune,Nej,Nej
kommunalvalg,E. Ærø i Centrum,Listestemmer,15,Ærø Kommune,Nej,Nej
kommunalvalg,E. Ærø i Centrum,"Marianne Domdal Østenkjær, Marstal",17,Ærø Kommune,Nej,Nej
kommunalvalg,E. Ærø i Centrum,"Metha Feddersen, Ærøskøbing",7,Ærø Kommune,Nej,Nej
kommunalvalg,E. Ærø i Centrum,"Svend Aage Secher, Skovby",2,Ærø Kommune,Nej,Nej
kommunalvalg,E. Ærø i Centrum,"Timm Nielsen, Marstal",2,Ærø Kommune,Nej,Nej
kommunalvalg,F. SF - Socialistisk  Folkeparti,"Karen Jeppesen, Nordby",24,Fanø Kommune,Nej,Nej
kommunalvalg,F. SF - Socialistisk  Folkeparti,Listestemmer,22,Fanø Kommune,Nej,Nej
kommunalvalg,F. SF - Socialistisk  Folkeparti,"Niels Chr. Nielsen, Nordby",33,Fanø Kommune,Nej,Nej
kommunalvalg,F. SF - Socialistisk  Folkeparti,"Stina Østerby Thøgersen, Sønderho",16,Fanø Kommune,Nej,Nej
kommunalvalg,F. SF - Socialistisk Folkeparti,"Aage Rais, Trøjborg",0,Aarhus Kommune,Nej,Nej
kommunalvalg,F. SF - Socialistisk Folkeparti,Abdirashid Abdi,0,Odense Kommune,Nej,Nej
kommunalvalg,F. SF - Socialistisk Folkeparti,Adnan Nikontovic,0,Horsens Kommune,Nej,Nej
kommunalvalg,F. SF - Socialistisk Folkeparti,"Aksel Munch Søndergaard, Aarhus V",0,Aarhus Kommune,Nej,Nej
kommunalvalg,F. SF - Socialistisk Folkeparti,"Albert Rosenkrantz Conradsen, Aarhus C",0,Aarhus Kommune,Nej,Nej
kommunalvalg,F. SF - Socialistisk Folkeparti,"Aleksander Myrhøj, Fjellerup",0,Norddjurs Kommune,Nej,Nej
kommunalvalg,F. SF - Socialistisk Folkeparti,Alex Haurand,289,Kerteminde Kommune,Nej,Nej
kommunalvalg,F. SF - Socialistisk Folkeparti,Alexander Bruhn Skjøth,0,Brøndby Kommune,Nej,Nej
kommunalvalg,F. SF - Socialistisk Folkeparti,"Ali Afshar, Holstebro",0,Holstebro Kommune,Nej,Nej
kommunalvalg,F. SF - Socialistisk Folkeparti,Ali Moussa,0,Frederikssund Kommune,Nej,Nej
kommunalvalg,F. SF - Socialistisk Folkeparti,"Allan Klein Sørensen, Højslev St. by",0,Skive Kommune,Nej,Nej
kommunalvalg,F. SF - Socialistisk Folkeparti,Allan Pedersen,0,Vejle Kommune,Nej,Nej
kommunalvalg,F. SF - Socialistisk Folkeparti,Almina Nikontovic,0,Frederikshavn Kommune,Nej,Nej
kommunalvalg,F. SF - Socialistisk Folkeparti,"Amanda Frohn, Musicon",0,Roskilde Kommune,Ja,Nej
kommunalvalg,F. SF - Socialistisk Folkeparti,Amanda Manfeld,0,Gladsaxe Kommune,Nej,Nej
kommunalvalg,F. SF - Socialistisk Folkeparti,"Anders Bredsdorff, Osted",0,Lejre Kommune,Nej,Nej
kommunalvalg,F. SF - Socialistisk Folkeparti,"Anders Bruhn Olesen, Hornborg",0,Hedensted Kommune,Nej,Nej
kommunalvalg,F. SF - Socialistisk Folkeparti,"Anders Bøge, Spøttrup",0,Skive Kommune,Nej,Nej
kommunalvalg,F. SF - Socialistisk Folkeparti,Anders Frydenberg,0,Allerød Kommune,Nej,Nej
kommunalvalg,F. SF - Socialistisk Folkeparti,"Anders Gerding Yde, Aarhus C",0,Aarhus Kommune,Nej,Nej
kommunalvalg,F. SF - Socialistisk Folkeparti,Anders Madsen,0,Frederikssund Kommune,Nej,Nej
kommunalvalg,F. SF - Socialistisk Folkeparti,"Anders Moe, Lejre",0,Lejre Kommune,Nej,Nej
kommunalvalg,F. SF - Socialistisk Folkeparti,"Anders Vildsø, Svendborg Østre Bydel",0,Svendborg Kommune,Nej,Nej
kommunalvalg,F. SF - Socialistisk Folkeparti,Anders Wolf Andresen,0,Hvidovre Kommune,Nej,Nej
kommunalvalg,F. SF - Socialistisk Folkeparti,"Andreas Grosbøll, Rønne",0,Bornholms Regionskommune,Nej,Nej
kommunalvalg,F. SF - Socialistisk Folkeparti,"Andreas Herfelt, Tømmerup",0,Halsnæs Kommune,Nej,Nej
kommunalvalg,F. SF - Socialistisk Folkeparti,"Andreas Hjalte Seeberg, Tranbjerg",0,Aarhus Kommune,Nej,Nej
kommunalvalg,F. SF - Socialistisk Folkeparti,Ane Riise-Knudsen,0,Guldborgsund Kommune,Nej,Nej
kommunalvalg,F. SF - Socialistisk Folkeparti,"Ane Ring Laursen, Vor Frue",0,Roskilde Kommune,Nej,Nej
kommunalvalg,F. SF - Socialistisk Folkeparti,Anette S. Nielsen,0,Vejle Kommune,Nej,Nej
kommunalvalg,F. SF - Socialistisk Folkeparti,"Anita Bager, Hundested",0,Halsnæs Kommune,Nej,Nej
kommunalvalg,F. SF - Socialistisk Folkeparti,"Anita Larsen, Aarup",0,Assens Kommune,Nej,Nej
kommunalvalg,F. SF - Socialistisk Folkeparti,"Anita Skov, Haslev",142,Faxe Kommune,Nej,Nej
kommunalvalg,F. SF - Socialistisk Folkeparti,Anja Bihl-Nielsen,0,Ballerup Kommune,Nej,Nej
kommunalvalg,F. SF - Socialistisk Folkeparti,"Anja Rosengreen, Hundested",0,Halsnæs Kommune,Nej,Nej
kommunalvalg,F. SF - Socialistisk Folkeparti,"Anja Schmidt Hallum Hansen, Varde",0,Varde Kommune,Nej,Nej
kommunalvalg,F. SF - Socialistisk Folkeparti,"Anja de Thurah, Nyborg",0,Nyborg Kommune,Nej,Nej
kommunalvalg,F. SF - Socialistisk Folkeparti,"Ann Søndergaard Pedersen, Randers C",0,Randers Kommune,Nej,Nej
kommunalvalg,F. SF - Socialistisk Folkeparti,Anna Katrine Leth Rehn,0,Odense Kommune,Nej,Nej
kommunalvalg,F. SF - Socialistisk Folkeparti,Anna Poulsen,0,Frederikssund Kommune,Nej,Nej
kommunalvalg,F. SF - Socialistisk Folkeparti,Anna Røntved,31,Morsø Kommune,Nej,Nej
kommunalvalg,F. SF - Socialistisk Folkeparti,"Anna Theodora Pihl Brandt, Vipperød",0,Holbæk Kommune,Ja,Nej
kommunalvalg,F. SF - Socialistisk Folkeparti,"Anna-Mette Skovgaard Pedersen, Løgstør",64,Vesthimmerlands Kommune,Nej,Nej
kommunalvalg,F. SF - Socialistisk Folkeparti,"Annbritt Jørgensen, Skæring",0,Aarhus Kommune,Nej,Nej
kommunalvalg,F. SF - Socialistisk Folkeparti,"Anne Berg Olsen, Tjele",156,Viborg Kommune,Nej,Nej
kommunalvalg,F. SF - Socialistisk Folkeparti,Anne Dedenroth-Schou,50,Kolding Kommune,Nej,Nej
kommunalvalg,F. SF - Socialistisk Folkeparti,"Anne Grethe Olsen, Kolby",0,Samsø Kommune,Nej,Nej
kommunalvalg,F. SF - Socialistisk Folkeparti,"Anne Marie Pedersen, Haderslev",0,Haderslev Kommune,Nej,Nej
kommunalvalg,F. SF - Socialistisk Folkeparti,Anne Marie Østergaard,0,Ringsted Kommune,Nej,Nej
kommunalvalg,F. SF - Socialistisk Folkeparti,Anne Udsholt,0,Rudersdal Kommune,Nej,Nej
kommunalvalg,F. SF - Socialistisk Folkeparti,Anne-Marie Langhans,0,Allerød Kommune,Nej,Nej
kommunalvalg,F. SF - Socialistisk Folkeparti,"Anne-Marie Storm Pedersen, Lynæs",0,Halsnæs Kommune,Nej,Nej
kommunalvalg,F. SF - Socialistisk Folkeparti,Anne-Sofie Overgaard,0,Aalborg Kommune,Ja,Nej
kommunalvalg,F. SF - Socialistisk Folkeparti,"Annemarie Gottlieb, Højbjerg",0,Aarhus Kommune,Nej,Nej
kommunalvalg,F. SF - Socialistisk Folkeparti,"Annemette Bach, Ranum",598,Vesthimmerlands Kommune,Nej,Nej
kommunalvalg,F. SF - Socialistisk Folkeparti,Annemette Schønberg Johnsen,0,Guldborgsund Kommune,Nej,Nej
kommunalvalg,F. SF - Socialistisk Folkeparti,"Annette Dietz, Ellebæk",0,Holstebro Kommune,Nej,Nej
kommunalvalg,F. SF - Socialistisk Folkeparti,Annette Søegaard,298,Rebild Kommune,Nej,Nej
kommunalvalg,F. SF - Socialistisk Folkeparti,"Anni Due, Lihme",0,Skive Kommune,Nej,Nej
kommunalvalg,F. SF - Socialistisk Folkeparti,Annie Larsen,0,Guldborgsund Kommune,Nej,Nej
kommunalvalg,F. SF - Socialistisk Folkeparti,"Anton Niemann, Haderslev",0,Haderslev Kommune,Nej,Nej
kommunalvalg,F. SF - Socialistisk Folkeparti,"Antoniett Vebel Pharao, Aarhus C",0,Aarhus Kommune,Nej,Nej
kommunalvalg,F. SF - Socialistisk Folkeparti,Arly Eskildsen,0,Herlev Kommune,Nej,Ja
kommunalvalg,F. SF - Socialistisk Folkeparti,"Arne Christensen, Virum",0,Lyngby-Taarbæk Kommune,Nej,Nej
kommunalvalg,F. SF - Socialistisk Folkeparti,"Arne Ebsen, Ulbølle",0,Svendborg Kommune,Nej,Nej
kommunalvalg,F. SF - Socialistisk Folkeparti,Arne Mikkelsen,0,Odsherred Kommune,Nej,Nej
kommunalvalg,F. SF - Socialistisk Folkeparti,Asbjørn Nordklitgaard,0,Aalborg Kommune,Nej,Nej
kommunalvalg,F. SF - Socialistisk Folkeparti,Asger Ahn,0,Rudersdal Kommune,Nej,Nej
kommunalvalg,F. SF - Socialistisk Folkeparti,"Asger Nørgaard, Randers C",0,Randers Kommune,Nej,Nej
kommunalvalg,F. SF - Socialistisk Folkeparti,Astrid Aller,0,Københavns Kommune,Nej,Nej
kommunalvalg,F. SF - Socialistisk Folkeparti,"Astrid Budolfsen, Aabybro",0,Jammerbugt Kommune,Nej,Nej
kommunalvalg,F. SF - Socialistisk Folkeparti,August Gade,0,Frederiksberg Kommune,Nej,Nej
kommunalvalg,F. SF - Socialistisk Folkeparti,Benjamin Christensen,0,Aalborg Kommune,Nej,Nej
kommunalvalg,F. SF - Socialistisk Folkeparti,Benjamin Friis,0,Københavns Kommune,Nej,Nej
kommunalvalg,F. SF - Socialistisk Folkeparti,Bent Bjørn Roldgaard,0,Hvidovre Kommune,Nej,Nej
kommunalvalg,F. SF - Socialistisk Folkeparti,Bent Fischer-Nielsen,435,Fredensborg Kommune,Nej,Nej
kommunalvalg,F. SF - Socialistisk Folkeparti,"Bent Iversen, Haderslev",0,Haderslev Kommune,Nej,Nej
kommunalvalg,F. SF - Socialistisk Folkeparti,"Bent Jacobsen, Sydals",0,Sønderborg Kommune,Nej,Nej
kommunalvalg,F. SF - Socialistisk Folkeparti,Bente Borg Donkin,0,Helsingør Kommune,Nej,Nej
kommunalvalg,F. SF - Socialistisk Folkeparti,Bente Lauridsen,0,Odense Kommune,Nej,Nej
kommunalvalg,F. SF - Socialistisk Folkeparti,"Bente Ovesen, Haslev",19,Faxe Kommune,Nej,Nej
kommunalvalg,F. SF - Socialistisk Folkeparti,"Bente Refslund, Alderslyst",0,Silkeborg Kommune,Nej,Nej
kommunalvalg,F. SF - Socialistisk Folkeparti,"Bente Røttig, Tjebberup",0,Holbæk Kommune,Nej,Nej
kommunalvalg,F. SF - Socialistisk Folkeparti,Berit S. Madsen,0,Brøndby Kommune,Nej,Nej
kommunalvalg,F. SF - Socialistisk Folkeparti,Betina Skovby,0,Herlev Kommune,Nej,Ja
kommunalvalg,F. SF - Socialistisk Folkeparti,"Bettina Mygind, Broby",0,Faaborg-Midtfyn Kommune,Nej,Nej
kommunalvalg,F. SF - Socialistisk Folkeparti,"Birgit Kryger, Valløby",0,Stevns Kommune,Nej,Nej
kommunalvalg,F. SF - Socialistisk Folkeparti,"Birgitte Brøj, Kirke Helsinge",0,Kalundborg Kommune,Nej,Nej
kommunalvalg,F. SF - Socialistisk Folkeparti,Birgitte Højer Poulsen,0,Rudersdal Kommune,Nej,Nej
kommunalvalg,F. SF - Socialistisk Folkeparti,Birgitte Langballe,0,Københavns Kommune,Nej,Nej
kommunalvalg,F. SF - Socialistisk Folkeparti,Birgitte Moos Laursen,0,Fredericia Kommune,Nej,Nej
kommunalvalg,F. SF - Socialistisk Folkeparti,Birgitte Vinsten,0,Odense Kommune,Nej,Nej
kommunalvalg,F. SF - Socialistisk Folkeparti,Birte Kramhøft,0,Ballerup Kommune,Nej,Nej
kommunalvalg,F. SF - Socialistisk Folkeparti,Bjarke Bisgaard Yolal,0,Frederiksberg Kommune,Nej,Nej
kommunalvalg,F. SF - Socialistisk Folkeparti,Bjarne Lund Henneberg,0,Tønder Kommune,Nej,Nej
kommunalvalg,F. SF - Socialistisk Folkeparti,"Bjarne Rasmussen, Randers C",0,Randers Kommune,Nej,Nej
kommunalvalg,F. SF - Socialistisk Folkeparti,"Bjarne Rønde Kristensen, Vester Skerninge",0,Svendborg Kommune,Nej,Nej
kommunalvalg,F. SF - Socialistisk Folkeparti,"Bjørn Olsen, Jyderup",0,Holbæk Kommune,Nej,Nej
kommunalvalg,F. SF - Socialistisk Folkeparti,"Bo Buchreitz, Trøjborg",0,Aarhus Kommune,Nej,Nej
kommunalvalg,F. SF - Socialistisk Folkeparti,Bo Bülow,0,Gladsaxe Kommune,Nej,Nej
kommunalvalg,F. SF - Socialistisk Folkeparti,Bodil Hansen,0,Aalborg Kommune,Nej,Nej
kommunalvalg,F. SF - Socialistisk Folkeparti,Brian Bruhn,0,Vejle Kommune,Nej,Nej
kommunalvalg,F. SF - Socialistisk Folkeparti,Brian Dybro,0,Odense Kommune,Nej,Nej
kommunalvalg,F. SF - Socialistisk Folkeparti,Brian Lehm Nielsen,0,Lemvig Kommune,Nej,Nej
kommunalvalg,F. SF - Socialistisk Folkeparti,"Brian Persson, Rødekro",0,Aabenraa Kommune,Nej,Nej
kommunalvalg,F. SF - Socialistisk Folkeparti,"Britta Bertel, Ørsted",0,Norddjurs Kommune,Nej,Nej
kommunalvalg,F. SF - Socialistisk Folkeparti,Britta Bitsch,0,Vejle Kommune,Nej,Nej
kommunalvalg,F. SF - Socialistisk Folkeparti,"Britta Christholm, Blistrup",0,Gribskov Kommune,Nej,Nej
kommunalvalg,F. SF - Socialistisk Folkeparti,Britta Nielsen,0,Ringsted Kommune,Nej,Nej
kommunalvalg,F. SF - Socialistisk Folkeparti,"Britta Sjøstrøm, Østermarie",0,Bornholms Regionskommune,Nej,Nej
kommunalvalg,F. SF - Socialistisk Folkeparti,Britta Theodorsen,0,Herlev Kommune,Nej,Nej
kommunalvalg,F. SF - Socialistisk Folkeparti,Camilla Damm-Frydenberg,0,Allerød Kommune,Nej,Nej
kommunalvalg,F. SF - Socialistisk Folkeparti,Camilla Rubner Lerking,0,Albertslund Kommune,Nej,Nej
kommunalvalg,F. SF - Socialistisk Folkeparti,"Camilla Selena Sørensen, Haderslev",0,Haderslev Kommune,Nej,Nej
kommunalvalg,F. SF - Socialistisk Folkeparti,Carl Marius Gaarde,0,Tønder Kommune,Ja,Nej
kommunalvalg,F. SF - Socialistisk Folkeparti,Carsten Dyring Nielsen,0,Frederiksberg Kommune,Nej,Nej
kommunalvalg,F. SF - Socialistisk Folkeparti,"Carsten Esager Sørensen, Holstebro",0,Holstebro Kommune,Nej,Nej
kommunalvalg,F. SF - Socialistisk Folkeparti,Carsten Nørballe,0,Frederiksberg Kommune,Nej,Nej
kommunalvalg,F. SF - Socialistisk Folkeparti,"Carsten Sahl Rasmussen, Herrested-Måre",0,Nyborg Kommune,Nej,Nej
kommunalvalg,F. SF - Socialistisk Folkeparti,Casper Marienlund,0,Odense Kommune,Nej,Nej
kommunalvalg,F. SF - Socialistisk Folkeparti,Casper Mayo,90,Gentofte Kommune,Nej,Nej
kommunalvalg,F. SF - Socialistisk Folkeparti,Catherine Lønholdt,0,Thisted Kommune,Nej,Nej
kommunalvalg,F. SF - Socialistisk Folkeparti,Cecer Bjørk,98,Kolding Kommune,Nej,Nej
kommunalvalg,F. SF - Socialistisk Folkeparti,"Cecilie Harrits, Aarhus N",0,Aarhus Kommune,Nej,Nej
kommunalvalg,F. SF - Socialistisk Folkeparti,"Charlie Kæmpe Hartvig, Glamsbjerg",0,Assens Kommune,Nej,Nej
kommunalvalg,F. SF - Socialistisk Folkeparti,"Charlotte B. Thomsen, Gørding",0,Esbjerg Kommune,Nej,Nej
kommunalvalg,F. SF - Socialistisk Folkeparti,Charlotte Campen,159,Kerteminde Kommune,Nej,Nej
kommunalvalg,F. SF - Socialistisk Folkeparti,"Charlotte Ellenberger, Tåsinge",0,Svendborg Kommune,Nej,Nej
kommunalvalg,F. SF - Socialistisk Folkeparti,"Charlotte Holst Høybye, Klim",0,Jammerbugt Kommune,Nej,Nej
kommunalvalg,F. SF - Socialistisk Folkeparti,"Charlotte Jørgensen, Kalundborg",0,Kalundborg Kommune,Nej,Nej
kommunalvalg,F. SF - Socialistisk Folkeparti,"Charlotte Petersen, Hobro",297,Mariagerfjord Kommune,Nej,Nej
kommunalvalg,F. SF - Socialistisk Folkeparti,Christian Ingemann,0,Københavns Kommune,Nej,Nej
kommunalvalg,F. SF - Socialistisk Folkeparti,"Christian Kreiberg Møller, Hinnerup",27,Favrskov Kommune,Nej,Nej
kommunalvalg,F. SF - Socialistisk Folkeparti,"Christian Mutwa Christensen, Høje Kolstrup",0,Aabenraa Kommune,Nej,Nej
kommunalvalg,F. SF - Socialistisk Folkeparti,Christian Skou Larsen,0,Vallensbæk Kommune,Nej,Nej
kommunalvalg,F. SF - Socialistisk Folkeparti,"Christian Taagehøj, Hillerød Midtby",74,Hillerød Kommune,Nej,Nej
kommunalvalg,F. SF - Socialistisk Folkeparti,Christina Dilling-Munk,0,Ringsted Kommune,Nej,Nej
kommunalvalg,F. SF - Socialistisk Folkeparti,"Christina Haaning Normand, Aars",324,Vesthimmerlands Kommune,Nej,Nej
kommunalvalg,F. SF - Socialistisk Folkeparti,Christina Lykke,0,Frederikshavn Kommune,Nej,Nej
kommunalvalg,F. SF - Socialistisk Folkeparti,Christina Sandal Wagner,80,Kolding Kommune,Nej,Nej
kommunalvalg,F. SF - Socialistisk Folkeparti,"Christina Sandra Johansen, Haslev",424,Faxe Kommune,Nej,Nej
kommunalvalg,F. SF - Socialistisk Folkeparti,"Christoffer Jørgensen, Herluflille",76,Næstved Kommune,Nej,Nej
kommunalvalg,F. SF - Socialistisk Folkeparti,Christopher Mortensen,0,Hvidovre Kommune,Nej,Nej
kommunalvalg,F. SF - Socialistisk Folkeparti,"Cita Iskov Nielsen, Trekroner",0,Roskilde Kommune,Nej,Nej
kommunalvalg,F. SF - Socialistisk Folkeparti,"Claudia Heim, Sorgenfri",0,Lyngby-Taarbæk Kommune,Nej,Nej
kommunalvalg,F. SF - Socialistisk Folkeparti,Claudia Simoni,0,Aalborg Kommune,Nej,Nej
kommunalvalg,F. SF - Socialistisk Folkeparti,"Claus Ditlev Larsen, Enø",36,Næstved Kommune,Nej,Nej
kommunalvalg,F. SF - Socialistisk Folkeparti,"Claus Jørgensen, Lejre",0,Lejre Kommune,Nej,Nej
kommunalvalg,F. SF - Socialistisk Folkeparti,"Claus Løwe Klostergård, Sinding",0,Silkeborg Kommune,Nej,Nej
kommunalvalg,F. SF - Socialistisk Folkeparti,"Claus O. Jørgensen, Orø",0,Holbæk Kommune,Nej,Nej
kommunalvalg,F. SF - Socialistisk Folkeparti,"Claus Redder Madsen, Jersie",0,Solrød Kommune,Nej,Nej
kommunalvalg,F. SF - Socialistisk Folkeparti,Claus Riemann,0,Guldborgsund Kommune,Nej,Nej
kommunalvalg,F. SF - Socialistisk Folkeparti,"Conny Trøjborg Krogh, Hedehusene",0,Høje-Taastrup Kommune,Nej,Nej
kommunalvalg,F. SF - Socialistisk Folkeparti,"Dan Frimark, Roskilde",0,Roskilde Kommune,Nej,Nej
kommunalvalg,F. SF - Socialistisk Folkeparti,Dan Ullerup,0,Vejle Kommune,Nej,Nej
kommunalvalg,F. SF - Socialistisk Folkeparti,"Deborah Kaplan, Nordby",0,Samsø Kommune,Nej,Nej
kommunalvalg,F. SF - Socialistisk Folkeparti,"Dennis Greve Keudel, Vojens",0,Haderslev Kommune,Nej,Nej
kommunalvalg,F. SF - Socialistisk Folkeparti,"Dennis Otkjær, Randers NV",0,Randers Kommune,Nej,Nej
kommunalvalg,F. SF - Socialistisk Folkeparti,Dennis Sørensen,0,Ballerup Kommune,Nej,Nej
kommunalvalg,F. SF - Socialistisk Folkeparti,"Dennis Ørsted Petersen, Tved",0,Svendborg Kommune,Nej,Nej
kommunalvalg,F. SF - Socialistisk Folkeparti,"Ditte Damkjær, Rønne",0,Bornholms Regionskommune,Nej,Nej
kommunalvalg,F. SF - Socialistisk Folkeparti,Ditte Helene Rasmussen,0,Odense Kommune,Nej,Nej
kommunalvalg,F. SF - Socialistisk Folkeparti,"Dogan Durukan, Taastrup",0,Høje-Taastrup Kommune,Nej,Nej
kommunalvalg,F. SF - Socialistisk Folkeparti,Dorete Kallesøe,0,Lemvig Kommune,Nej,Nej
kommunalvalg,F. SF - Socialistisk Folkeparti,"Dorete Schmidt Rindom, Ryomgård",37,Syddjurs Kommune,Nej,Nej
kommunalvalg,F. SF - Socialistisk Folkeparti,"Dorte M. Nielsen, Løkken",46,Hjørring Kommune,Nej,Nej
kommunalvalg,F. SF - Socialistisk Folkeparti,Dorte Nørbo,0,Rudersdal Kommune,Nej,Nej
kommunalvalg,F. SF - Socialistisk Folkeparti,Dorthe Nørgaard,0,Herlev Kommune,Nej,Nej
kommunalvalg,F. SF - Socialistisk Folkeparti,"Dorthe Sølvkær Ehlers, Handrup",55,Syddjurs Kommune,Nej,Nej
kommunalvalg,F. SF - Socialistisk Folkeparti,Dorthe Wichmand Müller,0,Gladsaxe Kommune,Nej,Nej
kommunalvalg,F. SF - Socialistisk Folkeparti,Eigil Kristensen,0,Middelfart Kommune,Nej,Nej
kommunalvalg,F. SF - Socialistisk Folkeparti,"Elias Binggeli, Helsinge",0,Gribskov Kommune,Ja,Nej
kommunalvalg,F. SF - Socialistisk Folkeparti,Elin Bjerregaard,16,Morsø Kommune,Nej,Nej
kommunalvalg,F. SF - Socialistisk Folkeparti,"Ellen Raunsmed, Løkken",770,Hjørring Kommune,Nej,Nej
kommunalvalg,F. SF - Socialistisk Folkeparti,"Else Marie Dalgaard, Hinnerup",139,Favrskov Kommune,Nej,Nej
kommunalvalg,F. SF - Socialistisk Folkeparti,"Else Stokholm, Skive",0,Skive Kommune,Nej,Nej
kommunalvalg,F. SF - Socialistisk Folkeparti,"Elsemarie Trøst, Skive",0,Skive Kommune,Nej,Nej
kommunalvalg,F. SF - Socialistisk Folkeparti,"Emil Njor, Brede",0,Lyngby-Taarbæk Kommune,Nej,Nej
kommunalvalg,F. SF - Socialistisk Folkeparti,Emma Cornelia Bjørling-Poulsen,66,Rødovre Kommune,Nej,Nej
kommunalvalg,F. SF - Socialistisk Folkeparti,"Emma List, Esbjerg",0,Esbjerg Kommune,Nej,Nej
kommunalvalg,F. SF - Socialistisk Folkeparti,"Emma Thorup Jacobsen, Ikast",467,Ikast-Brande Kommune,Ja,Nej
kommunalvalg,F. SF - Socialistisk Folkeparti,"Erik Bernth Nielsen, Ranum",46,Vesthimmerlands Kommune,Nej,Nej
kommunalvalg,F. SF - Socialistisk Folkeparti,"Erik Gerald Balle, Vrå",29,Hjørring Kommune,Nej,Nej
kommunalvalg,F. SF - Socialistisk Folkeparti,"Erik Hye Jørgensen, Peløkke",55,Langeland Kommune,Nej,Nej
kommunalvalg,F. SF - Socialistisk Folkeparti,"Erik Kastberg, Gjerrild",0,Norddjurs Kommune,Nej,Nej
kommunalvalg,F. SF - Socialistisk Folkeparti,"Erik Sejrup, Store Lyngby",10,Hillerød Kommune,Nej,Nej
kommunalvalg,F. SF - Socialistisk Folkeparti,"Eske Aller, Årslev",0,Faaborg-Midtfyn Kommune,Nej,Nej
kommunalvalg,F. SF - Socialistisk Folkeparti,"Eva Levinsen, Røsnæs",0,Kalundborg Kommune,Nej,Nej
kommunalvalg,F. SF - Socialistisk Folkeparti,"Farid Faizi, Solrød Strand",0,Solrød Kommune,Nej,Nej
kommunalvalg,F. SF - Socialistisk Folkeparti,"Finn Lambek, Bramming",0,Esbjerg Kommune,Nej,Nej
kommunalvalg,F. SF - Socialistisk Folkeparti,"Finn Thomsen, Halsskov",0,Slagelse Kommune,Nej,Nej
kommunalvalg,F. SF - Socialistisk Folkeparti,"Flemming Bo Larsen, Langemark",0,Samsø Kommune,Nej,Nej
kommunalvalg,F. SF - Socialistisk Folkeparti,Flemming Langhans,0,Allerød Kommune,Nej,Nej
kommunalvalg,F. SF - Socialistisk Folkeparti,"Flemming Neperus, Rudkøbing",47,Langeland Kommune,Nej,Nej
kommunalvalg,F. SF - Socialistisk Folkeparti,"Flemming Sørensen, Vorup",0,Randers Kommune,Nej,Nej
kommunalvalg,F. SF - Socialistisk Folkeparti,"Flemming Thornæs, Gadevang",29,Hillerød Kommune,Nej,Nej
kommunalvalg,F. SF - Socialistisk Folkeparti,Flemming Winther Olsen,29,Læsø Kommune,Nej,Nej
kommunalvalg,F. SF - Socialistisk Folkeparti,"Frank Bodholdt Jakobsen, Svenstrup",0,Sønderborg Kommune,Nej,Nej
kommunalvalg,F. SF - Socialistisk Folkeparti,Frank Buch,0,Odsherred Kommune,Nej,Nej
kommunalvalg,F. SF - Socialistisk Folkeparti,"Frank Kruse Jacobsen, Dalgas",0,Skive Kommune,Nej,Nej
kommunalvalg,F. SF - Socialistisk Folkeparti,"Frank Truelsen, Øsby",0,Haderslev Kommune,Nej,Nej
kommunalvalg,F. SF - Socialistisk Folkeparti,"Frederik Brix Pedersen, Hammersholt",271,Hillerød Kommune,Ja,Nej
kommunalvalg,F. SF - Socialistisk Folkeparti,Frederik Strandberg-Nilsson,67,Rødovre Kommune,Nej,Nej
kommunalvalg,F. SF - Socialistisk Folkeparti,"Freja Fischer-Møller, Lundtofte",0,Lyngby-Taarbæk Kommune,Nej,Nej
kommunalvalg,F. SF - Socialistisk Folkeparti,"Frits Laursen, Glyngøre",0,Skive Kommune,Nej,Nej
kommunalvalg,F. SF - Socialistisk Folkeparti,"Gerda Strandholdt, Augustenborg",0,Sønderborg Kommune,Nej,Nej
kommunalvalg,F. SF - Socialistisk Folkeparti,Gert Leander Habo,0,Odsherred Kommune,Nej,Nej
kommunalvalg,F. SF - Socialistisk Folkeparti,"Gert Rosing, Tranekær",4,Langeland Kommune,Nej,Nej
kommunalvalg,F. SF - Socialistisk Folkeparti,"Gertrud Møgelgaard Dühring, Vordingborg",0,Vordingborg Kommune,Nej,Nej
kommunalvalg,F. SF - Socialistisk Folkeparti,"Ghita Østenby, Faxe",60,Faxe Kommune,Nej,Nej
kommunalvalg,F. SF - Socialistisk Folkeparti,Gitte Boffy Lillelund,0,Ballerup Kommune,Nej,Nej
kommunalvalg,F. SF - Socialistisk Folkeparti,"Gitte Corell, Vordingborg",0,Vordingborg Kommune,Nej,Nej
kommunalvalg,F. SF - Socialistisk Folkeparti,Gitte Henriksen,0,Odsherred Kommune,Nej,Nej
kommunalvalg,F. SF - Socialistisk Folkeparti,"Gitte Rye Larsen, Hjallerup",0,Brønderslev Kommune,Nej,Nej
kommunalvalg,F. SF - Socialistisk Folkeparti,Gitte Vestergaard,0,Ringkøbing-Skjern Kommune,Nej,Nej
kommunalvalg,F. SF - Socialistisk Folkeparti,"Gudrun Schøsler Pedersen, St. Sjørup",0,Norddjurs Kommune,Nej,Nej
kommunalvalg,F. SF - Socialistisk Folkeparti,"Gunvor Ganer Krejberg, Risskov",0,Aarhus Kommune,Nej,Nej
kommunalvalg,F. SF - Socialistisk Folkeparti,"Gøye Thorn Svendsen, Nyborg",0,Nyborg Kommune,Nej,Nej
kommunalvalg,F. SF - Socialistisk Folkeparti,"Hanne Arberg, Staby",0,Holstebro Kommune,Nej,Nej
kommunalvalg,F. SF - Socialistisk Folkeparti,Hanne Mie Madsen,0,Frederikshavn Kommune,Nej,Nej
kommunalvalg,F. SF - Socialistisk Folkeparti,"Hanne Pedersen, Haderslev",0,Haderslev Kommune,Nej,Nej
kommunalvalg,F. SF - Socialistisk Folkeparti,"Hanne Roden, Stenløse",0,Egedal Kommune,Nej,Nej
kommunalvalg,F. SF - Socialistisk Folkeparti,"Hans Chr. Rasmussen, Gevnø Mark",0,Stevns Kommune,Nej,Nej
kommunalvalg,F. SF - Socialistisk Folkeparti,"Hans Georg Henningsen, Sydals",0,Sønderborg Kommune,Nej,Nej
kommunalvalg,F. SF - Socialistisk Folkeparti,"Hans Kurt Børresen, Kaas",0,Jammerbugt Kommune,Nej,Nej
kommunalvalg,F. SF - Socialistisk Folkeparti,Hans Thaysen,0,Odsherred Kommune,Nej,Nej
kommunalvalg,F. SF - Socialistisk Folkeparti,"Heidi Priebe Beck, Søby",101,Ærø Kommune,Nej,Nej
kommunalvalg,F. SF - Socialistisk Folkeparti,Helen Bjørn,9,Dragør Kommune,Nej,Nej
kommunalvalg,F. SF - Socialistisk Folkeparti,Helene Brochmann,1352,Gentofte Kommune,Nej,Nej
kommunalvalg,F. SF - Socialistisk Folkeparti,"Helle Anna Elisabeth Nielsen, Buresø",0,Egedal Kommune,Nej,Nej
kommunalvalg,F. SF - Socialistisk Folkeparti,"Helle Dalsgaard, Slagelse",0,Slagelse Kommune,Nej,Nej
kommunalvalg,F. SF - Socialistisk Folkeparti,Helle Frederiksen,0,Lemvig Kommune,Nej,Nej
kommunalvalg,F. SF - Socialistisk Folkeparti,"Helle Holm Marcussen, Silkeborg",0,Silkeborg Kommune,Nej,Nej
kommunalvalg,F. SF - Socialistisk Folkeparti,"Helle Mathiassen, Hobro",181,Mariagerfjord Kommune,Nej,Nej
kommunalvalg,F. SF - Socialistisk Folkeparti,"Helle Vivi Maple, Næstved",71,Næstved Kommune,Nej,Nej
kommunalvalg,F. SF - Socialistisk Folkeparti,Hellen Hedemann,0,Københavns Kommune,Nej,Nej
kommunalvalg,F. SF - Socialistisk Folkeparti,"Hellen Hilander, Jyllinge",0,Roskilde Kommune,Nej,Nej
kommunalvalg,F. SF - Socialistisk Folkeparti,Hemming Klokker,0,Lemvig Kommune,Nej,Nej
kommunalvalg,F. SF - Socialistisk Folkeparti,Henning C. Hansen,0,Frederiksberg Kommune,Nej,Nej
kommunalvalg,F. SF - Socialistisk Folkeparti,"Henning Jørgensen, Brønderslev",0,Brønderslev Kommune,Nej,Nej
kommunalvalg,F. SF - Socialistisk Folkeparti,"Henning Petersen, Ulbølle",0,Svendborg Kommune,Nej,Nej
kommunalvalg,F. SF - Socialistisk Folkeparti,Henriette Cavling,0,Frederiksberg Kommune,Nej,Nej
kommunalvalg,F. SF - Socialistisk Folkeparti,"Henriette Fosselius, Hillerød Øst",188,Hillerød Kommune,Nej,Nej
kommunalvalg,F. SF - Socialistisk Folkeparti,"Henriette Hennelund, Aarhus C",0,Aarhus Kommune,Nej,Nej
kommunalvalg,F. SF - Socialistisk Folkeparti,"Henriette Stein Knudsen, Hadsten",79,Favrskov Kommune,Nej,Nej
kommunalvalg,F. SF - Socialistisk Folkeparti,"Henriette Thor, Ørbæk",0,Nyborg Kommune,Nej,Nej
kommunalvalg,F. SF - Socialistisk Folkeparti,"Henrik Bollesen Nielsen, Resen",0,Skive Kommune,Nej,Nej
kommunalvalg,F. SF - Socialistisk Folkeparti,Henrik Lund,0,Glostrup Kommune,Nej,Nej
kommunalvalg,F. SF - Socialistisk Folkeparti,"Henrik Nøjgaard, Odder",30,Odder Kommune,Nej,Nej
kommunalvalg,F. SF - Socialistisk Folkeparti,"Henrik Severin Hansen, Smørum",0,Egedal Kommune,Nej,Nej
kommunalvalg,F. SF - Socialistisk Folkeparti,Henrik Steen Jensen,0,Guldborgsund Kommune,Nej,Nej
kommunalvalg,F. SF - Socialistisk Folkeparti,"Henrik Ægidius, Stege",0,Vordingborg Kommune,Nej,Nej
kommunalvalg,F. SF - Socialistisk Folkeparti,Holger Grohganz,0,Gladsaxe Kommune,Nej,Nej
kommunalvalg,F. SF - Socialistisk Folkeparti,Ib Tune Olsen,0,Hørsholm Kommune,Nej,Nej
kommunalvalg,F. SF - Socialistisk Folkeparti,"Iben Bohr, Sulkendrup",0,Nyborg Kommune,Nej,Nej
kommunalvalg,F. SF - Socialistisk Folkeparti,Iben Lehmann Rasmussen,1575,Kolding Kommune,Nej,Nej
kommunalvalg,F. SF - Socialistisk Folkeparti,Ida Theodora Wolf Berendsen,0,Københavns Kommune,Nej,Nej
kommunalvalg,F. SF - Socialistisk Folkeparti,Inge Dahn,0,Albertslund Kommune,Nej,Nej
kommunalvalg,F. SF - Socialistisk Folkeparti,"Inge Duus Hjortlund, Lyngby Vest",0,Lyngby-Taarbæk Kommune,Nej,Nej
kommunalvalg,F. SF - Socialistisk Folkeparti,Inge Ibsen Fomcenco,0,Aalborg Kommune,Nej,Nej
kommunalvalg,F. SF - Socialistisk Folkeparti,"Inge Kolind, Sælvig",0,Samsø Kommune,Nej,Nej
kommunalvalg,F. SF - Socialistisk Folkeparti,Inger Johansson,0,Aalborg Kommune,Nej,Nej
kommunalvalg,F. SF - Socialistisk Folkeparti,"Inger-Margrethe Jensen, Højene",12,Hjørring Kommune,Nej,Nej
kommunalvalg,F. SF - Socialistisk Folkeparti,"Ingrid Boldsen, Kolind",47,Syddjurs Kommune,Nej,Nej
kommunalvalg,F. SF - Socialistisk Folkeparti,"Irene Porse, Kisserup, Hvalsø",0,Lejre Kommune,Nej,Nej
kommunalvalg,F. SF - Socialistisk Folkeparti,Irina Frost,0,Københavns Kommune,Nej,Nej
kommunalvalg,F. SF - Socialistisk Folkeparti,"Ivan Lauridsen, Christiansbjerg",0,Aarhus Kommune,Nej,Nej
kommunalvalg,F. SF - Socialistisk Folkeparti,Jacob Hansen Rye,0,Lemvig Kommune,Nej,Nej
kommunalvalg,F. SF - Socialistisk Folkeparti,"Jacob Just, Svendborg Midtby",0,Svendborg Kommune,Nej,Nej
kommunalvalg,F. SF - Socialistisk Folkeparti,Jacob Møller Rasmussen,0,Herlev Kommune,Nej,Nej
kommunalvalg,F. SF - Socialistisk Folkeparti,"Jakob Brysting, Veksø",0,Egedal Kommune,Nej,Nej
kommunalvalg,F. SF - Socialistisk Folkeparti,Jakob Drue Laursen,0,Aalborg Kommune,Nej,Nej
kommunalvalg,F. SF - Socialistisk Folkeparti,"Jakob Sønderhaven, Fjerritslev",0,Jammerbugt Kommune,Ja,Nej
kommunalvalg,F. SF - Socialistisk Folkeparti,"Jakob Villadsen, Holbæk",0,Holbæk Kommune,Nej,Nej
kommunalvalg,F. SF - Socialistisk Folkeparti,Jan Bakmand,0,Tårnby Kommune,Nej,Nej
kommunalvalg,F. SF - Socialistisk Folkeparti,Jan Filbært,0,Fredericia Kommune,Nej,Nej
kommunalvalg,F. SF - Socialistisk Folkeparti,"Jan Hansen, Strøby",0,Stevns Kommune,Nej,Nej
kommunalvalg,F. SF - Socialistisk Folkeparti,Jan Mauritzen,0,Hørsholm Kommune,Nej,Nej
kommunalvalg,F. SF - Socialistisk Folkeparti,Jan Rousseau Kelgren,0,Fredericia Kommune,Nej,Nej
kommunalvalg,F. SF - Socialistisk Folkeparti,Jane Bengtsen,0,Frederikshavn Kommune,Nej,Nej
kommunalvalg,F. SF - Socialistisk Folkeparti,"Jane Brenøe, Lejre",0,Lejre Kommune,Nej,Nej
kommunalvalg,F. SF - Socialistisk Folkeparti,Jane Østergaard,0,Aalborg Kommune,Nej,Nej
kommunalvalg,F. SF - Socialistisk Folkeparti,Janet Jensen,0,Lemvig Kommune,Nej,Nej
kommunalvalg,F. SF - Socialistisk Folkeparti,Janne Elsborg,0,Frederikssund Kommune,Nej,Nej
kommunalvalg,F. SF - Socialistisk Folkeparti,"Janne Lunding Olsen, Hillerød Øst",327,Hillerød Kommune,Nej,Nej
kommunalvalg,F. SF - Socialistisk Folkeparti,"Jannie Bertz, Haderslev",0,Haderslev Kommune,Nej,Nej
kommunalvalg,F. SF - Socialistisk Folkeparti,"Jannie Zajkovska, Randers NØ",0,Randers Kommune,Nej,Nej
kommunalvalg,F. SF - Socialistisk Folkeparti,"Jeanette Astrup, Lundtofte",0,Lyngby-Taarbæk Kommune,Nej,Nej
kommunalvalg,F. SF - Socialistisk Folkeparti,"Jeanette Maints, Stenum",0,Brønderslev Kommune,Nej,Nej
kommunalvalg,F. SF - Socialistisk Folkeparti,"Jeanette Sandberg, Tommerup St.",0,Assens Kommune,Nej,Nej
kommunalvalg,F. SF - Socialistisk Folkeparti,"Jeanne Bergmansen, Roskilde",0,Roskilde Kommune,Nej,Nej
kommunalvalg,F. SF - Socialistisk Folkeparti,Jens Ahm,11,Gentofte Kommune,Nej,Nej
kommunalvalg,F. SF - Socialistisk Folkeparti,Jens Erik Larsen,0,Glostrup Kommune,Nej,Nej
kommunalvalg,F. SF - Socialistisk Folkeparti,"Jens Høj Justesen, Nyborg",0,Nyborg Kommune,Nej,Nej
kommunalvalg,F. SF - Socialistisk Folkeparti,"Jens Laursen, Råsted",0,Randers Kommune,Nej,Nej
kommunalvalg,F. SF - Socialistisk Folkeparti,Jens Lyhne,0,Thisted Kommune,Nej,Nej
kommunalvalg,F. SF - Socialistisk Folkeparti,"Jens Muff Hansen, Bryrup",0,Silkeborg Kommune,Nej,Nej
kommunalvalg,F. SF - Socialistisk Folkeparti,"Jens Rane Holck, Tisvilde",0,Gribskov Kommune,Nej,Nej
kommunalvalg,F. SF - Socialistisk Folkeparti,"Jens Rasmussen, Dråby",25,Syddjurs Kommune,Nej,Nej
kommunalvalg,F. SF - Socialistisk Folkeparti,"Jens Skov, Smørum",0,Egedal Kommune,Nej,Nej
kommunalvalg,F. SF - Socialistisk Folkeparti,Jeppe Ask Tofteskov,0,Hvidovre Kommune,Nej,Nej
kommunalvalg,F. SF - Socialistisk Folkeparti,Jeppe Laustrup,0,Glostrup Kommune,Nej,Nej
kommunalvalg,F. SF - Socialistisk Folkeparti,"Jeppe Tandal Nielsen, Brårup",0,Skive Kommune,Nej,Nej
kommunalvalg,F. SF - Socialistisk Folkeparti,Jesper Grundsøe de la Motte,130,Fredensborg Kommune,Nej,Nej
kommunalvalg,F. SF - Socialistisk Folkeparti,"Jesper Hartøft, Holbæk",0,Holbæk Kommune,Nej,Nej
kommunalvalg,F. SF - Socialistisk Folkeparti,"Jesper Høegh, Skive",0,Skive Kommune,Nej,Nej
kommunalvalg,F. SF - Socialistisk Folkeparti,Jesper Jerry Schou Nielsen,0,Frederiksberg Kommune,Nej,Nej
kommunalvalg,F. SF - Socialistisk Folkeparti,"Jesper Juul Skov, Markkvarteret",9,Næstved Kommune,Nej,Nej
kommunalvalg,F. SF - Socialistisk Folkeparti,"Jesper Terp, Tommerup St.",0,Assens Kommune,Nej,Nej
kommunalvalg,F. SF - Socialistisk Folkeparti,Jesper Øgaard Andreasen,0,Frederikshavn Kommune,Nej,Nej
kommunalvalg,F. SF - Socialistisk Folkeparti,"Jette Jensen, Terslev",8,Faxe Kommune,Nej,Nej
kommunalvalg,F. SF - Socialistisk Folkeparti,Jette Jul Stenbæk,0,Brøndby Kommune,Nej,Nej
kommunalvalg,F. SF - Socialistisk Folkeparti,"Jette Leth Buhl, Næstved",772,Næstved Kommune,Nej,Nej
kommunalvalg,F. SF - Socialistisk Folkeparti,Jette Sauer,0,Albertslund Kommune,Nej,Nej
kommunalvalg,F. SF - Socialistisk Folkeparti,"Jimmi Kruse Sørensen, Sindal",35,Hjørring Kommune,Nej,Nej
kommunalvalg,F. SF - Socialistisk Folkeparti,Joachim Bentzen,0,Odense Kommune,Nej,Nej
kommunalvalg,F. SF - Socialistisk Folkeparti,Joakim Lindahl,0,Københavns Kommune,Ja,Ja
kommunalvalg,F. SF - Socialistisk Folkeparti,"Joan Frausing, Aarhus K",0,Aarhus Kommune,Nej,Nej
kommunalvalg,F. SF - Socialistisk Folkeparti,Joan Holte Biering,210,Fredensborg Kommune,Nej,Nej
kommunalvalg,F. SF - Socialistisk Folkeparti,Joan Kragh,0,Guldborgsund Kommune,Nej,Nej
kommunalvalg,F. SF - Socialistisk Folkeparti,John Andersen,71,Gentofte Kommune,Nej,Nej
kommunalvalg,F. SF - Socialistisk Folkeparti,"John Hyrup Jensen, Ulkebøl",0,Sønderborg Kommune,Nej,Nej
kommunalvalg,F. SF - Socialistisk Folkeparti,"John Nordbo, Torup",0,Halsnæs Kommune,Nej,Nej
kommunalvalg,F. SF - Socialistisk Folkeparti,"Johnny Hougaard Sørensen, Faxe",11,Faxe Kommune,Nej,Nej
kommunalvalg,F. SF - Socialistisk Folkeparti,"Jonas Eilersen, Grenaa",0,Norddjurs Kommune,Nej,Nej
kommunalvalg,F. SF - Socialistisk Folkeparti,"Jonas Hulgaard Ammundsen, Ollerup",0,Svendborg Kommune,Ja,Nej
kommunalvalg,F. SF - Socialistisk Folkeparti,Jonas Niemann,189,Gentofte Kommune,Nej,Nej
kommunalvalg,F. SF - Socialistisk Folkeparti,"Jonathan Clemens Justesen, Allerslev, Lejre",0,Lejre Kommune,Nej,Nej
kommunalvalg,F. SF - Socialistisk Folkeparti,"Jonathan Kristensen, Ølstykke",0,Egedal Kommune,Ja,Nej
kommunalvalg,F. SF - Socialistisk Folkeparti,Josefine Vilvig Kristensen,0,Middelfart Kommune,Nej,Nej
kommunalvalg,F. SF - Socialistisk Folkeparti,"Julia Hunt, Roskilde",0,Roskilde Kommune,Nej,Nej
kommunalvalg,F. SF - Socialistisk Folkeparti,"Julie Hoff Sørensen, Valløby",0,Stevns Kommune,Nej,Nej
kommunalvalg,F. SF - Socialistisk Folkeparti,"Julie Skjelborg Ardal, Idom",0,Holstebro Kommune,Nej,Nej
kommunalvalg,F. SF - Socialistisk Folkeparti,"Julie Tyle Pedersen, Taastrup",0,Høje-Taastrup Kommune,Nej,Nej
kommunalvalg,F. SF - Socialistisk Folkeparti,Julius Lundsteen,0,Frederiksberg Kommune,Nej,Nej
kommunalvalg,F. SF - Socialistisk Folkeparti,"June Crondahl, Drammelstrup",132,Syddjurs Kommune,Nej,Nej
kommunalvalg,F. SF - Socialistisk Folkeparti,"Jytte Faurholt Jacobsen, Hemmed",0,Norddjurs Kommune,Nej,Nej
kommunalvalg,F. SF - Socialistisk Folkeparti,"Jytte Schmidt, Vivild",0,Norddjurs Kommune,Nej,Nej
kommunalvalg,F. SF - Socialistisk Folkeparti,"Jørgen Bach Jensen, Skals",100,Viborg Kommune,Nej,Nej
kommunalvalg,F. SF - Socialistisk Folkeparti,"Jørgen Bing, Tårs",374,Hjørring Kommune,Nej,Nej
kommunalvalg,F. SF - Socialistisk Folkeparti,"Jørgen Grüner, Sønderup",0,Slagelse Kommune,Nej,Nej
kommunalvalg,F. SF - Socialistisk Folkeparti,"Jørgen Holstener Larsen, Haderslev",0,Haderslev Kommune,Nej,Nej
kommunalvalg,F. SF - Socialistisk Folkeparti,"Jørgen Jensen, Høje Taastrup",0,Høje-Taastrup Kommune,Nej,Nej
kommunalvalg,F. SF - Socialistisk Folkeparti,"Jørgen Jørgensen, Nordals",0,Sønderborg Kommune,Nej,Nej
kommunalvalg,F. SF - Socialistisk Folkeparti,Jørgen Rabjerg,0,Ringkøbing-Skjern Kommune,Nej,Nej
kommunalvalg,F. SF - Socialistisk Folkeparti,Jørgen S. Andersen,0,Albertslund Kommune,Nej,Nej
kommunalvalg,F. SF - Socialistisk Folkeparti,"Jørn Boesen Andersen, Bramming",0,Esbjerg Kommune,Nej,Nej
kommunalvalg,F. SF - Socialistisk Folkeparti,Jørn Chemnitz,1555,Kolding Kommune,Nej,Nej
kommunalvalg,F. SF - Socialistisk Folkeparti,Jørn Christensen,0,Ringsted Kommune,Nej,Nej
kommunalvalg,F. SF - Socialistisk Folkeparti,"Jørn Rye Rasmussen, Alderslyst",0,Silkeborg Kommune,Nej,Nej
kommunalvalg,F. SF - Socialistisk Folkeparti,Kaja Jacobsen,0,Frederikssund Kommune,Nej,Nej
kommunalvalg,F. SF - Socialistisk Folkeparti,"Kamilla Lindgren, Ganløse",0,Egedal Kommune,Nej,Nej
kommunalvalg,F. SF - Socialistisk Folkeparti,Karen Cornelia Bjørling-Poulsen,43,Rødovre Kommune,Nej,Nej
kommunalvalg,F. SF - Socialistisk Folkeparti,"Karen Hoffmeyer, Slagelse",0,Slagelse Kommune,Nej,Nej
kommunalvalg,F. SF - Socialistisk Folkeparti,"Karen Juul, Smørum",0,Egedal Kommune,Nej,Nej
kommunalvalg,F. SF - Socialistisk Folkeparti,Karen Paldrup,41,Rødovre Kommune,Nej,Nej
kommunalvalg,F. SF - Socialistisk Folkeparti,Karen Tobisch,0,Albertslund Kommune,Nej,Nej
kommunalvalg,F. SF - Socialistisk Folkeparti,"Karin Ahlgren, Ebdrup",16,Syddjurs Kommune,Nej,Nej
kommunalvalg,F. SF - Socialistisk Folkeparti,"Karin O. Jørgensen, Ørslev",0,Vordingborg Kommune,Nej,Nej
kommunalvalg,F. SF - Socialistisk Folkeparti,"Karina Gudmann Nielsen, Brande",66,Ikast-Brande Kommune,Nej,Nej
kommunalvalg,F. SF - Socialistisk Folkeparti,Karina V. Jensen,521,Fredensborg Kommune,Nej,Nej
kommunalvalg,F. SF - Socialistisk Folkeparti,"Karl H. Bornhøft, Harken",153,Hjørring Kommune,Nej,Nej
kommunalvalg,F. SF - Socialistisk Folkeparti,Karoline Kastrup Jensen,0,Odense Kommune,Nej,Nej
kommunalvalg,F. SF - Socialistisk Folkeparti,Karoline Vind,0,Københavns Kommune,Nej,Nej
kommunalvalg,F. SF - Socialistisk Folkeparti,"Karsten Filsø, Ulfborg",0,Holstebro Kommune,Nej,Nej
kommunalvalg,F. SF - Socialistisk Folkeparti,Karsten Fogde,0,Odense Kommune,Nej,Nej
kommunalvalg,F. SF - Socialistisk Folkeparti,"Karsten Kjeldsen, Tinglev",0,Aabenraa Kommune,Nej,Nej
kommunalvalg,F. SF - Socialistisk Folkeparti,"Kasper Borg, Møn",0,Vordingborg Kommune,Nej,Nej
kommunalvalg,F. SF - Socialistisk Folkeparti,"Kasper Ivanhoe Terkelsen, Viborg",225,Viborg Kommune,Nej,Nej
kommunalvalg,F. SF - Socialistisk Folkeparti,Kasper O. Andersen,0,Odsherred Kommune,Nej,Nej
kommunalvalg,F. SF - Socialistisk Folkeparti,"Kasper Venning, Viborg",217,Viborg Kommune,Nej,Nej
kommunalvalg,F. SF - Socialistisk Folkeparti,"Kasper Vindbjerg, Grenaa",0,Norddjurs Kommune,Nej,Nej
kommunalvalg,F. SF - Socialistisk Folkeparti,"Kasper Østvig Nissen, Mols",105,Syddjurs Kommune,Nej,Nej
kommunalvalg,F. SF - Socialistisk Folkeparti,"Kathrine Frøhlich, Virklund",0,Silkeborg Kommune,Nej,Nej
kommunalvalg,F. SF - Socialistisk Folkeparti,Katie Henshaw,0,Aalborg Kommune,Nej,Nej
kommunalvalg,F. SF - Socialistisk Folkeparti,"Katja Ivesøe, Gylling",213,Odder Kommune,Nej,Nej
kommunalvalg,F. SF - Socialistisk Folkeparti,Katrine Wulff,0,Odense Kommune,Nej,Nej
kommunalvalg,F. SF - Socialistisk Folkeparti,"Ken Patrick Petersson, Taastrup",0,Høje-Taastrup Kommune,Nej,Nej
kommunalvalg,F. SF - Socialistisk Folkeparti,Kenneth Rasmussen,697,Rødovre Kommune,Nej,Nej
kommunalvalg,F. SF - Socialistisk Folkeparti,Kerstin Alida Roberts,0,Herlev Kommune,Nej,Nej
kommunalvalg,F. SF - Socialistisk Folkeparti,"Kim Elmose, Musicon",0,Roskilde Kommune,Nej,Nej
kommunalvalg,F. SF - Socialistisk Folkeparti,Kim Grønved,24,Dragør Kommune,Nej,Nej
kommunalvalg,F. SF - Socialistisk Folkeparti,"Kim Hardy Sørensen, Frølunde Fed",0,Slagelse Kommune,Nej,Nej
kommunalvalg,F. SF - Socialistisk Folkeparti,Kim Jørstad,84,Kerteminde Kommune,Nej,Nej
kommunalvalg,F. SF - Socialistisk Folkeparti,"Kim Kugel, Broager",0,Sønderborg Kommune,Nej,Nej
kommunalvalg,F. SF - Socialistisk Folkeparti,"Kim Lykke Jensen, Termestrup",444,Syddjurs Kommune,Nej,Nej
kommunalvalg,F. SF - Socialistisk Folkeparti,"Kim Nørgaard Kruse, Sø Søby",0,Assens Kommune,Nej,Nej
kommunalvalg,F. SF - Socialistisk Folkeparti,"Kim Raben, Musicon",0,Roskilde Kommune,Nej,Nej
kommunalvalg,F. SF - Socialistisk Folkeparti,"Kirsten Rolfsager, Dronningmølle",0,Gribskov Kommune,Nej,Nej
kommunalvalg,F. SF - Socialistisk Folkeparti,"Kirsten Skovgaard, Reerslev",0,Kalundborg Kommune,Nej,Nej
kommunalvalg,F. SF - Socialistisk Folkeparti,"Kirsten Winther Almind, Bjerringbro",243,Viborg Kommune,Nej,Nej
kommunalvalg,F. SF - Socialistisk Folkeparti,Kirsti Puukka-Sørensen,0,Brøndby Kommune,Nej,Nej
kommunalvalg,F. SF - Socialistisk Folkeparti,"Kirstine Bille, Balle",1154,Syddjurs Kommune,Nej,Nej
kommunalvalg,F. SF - Socialistisk Folkeparti,Klaus Mygind,0,Københavns Kommune,Nej,Nej
kommunalvalg,F. SF - Socialistisk Folkeparti,"Krestian Thomsen Bie, Aarhus C",0,Aarhus Kommune,Nej,Nej
kommunalvalg,F. SF - Socialistisk Folkeparti,"Kristian Herget, Ebeltoft",68,Syddjurs Kommune,Nej,Nej
kommunalvalg,F. SF - Socialistisk Folkeparti,"Kristina Johansen, Jerslev",0,Brønderslev Kommune,Nej,Nej
kommunalvalg,F. SF - Socialistisk Folkeparti,"Kristina Püschl, Reersø",0,Kalundborg Kommune,Nej,Nej
kommunalvalg,F. SF - Socialistisk Folkeparti,Kristine Amalie Rostgård,0,Hvidovre Kommune,Nej,Nej
kommunalvalg,F. SF - Socialistisk Folkeparti,Kurt Koudahl Petersen,0,Allerød Kommune,Nej,Nej
kommunalvalg,F. SF - Socialistisk Folkeparti,Kurt Petersen,0,Rudersdal Kommune,Nej,Nej
kommunalvalg,F. SF - Socialistisk Folkeparti,"Käthe Lund, Svendborg Nordre Bydel",0,Svendborg Kommune,Nej,Nej
kommunalvalg,F. SF - Socialistisk Folkeparti,"Kåre Gram, Kalundborg",0,Kalundborg Kommune,Nej,Nej
kommunalvalg,F. SF - Socialistisk Folkeparti,"Laila Dall, Hillerød Midtby",41,Hillerød Kommune,Nej,Nej
kommunalvalg,F. SF - Socialistisk Folkeparti,"Laila Jerming Graf, Sall",251,Favrskov Kommune,Nej,Nej
kommunalvalg,F. SF - Socialistisk Folkeparti,Lars Brandstrup Nielsen,0,Tårnby Kommune,Nej,Nej
kommunalvalg,F. SF - Socialistisk Folkeparti,Lars Bæk,93,Rødovre Kommune,Nej,Nej
kommunalvalg,F. SF - Socialistisk Folkeparti,Lars Charlie Mortensen,0,Vejle Kommune,Nej,Nej
kommunalvalg,F. SF - Socialistisk Folkeparti,"Lars Elbrandt, Hillerød Midtby",555,Hillerød Kommune,Nej,Nej
kommunalvalg,F. SF - Socialistisk Folkeparti,Lars Gelsing,0,Aalborg Kommune,Nej,Nej
kommunalvalg,F. SF - Socialistisk Folkeparti,"Lars Hansen, Kjellerup",0,Silkeborg Kommune,Nej,Nej
kommunalvalg,F. SF - Socialistisk Folkeparti,Lars Hoffmeyer Novrup,0,Aalborg Kommune,Nej,Nej
kommunalvalg,F. SF - Socialistisk Folkeparti,"Lars Kaae, Jerslev",0,Brønderslev Kommune,Nej,Nej
kommunalvalg,F. SF - Socialistisk Folkeparti,Lars Nexø,0,Albertslund Kommune,Nej,Nej
kommunalvalg,F. SF - Socialistisk Folkeparti,"Lars Nissen, Svendborg",0,Svendborg Kommune,Nej,Nej
kommunalvalg,F. SF - Socialistisk Folkeparti,Lars Nitschke Madsen,0,Albertslund Kommune,Nej,Nej
kommunalvalg,F. SF - Socialistisk Folkeparti,Lars Olesen,0,Fredericia Kommune,Nej,Nej
kommunalvalg,F. SF - Socialistisk Folkeparti,"Lars Peitersen, Rudkøbing",12,Langeland Kommune,Nej,Nej
kommunalvalg,F. SF - Socialistisk Folkeparti,Lars Røntved Jensen,324,Morsø Kommune,Nej,Nej
kommunalvalg,F. SF - Socialistisk Folkeparti,"Lasse Godiksen, Nyborg",0,Nyborg Kommune,Nej,Nej
kommunalvalg,F. SF - Socialistisk Folkeparti,Lasse Juul Kristensen,0,Herlev Kommune,Nej,Nej
kommunalvalg,F. SF - Socialistisk Folkeparti,Lasse Rytter Andersen,0,Horsens Kommune,Nej,Nej
kommunalvalg,F. SF - Socialistisk Folkeparti,Lasse Sabinus Weng-Ludvigsen,0,Tønder Kommune,Nej,Nej
kommunalvalg,F. SF - Socialistisk Folkeparti,"Laura Amalie Bagge, Viborg",30,Viborg Kommune,Nej,Nej
kommunalvalg,F. SF - Socialistisk Folkeparti,Laura Elise Andersen-Mühl,0,Odense Kommune,Nej,Nej
kommunalvalg,F. SF - Socialistisk Folkeparti,"Laus D. Jørgensen, Rudkøbing",16,Langeland Kommune,Nej,Nej
kommunalvalg,F. SF - Socialistisk Folkeparti,"Lea K. Sørensen, Sindal",78,Hjørring Kommune,Nej,Nej
kommunalvalg,F. SF - Socialistisk Folkeparti,Lea Nydahl Lyberth,0,Fredericia Kommune,Nej,Nej
kommunalvalg,F. SF - Socialistisk Folkeparti,Leif Jørgensen,0,Gladsaxe Kommune,Nej,Nej
kommunalvalg,F. SF - Socialistisk Folkeparti,Leif Nielsen,97,Dragør Kommune,Nej,Nej
kommunalvalg,F. SF - Socialistisk Folkeparti,"Leif Scharling, Slagelse",0,Slagelse Kommune,Nej,Nej
kommunalvalg,F. SF - Socialistisk Folkeparti,"Leif Storgaard Pedersen, Haderslev",0,Haderslev Kommune,Nej,Nej
kommunalvalg,F. SF - Socialistisk Folkeparti,"Lena Schroll, Vordingborg",0,Vordingborg Kommune,Nej,Nej
kommunalvalg,F. SF - Socialistisk Folkeparti,"Lene Dalsgaard, Aabenraa",0,Aabenraa Kommune,Nej,Nej
kommunalvalg,F. SF - Socialistisk Folkeparti,Lene Hatt,0,Guldborgsund Kommune,Nej,Nej
kommunalvalg,F. SF - Socialistisk Folkeparti,Lene Reffstrup,0,Ringsted Kommune,Nej,Nej
kommunalvalg,F. SF - Socialistisk Folkeparti,"Lene Sieling, Korsør",0,Slagelse Kommune,Nej,Nej
kommunalvalg,F. SF - Socialistisk Folkeparti,"Lene Skjelbo, Hjørring",175,Hjørring Kommune,Nej,Nej
kommunalvalg,F. SF - Socialistisk Folkeparti,Lene Søndergaard,0,Gladsaxe Kommune,Nej,Nej
kommunalvalg,F. SF - Socialistisk Folkeparti,"Lene Wildfang, Haderslev",0,Haderslev Kommune,Nej,Nej
kommunalvalg,F. SF - Socialistisk Folkeparti,"Linda Bollerup, Årslev",0,Faaborg-Midtfyn Kommune,Nej,Nej
kommunalvalg,F. SF - Socialistisk Folkeparti,Linda Johnsen,0,Middelfart Kommune,Nej,Nej
kommunalvalg,F. SF - Socialistisk Folkeparti,"Line Marotzke, Hedensted",0,Hedensted Kommune,Nej,Nej
kommunalvalg,F. SF - Socialistisk Folkeparti,"Lisbeth Engbo, Karrebæksminde",115,Næstved Kommune,Nej,Nej
kommunalvalg,F. SF - Socialistisk Folkeparti,"Lisbeth Johnsen, Hasselager",0,Aarhus Kommune,Nej,Nej
kommunalvalg,F. SF - Socialistisk Folkeparti,Lise Müller,385,Gentofte Kommune,Nej,Nej
kommunalvalg,F. SF - Socialistisk Folkeparti,"Liselotte Johansen, Aabenraa",0,Aabenraa Kommune,Nej,Nej
kommunalvalg,F. SF - Socialistisk Folkeparti,Listestemmer,14248,Lemvig Kommune,Nej,Nej
kommunalvalg,F. SF - Socialistisk Folkeparti,"Liv Gro Jensen, Hjortshøj",0,Aarhus Kommune,Nej,Nej
kommunalvalg,F. SF - Socialistisk Folkeparti,Lone Henriksen,34,Rødovre Kommune,Nej,Nej
kommunalvalg,F. SF - Socialistisk Folkeparti,Lone Kathrine Pedersen,0,Københavns Kommune,Nej,Nej
kommunalvalg,F. SF - Socialistisk Folkeparti,"Lone Lise Thorsen, Femmøller",14,Syddjurs Kommune,Nej,Nej
kommunalvalg,F. SF - Socialistisk Folkeparti,Lone Olsen,0,Thisted Kommune,Nej,Nej
kommunalvalg,F. SF - Socialistisk Folkeparti,Lone Smith Opstrup,0,Glostrup Kommune,Nej,Nej
kommunalvalg,F. SF - Socialistisk Folkeparti,Lotte Kofoed,0,Frederiksberg Kommune,Nej,Nej
kommunalvalg,F. SF - Socialistisk Folkeparti,Louis Bøndergaard,0,Gladsaxe Kommune,Ja,Nej
kommunalvalg,F. SF - Socialistisk Folkeparti,"Louise Smith Jensen, Biersted",0,Jammerbugt Kommune,Nej,Nej
kommunalvalg,F. SF - Socialistisk Folkeparti,Louise Zabel,0,Hørsholm Kommune,Nej,Nej
kommunalvalg,F. SF - Socialistisk Folkeparti,"Lukas Kallesøe, Gødvad",0,Silkeborg Kommune,Ja,Nej
kommunalvalg,F. SF - Socialistisk Folkeparti,"Lykke Palm, Skamstrup",0,Holbæk Kommune,Nej,Nej
kommunalvalg,F. SF - Socialistisk Folkeparti,Mads Balslev Hansen,0,Københavns Kommune,Nej,Nej
kommunalvalg,F. SF - Socialistisk Folkeparti,Mads Brodersen,0,Middelfart Kommune,Nej,Nej
kommunalvalg,F. SF - Socialistisk Folkeparti,"Mads Holdgaard, Faaborg",0,Faaborg-Midtfyn Kommune,Nej,Nej
kommunalvalg,F. SF - Socialistisk Folkeparti,Mads Hvid,0,Københavns Kommune,Nej,Nej
kommunalvalg,F. SF - Socialistisk Folkeparti,"Mads Kyrsting, Kragnæs",120,Ærø Kommune,Nej,Nej
kommunalvalg,F. SF - Socialistisk Folkeparti,Mads Mikkel Dragholt,0,Københavns Kommune,Ja,Nej
kommunalvalg,F. SF - Socialistisk Folkeparti,"Mads Munk Hansen, Hillerød Øst",329,Hillerød Kommune,Ja,Nej
kommunalvalg,F. SF - Socialistisk Folkeparti,Mads Rasmussen,0,Odense Kommune,Nej,Nej
kommunalvalg,F. SF - Socialistisk Folkeparti,"Mads S. Vinther, Gimming",0,Randers Kommune,Nej,Nej
kommunalvalg,F. SF - Socialistisk Folkeparti,"Mads Sejbjerg Middelhede, Vinderslev",0,Silkeborg Kommune,Nej,Nej
kommunalvalg,F. SF - Socialistisk Folkeparti,"Mads-Peder Winther Søby, Juelsminde",0,Hedensted Kommune,Nej,Nej
kommunalvalg,F. SF - Socialistisk Folkeparti,Magnus Kronborg,0,Aalborg Kommune,Nej,Nej
kommunalvalg,F. SF - Socialistisk Folkeparti,"Magnus Thomasen, Saksild",85,Odder Kommune,Ja,Nej
kommunalvalg,F. SF - Socialistisk Folkeparti,Maia Bruhn Skjøth,0,Brøndby Kommune,Nej,Nej
kommunalvalg,F. SF - Socialistisk Folkeparti,"Maibritt Seeger, Højrup",0,Faaborg-Midtfyn Kommune,Nej,Nej
kommunalvalg,F. SF - Socialistisk Folkeparti,Maiken Juul Pedersen,0,Vejle Kommune,Nej,Nej
kommunalvalg,F. SF - Socialistisk Folkeparti,"Maja Hellerup Pedersen, Nr. Søby",0,Skive Kommune,Nej,Nej
kommunalvalg,F. SF - Socialistisk Folkeparti,"Maja Kunzendorf, Slagelse",0,Slagelse Kommune,Nej,Nej
kommunalvalg,F. SF - Socialistisk Folkeparti,Maja Weimar,0,Middelfart Kommune,Ja,Nej
kommunalvalg,F. SF - Socialistisk Folkeparti,"Majbrit Pedersen, Lyngby Vest",0,Lyngby-Taarbæk Kommune,Nej,Nej
kommunalvalg,F. SF - Socialistisk Folkeparti,"Malene Hejjo, Aabenraa",0,Aabenraa Kommune,Nej,Nej
kommunalvalg,F. SF - Socialistisk Folkeparti,Malene Søgaard-Andersen,0,Fredericia Kommune,Nej,Nej
kommunalvalg,F. SF - Socialistisk Folkeparti,"Marcel Henriksen, Rudkøbing",12,Langeland Kommune,Nej,Nej
kommunalvalg,F. SF - Socialistisk Folkeparti,"Marcus Mossalski, Randers C",0,Randers Kommune,Nej,Nej
kommunalvalg,F. SF - Socialistisk Folkeparti,Maria  Avnskjold,0,Hvidovre Kommune,Nej,Nej
kommunalvalg,F. SF - Socialistisk Folkeparti,Maria Frej,0,Københavns Kommune,Nej,Nej
kommunalvalg,F. SF - Socialistisk Folkeparti,Maria Grøndahl,260,Rødovre Kommune,Nej,Nej
kommunalvalg,F. SF - Socialistisk Folkeparti,Maria Ingemann Jensen,0,Tønder Kommune,Nej,Nej
kommunalvalg,F. SF - Socialistisk Folkeparti,Maria Kjærgaard,0,Ringkøbing-Skjern Kommune,Nej,Nej
kommunalvalg,F. SF - Socialistisk Folkeparti,"Mariane Synøve Smed, Sigerslev",0,Stevns Kommune,Nej,Nej
kommunalvalg,F. SF - Socialistisk Folkeparti,Mariann Hedin,0,Gladsaxe Kommune,Nej,Nej
kommunalvalg,F. SF - Socialistisk Folkeparti,Marianne Barnholt Nielsen,0,Brøndby Kommune,Nej,Nej
kommunalvalg,F. SF - Socialistisk Folkeparti,Marianne Ostendorf,0,Odense Kommune,Nej,Nej
kommunalvalg,F. SF - Socialistisk Folkeparti,"Marianne Svane, Jersie Strand",0,Solrød Kommune,Nej,Nej
kommunalvalg,F. SF - Socialistisk Folkeparti,Marianne Vejen Jespersen,86,Kolding Kommune,Nej,Nej
kommunalvalg,F. SF - Socialistisk Folkeparti,Marianne Victor Hansen,0,Helsingør Kommune,Nej,Nej
kommunalvalg,F. SF - Socialistisk Folkeparti,Marie Blønd,0,Københavns Kommune,Nej,Nej
kommunalvalg,F. SF - Socialistisk Folkeparti,"Marie Falkesgaard Slot, Svendborg Midtby",0,Svendborg Kommune,Nej,Nej
kommunalvalg,F. SF - Socialistisk Folkeparti,"Marie K. Christensen, Svendborg Vestre Bydel",0,Svendborg Kommune,Nej,Nej
kommunalvalg,F. SF - Socialistisk Folkeparti,"Marie Lenstrup, Præstø",0,Vordingborg Kommune,Nej,Nej
kommunalvalg,F. SF - Socialistisk Folkeparti,"Marie-Louise Høgh, Viborg",1072,Viborg Kommune,Nej,Nej
kommunalvalg,F. SF - Socialistisk Folkeparti,Marie-Louise Jørgensen,0,Hvidovre Kommune,Nej,Nej
kommunalvalg,F. SF - Socialistisk Folkeparti,Marlene Andersen,0,Aalborg Kommune,Nej,Nej
kommunalvalg,F. SF - Socialistisk Folkeparti,"Martin Graff Jørgensen, Bogø",0,Vordingborg Kommune,Nej,Nej
kommunalvalg,F. SF - Socialistisk Folkeparti,"Martin Kristensen, Lem",0,Skive Kommune,Nej,Nej
kommunalvalg,F. SF - Socialistisk Folkeparti,Martin Kyvsgaard,208,Rebild Kommune,Nej,Nej
kommunalvalg,F. SF - Socialistisk Folkeparti,Martin Lindberg Laursen,0,Odense Kommune,Nej,Nej
kommunalvalg,F. SF - Socialistisk Folkeparti,"Martin Mølholt, Hald Ege",51,Viborg Kommune,Nej,Nej
kommunalvalg,F. SF - Socialistisk Folkeparti,"Martin Reetz Kæmsgaard, Roskilde",0,Roskilde Kommune,Nej,Nej
kommunalvalg,F. SF - Socialistisk Folkeparti,Martin Rosenkilde,0,Rudersdal Kommune,Nej,Nej
kommunalvalg,F. SF - Socialistisk Folkeparti,Martin Rosenkrantz,241,Rødovre Kommune,Nej,Nej
kommunalvalg,F. SF - Socialistisk Folkeparti,"Mathias Gotthardsen, Haderslev",0,Haderslev Kommune,Nej,Nej
kommunalvalg,F. SF - Socialistisk Folkeparti,Matilde Bidstrup,0,Herlev Kommune,Ja,Nej
kommunalvalg,F. SF - Socialistisk Folkeparti,"Merete Bak Laustsen, Dronningborg",0,Randers Kommune,Nej,Nej
kommunalvalg,F. SF - Socialistisk Folkeparti,Methe Zoi Arnkløv,0,Odsherred Kommune,Nej,Nej
kommunalvalg,F. SF - Socialistisk Folkeparti,"Mette Askov, Frederiksværk",0,Halsnæs Kommune,Nej,Nej
kommunalvalg,F. SF - Socialistisk Folkeparti,"Mette Bjerre, Skødstrup",0,Aarhus Kommune,Nej,Nej
kommunalvalg,F. SF - Socialistisk Folkeparti,"Mette Devald-Rasmussen, Rudkøbing",74,Langeland Kommune,Nej,Nej
kommunalvalg,F. SF - Socialistisk Folkeparti,Mette Eikelund,0,Gladsaxe Kommune,Nej,Nej
kommunalvalg,F. SF - Socialistisk Folkeparti,"Mette Gagner, Hedehusene",0,Høje-Taastrup Kommune,Nej,Nej
kommunalvalg,F. SF - Socialistisk Folkeparti,"Mette Gylling, Nyborg",0,Nyborg Kommune,Nej,Nej
kommunalvalg,F. SF - Socialistisk Folkeparti,Mette Harder-Georgi,0,Vallensbæk Kommune,Nej,Nej
kommunalvalg,F. SF - Socialistisk Folkeparti,"Mette Jensen, Svenstrup",0,Slagelse Kommune,Nej,Nej
kommunalvalg,F. SF - Socialistisk Folkeparti,"Mette Keller, Feldballe",232,Syddjurs Kommune,Nej,Nej
kommunalvalg,F. SF - Socialistisk Folkeparti,"Mette Kristensen, Odder",186,Odder Kommune,Nej,Nej
kommunalvalg,F. SF - Socialistisk Folkeparti,"Mette Sloth Høstgaard, Spøttrup",0,Skive Kommune,Nej,Nej
kommunalvalg,F. SF - Socialistisk Folkeparti,"Mette Storm Elner, Roskilde",0,Roskilde Kommune,Nej,Nej
kommunalvalg,F. SF - Socialistisk Folkeparti,"Mette Truesen, Svogerslev",0,Roskilde Kommune,Nej,Nej
kommunalvalg,F. SF - Socialistisk Folkeparti,Mette Vallentin,0,Guldborgsund Kommune,Nej,Nej
kommunalvalg,F. SF - Socialistisk Folkeparti,Mette Vennerstrøm,0,Glostrup Kommune,Nej,Nej
kommunalvalg,F. SF - Socialistisk Folkeparti,"Mette-Rose Kongstad, Glamsbjerg",0,Assens Kommune,Nej,Nej
kommunalvalg,F. SF - Socialistisk Folkeparti,"Mia Johansen, Skive",0,Skive Kommune,Nej,Nej
kommunalvalg,F. SF - Socialistisk Folkeparti,Michael Bothmann Jensen,0,Tønder Kommune,Nej,Nej
kommunalvalg,F. SF - Socialistisk Folkeparti,"Michael Christensen, Kollund",0,Aabenraa Kommune,Nej,Nej
kommunalvalg,F. SF - Socialistisk Folkeparti,"Michael E. Andersen, Ryslinge",0,Faaborg-Midtfyn Kommune,Nej,Nej
kommunalvalg,F. SF - Socialistisk Folkeparti,"Michael Graakjær, Strøby Egede",0,Stevns Kommune,Nej,Nej
kommunalvalg,F. SF - Socialistisk Folkeparti,Michael Grønbech,0,Frederikssund Kommune,Nej,Nej
kommunalvalg,F. SF - Socialistisk Folkeparti,"Michael Iwersen, Assens",0,Assens Kommune,Nej,Nej
kommunalvalg,F. SF - Socialistisk Folkeparti,Michael Jonasen,0,Albertslund Kommune,Nej,Nej
kommunalvalg,F. SF - Socialistisk Folkeparti,Michael Møller Kristensen,64,Læsø Kommune,Nej,Nej
kommunalvalg,F. SF - Socialistisk Folkeparti,"Michael Møller Nielsen, Holbæk",0,Holbæk Kommune,Nej,Nej
kommunalvalg,F. SF - Socialistisk Folkeparti,Michael Nørgaard,0,Thisted Kommune,Nej,Nej
kommunalvalg,F. SF - Socialistisk Folkeparti,"Michael Svarrer, Gilleleje",0,Gribskov Kommune,Nej,Nej
kommunalvalg,F. SF - Socialistisk Folkeparti,"Michael Søndermand, Haslev",84,Faxe Kommune,Nej,Nej
kommunalvalg,F. SF - Socialistisk Folkeparti,"Michael West, Klejtrup",11,Viborg Kommune,Nej,Nej
kommunalvalg,F. SF - Socialistisk Folkeparti,Michella Lescher,0,Frederiksberg Kommune,Nej,Nej
kommunalvalg,F. SF - Socialistisk Folkeparti,"Michelle Frese, Karise",365,Faxe Kommune,Nej,Nej
kommunalvalg,F. SF - Socialistisk Folkeparti,Mie Busch-Jensen,0,Gladsaxe Kommune,Nej,Nej
kommunalvalg,F. SF - Socialistisk Folkeparti,Mikael Pedersen,0,Ringkøbing-Skjern Kommune,Nej,Nej
kommunalvalg,F. SF - Socialistisk Folkeparti,"Mikael Ralf Baade Larsen, Sæby, Gershøj",0,Lejre Kommune,Nej,Nej
kommunalvalg,F. SF - Socialistisk Folkeparti,"Mike Nygaard, Skive",0,Skive Kommune,Nej,Nej
kommunalvalg,F. SF - Socialistisk Folkeparti,"Mikkel Ammitzbøll, Ribe",0,Esbjerg Kommune,Nej,Nej
kommunalvalg,F. SF - Socialistisk Folkeparti,"Mikkel Berggreen Schmidt, Næsbjerg",0,Varde Kommune,Nej,Nej
kommunalvalg,F. SF - Socialistisk Folkeparti,"Mikkel Lerrin Schannong, Toksværd",141,Næstved Kommune,Nej,Nej
kommunalvalg,F. SF - Socialistisk Folkeparti,Mikkel Øbro,0,Hvidovre Kommune,Nej,Nej
kommunalvalg,F. SF - Socialistisk Folkeparti,"Mogens Bedsted, Torrild",14,Odder Kommune,Nej,Nej
kommunalvalg,F. SF - Socialistisk Folkeparti,Mogens Mathiesen,0,Glostrup Kommune,Nej,Nej
kommunalvalg,F. SF - Socialistisk Folkeparti,"Mogens Møller, Hårlev",0,Stevns Kommune,Nej,Nej
kommunalvalg,F. SF - Socialistisk Folkeparti,Mohamad Sukar,8,Kerteminde Kommune,Nej,Nej
kommunalvalg,F. SF - Socialistisk Folkeparti,"Mohammad Amin Soleymani, Egeris",0,Skive Kommune,Nej,Nej
kommunalvalg,F. SF - Socialistisk Folkeparti,"Molly May Vestergaard, Rønne",0,Bornholms Regionskommune,Nej,Nej
kommunalvalg,F. SF - Socialistisk Folkeparti,Mona Elisabeth Pedersen,0,Aalborg Kommune,Nej,Nej
kommunalvalg,F. SF - Socialistisk Folkeparti,"Mona Pedersen, St. Torøje",18,Faxe Kommune,Nej,Nej
kommunalvalg,F. SF - Socialistisk Folkeparti,"Monika Bak, Dronningborg",0,Randers Kommune,Nej,Nej
kommunalvalg,F. SF - Socialistisk Folkeparti,"Monika Lillelund, Billund",0,Billund Kommune,Nej,Nej
kommunalvalg,F. SF - Socialistisk Folkeparti,"Monika Skadborg, Hillerød Øst",642,Hillerød Kommune,Nej,Nej
kommunalvalg,F. SF - Socialistisk Folkeparti,Morten Bering,0,Københavns Kommune,Nej,Nej
kommunalvalg,F. SF - Socialistisk Folkeparti,Morten Bo Bertelsen,0,Thisted Kommune,Nej,Nej
kommunalvalg,F. SF - Socialistisk Folkeparti,Morten Brønsby,0,Herlev Kommune,Nej,Nej
kommunalvalg,F. SF - Socialistisk Folkeparti,"Morten Holme, Søndersted",0,Holbæk Kommune,Nej,Nej
kommunalvalg,F. SF - Socialistisk Folkeparti,Morten Jensen,0,Odense Kommune,Nej,Nej
kommunalvalg,F. SF - Socialistisk Folkeparti,Morten Kamstrup,724,Rebild Kommune,Nej,Nej
kommunalvalg,F. SF - Socialistisk Folkeparti,Morten Kjær,0,Herlev Kommune,Nej,Ja
kommunalvalg,F. SF - Socialistisk Folkeparti,Morten Levinsky Thorsboe,0,Glostrup Kommune,Nej,Nej
kommunalvalg,F. SF - Socialistisk Folkeparti,"Morten Siig Henriksen, Hornslet",180,Syddjurs Kommune,Nej,Nej
kommunalvalg,F. SF - Socialistisk Folkeparti,"Morten Sørensen, Hjortshøj",0,Aarhus Kommune,Nej,Nej
kommunalvalg,F. SF - Socialistisk Folkeparti,"Morten Vadstrup Warming, Nexø",0,Bornholms Regionskommune,Nej,Nej
kommunalvalg,F. SF - Socialistisk Folkeparti,"Morten Wilfing Blak Pedersen, Randers SV",0,Randers Kommune,Nej,Nej
kommunalvalg,F. SF - Socialistisk Folkeparti,Mustapha El-Ahmad,0,Vejle Kommune,Nej,Nej
kommunalvalg,F. SF - Socialistisk Folkeparti,"Nadja Aarøe Simonsen, Dronninglund",0,Brønderslev Kommune,Nej,Nej
kommunalvalg,F. SF - Socialistisk Folkeparti,"Naja Kallesøe, Gødvad",0,Silkeborg Kommune,Nej,Nej
kommunalvalg,F. SF - Socialistisk Folkeparti,"Nanna Kastorp, Esbjerg",0,Esbjerg Kommune,Ja,Nej
kommunalvalg,F. SF - Socialistisk Folkeparti,"Nanna Lippert Troelsen, Aarhus C",0,Aarhus Kommune,Nej,Nej
kommunalvalg,F. SF - Socialistisk Folkeparti,"Nanna Marie Christensen, Fjerritslev",0,Jammerbugt Kommune,Nej,Nej
kommunalvalg,F. SF - Socialistisk Folkeparti,"Nanna de Courcy, Klejtrup",13,Viborg Kommune,Nej,Nej
kommunalvalg,F. SF - Socialistisk Folkeparti,"Natascha Henriksen, Skælskør",0,Slagelse Kommune,Nej,Nej
kommunalvalg,F. SF - Socialistisk Folkeparti,Natasha Fogsgaard-Alveen,0,Aalborg Kommune,Nej,Nej
kommunalvalg,F. SF - Socialistisk Folkeparti,"Nelle Søndermand, Haslev",52,Faxe Kommune,Nej,Nej
kommunalvalg,F. SF - Socialistisk Folkeparti,Nicklas Askerod,0,Odense Kommune,Ja,Nej
kommunalvalg,F. SF - Socialistisk Folkeparti,"Nicklas Bjeverskov, Ejby",0,Lejre Kommune,Nej,Nej
kommunalvalg,F. SF - Socialistisk Folkeparti,Nicolai Abildgaard,53,Rebild Kommune,Nej,Nej
kommunalvalg,F. SF - Socialistisk Folkeparti,Nicolai Holmgaard Juul,248,Kolding Kommune,Nej,Nej
kommunalvalg,F. SF - Socialistisk Folkeparti,"Nicoline Helweg, Hvalsø",0,Lejre Kommune,Nej,Nej
kommunalvalg,F. SF - Socialistisk Folkeparti,"Niels Callesøe, Hinnerup",131,Favrskov Kommune,Nej,Nej
kommunalvalg,F. SF - Socialistisk Folkeparti,"Niels Fjeldberg, Hobro",213,Mariagerfjord Kommune,Nej,Nej
kommunalvalg,F. SF - Socialistisk Folkeparti,"Niels Halse, Virum",0,Lyngby-Taarbæk Kommune,Nej,Nej
kommunalvalg,F. SF - Socialistisk Folkeparti,"Niels Haxthausen, Lyngby",0,Lyngby-Taarbæk Kommune,Nej,Nej
kommunalvalg,F. SF - Socialistisk Folkeparti,Niels Henrik Bøggild Nielsen,37,Rebild Kommune,Nej,Nej
kommunalvalg,F. SF - Socialistisk Folkeparti,Niels Kristian Larsen,0,Ringkøbing-Skjern Kommune,Nej,Nej
kommunalvalg,F. SF - Socialistisk Folkeparti,Niels Mørup,0,Helsingør Kommune,Nej,Nej
kommunalvalg,F. SF - Socialistisk Folkeparti,Niels Overgaard,0,Ballerup Kommune,Nej,Nej
kommunalvalg,F. SF - Socialistisk Folkeparti,Niels Rasmussen,0,Ringkøbing-Skjern Kommune,Nej,Nej
kommunalvalg,F. SF - Socialistisk Folkeparti,Nikolaj Rachdi Bührmann,0,Frederiksberg Kommune,Nej,Nej
kommunalvalg,F. SF - Socialistisk Folkeparti,"Nikoline Warming, Slagelse",0,Slagelse Kommune,Ja,Nej
kommunalvalg,F. SF - Socialistisk Folkeparti,"Nina Broman Mølbæk, Randers",0,Randers Kommune,Ja,Nej
kommunalvalg,F. SF - Socialistisk Folkeparti,Nina Madsen,0,Allerød Kommune,Nej,Nej
kommunalvalg,F. SF - Socialistisk Folkeparti,Nina Qvistgaard,62,Gentofte Kommune,Nej,Nej
kommunalvalg,F. SF - Socialistisk Folkeparti,Nina Wendt,0,Frederiksberg Kommune,Nej,Nej
kommunalvalg,F. SF - Socialistisk Folkeparti,Noah James Donkin,0,Helsingør Kommune,Ja,Nej
kommunalvalg,F. SF - Socialistisk Folkeparti,"Nynne Printz, Tullebølle",214,Langeland Kommune,Nej,Nej
kommunalvalg,F. SF - Socialistisk Folkeparti,"Olaf Johannes Prien, Karlsgave",0,Halsnæs Kommune,Nej,Nej
kommunalvalg,F. SF - Socialistisk Folkeparti,"Olaf Johansen, Slagelse",0,Slagelse Kommune,Nej,Nej
kommunalvalg,F. SF - Socialistisk Folkeparti,Ole Falster,0,Tårnby Kommune,Nej,Nej
kommunalvalg,F. SF - Socialistisk Folkeparti,Ole Frimann Hansen,0,Frederikssund Kommune,Nej,Nej
kommunalvalg,F. SF - Socialistisk Folkeparti,"Ole Juhl Christoffersen, Varde",0,Varde Kommune,Nej,Nej
kommunalvalg,F. SF - Socialistisk Folkeparti,Ole Olsen,0,Fredericia Kommune,Nej,Nej
kommunalvalg,F. SF - Socialistisk Folkeparti,Ole Peter Christensen,123,Kerteminde Kommune,Nej,Nej
kommunalvalg,F. SF - Socialistisk Folkeparti,"Ole Primdahl, Vinderup",0,Holstebro Kommune,Nej,Nej
kommunalvalg,F. SF - Socialistisk Folkeparti,"Ole Skovbo, Tranebjerg",0,Samsø Kommune,Nej,Nej
kommunalvalg,F. SF - Socialistisk Folkeparti,"Ole Tyrsted Jørgensen, Nyborg",0,Nyborg Kommune,Nej,Nej
kommunalvalg,F. SF - Socialistisk Folkeparti,"Olivia Leth Buhl, Fensmark",182,Næstved Kommune,Nej,Nej
kommunalvalg,F. SF - Socialistisk Folkeparti,Olivia Manzano,44,Dragør Kommune,Nej,Nej
kommunalvalg,F. SF - Socialistisk Folkeparti,Paw Hedegaard Amdisen,0,Horsens Kommune,Nej,Nej
kommunalvalg,F. SF - Socialistisk Folkeparti,Peder Holk Svendsen,0,Københavns Kommune,Nej,Nej
kommunalvalg,F. SF - Socialistisk Folkeparti,"Peder Larsen, Mariager",499,Mariagerfjord Kommune,Nej,Nej
kommunalvalg,F. SF - Socialistisk Folkeparti,"Peer Jensen, Mogenstrup",72,Næstved Kommune,Nej,Nej
kommunalvalg,F. SF - Socialistisk Folkeparti,Per A. Moos Laursen,0,Fredericia Kommune,Nej,Nej
kommunalvalg,F. SF - Socialistisk Folkeparti,Per Alstrup,22,Rebild Kommune,Nej,Nej
kommunalvalg,F. SF - Socialistisk Folkeparti,Per Baar Kæseler,0,Rudersdal Kommune,Nej,Nej
kommunalvalg,F. SF - Socialistisk Folkeparti,Per Bergmann,4,Rødovre Kommune,Nej,Nej
kommunalvalg,F. SF - Socialistisk Folkeparti,Per Bruhn,0,Gladsaxe Kommune,Nej,Nej
kommunalvalg,F. SF - Socialistisk Folkeparti,Per Flemming Larsen,0,Odsherred Kommune,Nej,Nej
kommunalvalg,F. SF - Socialistisk Folkeparti,"Pernille Dam Marcussen, Houlkær",466,Viborg Kommune,Nej,Nej
kommunalvalg,F. SF - Socialistisk Folkeparti,Pernille Holm,0,Horsens Kommune,Nej,Nej
kommunalvalg,F. SF - Socialistisk Folkeparti,Pernille Kahr,0,Glostrup Kommune,Nej,Nej
kommunalvalg,F. SF - Socialistisk Folkeparti,Pernille Sevilla Frandsen,31,Dragør Kommune,Nej,Nej
kommunalvalg,F. SF - Socialistisk Folkeparti,"Peter Christensen, Esbjerg",0,Esbjerg Kommune,Nej,Nej
kommunalvalg,F. SF - Socialistisk Folkeparti,Peter Dalsgaard Japa,0,Odense Kommune,Nej,Nej
kommunalvalg,F. SF - Socialistisk Folkeparti,"Peter Esmann, Aarhus C",0,Aarhus Kommune,Nej,Nej
kommunalvalg,F. SF - Socialistisk Folkeparti,Peter Kristiansen,0,Frederiksberg Kommune,Nej,Nej
kommunalvalg,F. SF - Socialistisk Folkeparti,Peter Larsen,0,Aalborg Kommune,Nej,Nej
kommunalvalg,F. SF - Socialistisk Folkeparti,Peter Liltorp,0,Middelfart Kommune,Nej,Nej
kommunalvalg,F. SF - Socialistisk Folkeparti,"Peter Nilsson, Sølager",0,Halsnæs Kommune,Nej,Nej
kommunalvalg,F. SF - Socialistisk Folkeparti,Peter Stig Andersen,0,Ballerup Kommune,Nej,Nej
kommunalvalg,F. SF - Socialistisk Folkeparti,"Peter Wang Langer, Hillerød Midtby",40,Hillerød Kommune,Nej,Nej
kommunalvalg,F. SF - Socialistisk Folkeparti,Philip Laursen,0,Thisted Kommune,Ja,Nej
kommunalvalg,F. SF - Socialistisk Folkeparti,"Philipp Cerny, Toftebjerg",0,Samsø Kommune,Nej,Nej
kommunalvalg,F. SF - Socialistisk Folkeparti,Pia Ellesøe,0,Lemvig Kommune,Nej,Nej
kommunalvalg,F. SF - Socialistisk Folkeparti,"Pia Qvist, Øm",0,Lejre Kommune,Nej,Nej
kommunalvalg,F. SF - Socialistisk Folkeparti,"Pia Søndergaard Jensen, Nyborg",0,Nyborg Kommune,Nej,Nej
kommunalvalg,F. SF - Socialistisk Folkeparti,"Pia Søndergaard Pedersen, Randers C",0,Randers Kommune,Nej,Nej
kommunalvalg,F. SF - Socialistisk Folkeparti,Poul Erik Nørregaard,40,Kolding Kommune,Nej,Nej
kommunalvalg,F. SF - Socialistisk Folkeparti,Poul Gregersen,0,Ringkøbing-Skjern Kommune,Nej,Nej
kommunalvalg,F. SF - Socialistisk Folkeparti,Poul Reher Jensen,0,Gladsaxe Kommune,Nej,Nej
kommunalvalg,F. SF - Socialistisk Folkeparti,Preben Jacobsen,0,Herlev Kommune,Nej,Nej
kommunalvalg,F. SF - Socialistisk Folkeparti,"Randi Jørgensen, Veksø",0,Egedal Kommune,Nej,Nej
kommunalvalg,F. SF - Socialistisk Folkeparti,"Rasmus Byg, Dunkær",18,Ærø Kommune,Nej,Nej
kommunalvalg,F. SF - Socialistisk Folkeparti,"Rasmus Harder Pedersen, Holstebro",0,Holstebro Kommune,Nej,Nej
kommunalvalg,F. SF - Socialistisk Folkeparti,"Rasmus Kallegård, Vordingborg",0,Vordingborg Kommune,Ja,Nej
kommunalvalg,F. SF - Socialistisk Folkeparti,Rasmus Petersen,0,Rudersdal Kommune,Nej,Nej
kommunalvalg,F. SF - Socialistisk Folkeparti,"Rasmus Skovgård Hansen, Stoholm",50,Viborg Kommune,Nej,Nej
kommunalvalg,F. SF - Socialistisk Folkeparti,"Rasmus Sprotte, Rønne",0,Bornholms Regionskommune,Nej,Nej
kommunalvalg,F. SF - Socialistisk Folkeparti,Rasmus Steenberger,0,Københavns Kommune,Nej,Nej
kommunalvalg,F. SF - Socialistisk Folkeparti,"Rasmus T. Mortensen, Sabro",0,Aarhus Kommune,Nej,Nej
kommunalvalg,F. SF - Socialistisk Folkeparti,"Rebekka Borgquist, Ringe",0,Faaborg-Midtfyn Kommune,Nej,Nej
kommunalvalg,F. SF - Socialistisk Folkeparti,"Regitse Dioni Munksgaard, Silkeborg",0,Silkeborg Kommune,Nej,Nej
kommunalvalg,F. SF - Socialistisk Folkeparti,Reinhold Schæfer,0,Ringsted Kommune,Nej,Nej
kommunalvalg,F. SF - Socialistisk Folkeparti,Renette Daneland,0,Fredericia Kommune,Nej,Nej
kommunalvalg,F. SF - Socialistisk Folkeparti,René Hülz,0,Frederiksberg Kommune,Nej,Nej
kommunalvalg,F. SF - Socialistisk Folkeparti,"René Schiøler, Næstved Syd",32,Næstved Kommune,Nej,Nej
kommunalvalg,F. SF - Socialistisk Folkeparti,René Wulff Christensen,0,Frederikshavn Kommune,Nej,Nej
kommunalvalg,F. SF - Socialistisk Folkeparti,Resul Kücükakin,0,Albertslund Kommune,Nej,Nej
kommunalvalg,F. SF - Socialistisk Folkeparti,Ricky Roy Nielsen,0,Vejle Kommune,Nej,Nej
kommunalvalg,F. SF - Socialistisk Folkeparti,"Rie Køppen, Grindsted",0,Billund Kommune,Nej,Nej
kommunalvalg,F. SF - Socialistisk Folkeparti,"Rikke Boje Kristensen, Gødvad",0,Silkeborg Kommune,Nej,Nej
kommunalvalg,F. SF - Socialistisk Folkeparti,"Rikke Macholm, Hillerød Midtby",129,Hillerød Kommune,Nej,Nej
kommunalvalg,F. SF - Socialistisk Folkeparti,Rikke Weng-Ludvigsen,0,Tønder Kommune,Nej,Nej
kommunalvalg,F. SF - Socialistisk Folkeparti,Robin Seeberg,0,Hvidovre Kommune,Ja,Nej
kommunalvalg,F. SF - Socialistisk Folkeparti,"Ronny Roy Nielsen, Stouby",0,Hedensted Kommune,Nej,Nej
kommunalvalg,F. SF - Socialistisk Folkeparti,"Rosa Lykke Yde, Fårup",0,Randers Kommune,Nej,Nej
kommunalvalg,F. SF - Socialistisk Folkeparti,Rune Palm,0,Københavns Kommune,Nej,Nej
kommunalvalg,F. SF - Socialistisk Folkeparti,Said Noor Nabil,0,Hvidovre Kommune,Nej,Nej
kommunalvalg,F. SF - Socialistisk Folkeparti,Samira Akbari,0,Herlev Kommune,Nej,Nej
kommunalvalg,F. SF - Socialistisk Folkeparti,"Sander Jensen, Trøjborg",0,Aarhus Kommune,Nej,Nej
kommunalvalg,F. SF - Socialistisk Folkeparti,"Sandra Winther Aasted, Brøderup",395,Næstved Kommune,Nej,Nej
kommunalvalg,F. SF - Socialistisk Folkeparti,Sanne Abildgaard Svane,0,Horsens Kommune,Nej,Nej
kommunalvalg,F. SF - Socialistisk Folkeparti,Sanne Madsen,97,Rebild Kommune,Nej,Nej
kommunalvalg,F. SF - Socialistisk Folkeparti,Sara Bek,0,Vejle Kommune,Nej,Nej
kommunalvalg,F. SF - Socialistisk Folkeparti,Sara Benzon,0,Hvidovre Kommune,Nej,Nej
kommunalvalg,F. SF - Socialistisk Folkeparti,"Sebastian Bloch Jensen, Gudhjem",0,Bornholms Regionskommune,Nej,Nej
kommunalvalg,F. SF - Socialistisk Folkeparti,"Sebastian Halvorsen, Aarhus N",0,Aarhus Kommune,Ja,Nej
kommunalvalg,F. SF - Socialistisk Folkeparti,Selmer Nielsen,0,Aalborg Kommune,Nej,Nej
kommunalvalg,F. SF - Socialistisk Folkeparti,"Semir Demiri, Holbæk",0,Holbæk Kommune,Nej,Nej
kommunalvalg,F. SF - Socialistisk Folkeparti,Serdal Benli,0,Gladsaxe Kommune,Nej,Nej
kommunalvalg,F. SF - Socialistisk Folkeparti,Sidsel Brøndberg Simonsen,186,Rebild Kommune,Nej,Nej
kommunalvalg,F. SF - Socialistisk Folkeparti,Signe Bergmann,19,Rødovre Kommune,Nej,Nej
kommunalvalg,F. SF - Socialistisk Folkeparti,Signe Ejersbo,0,Gladsaxe Kommune,Nej,Nej
kommunalvalg,F. SF - Socialistisk Folkeparti,"Signe My Scharling Danebod, Randers NØ",0,Randers Kommune,Nej,Nej
kommunalvalg,F. SF - Socialistisk Folkeparti,Signe Nørgaard,0,Tårnby Kommune,Nej,Nej
kommunalvalg,F. SF - Socialistisk Folkeparti,Signe Schløer,0,Allerød Kommune,Nej,Nej
kommunalvalg,F. SF - Socialistisk Folkeparti,"Signe Thy Thomsen, Hadsten",291,Favrskov Kommune,Nej,Nej
kommunalvalg,F. SF - Socialistisk Folkeparti,"Silas Mudoh, Fortunen",0,Lyngby-Taarbæk Kommune,Nej,Nej
kommunalvalg,F. SF - Socialistisk Folkeparti,"Simon Dahl Verner, Hjerting",0,Esbjerg Kommune,Nej,Nej
kommunalvalg,F. SF - Socialistisk Folkeparti,Simon Knudstrup,0,Ballerup Kommune,Nej,Nej
kommunalvalg,F. SF - Socialistisk Folkeparti,"Simon Meyer Off, Ebberup",0,Assens Kommune,Ja,Nej
kommunalvalg,F. SF - Socialistisk Folkeparti,"Simon Tang, Holstebro",0,Holstebro Kommune,Nej,Nej
kommunalvalg,F. SF - Socialistisk Folkeparti,Sisse Marie Welling,0,Københavns Kommune,Nej,Ja
kommunalvalg,F. SF - Socialistisk Folkeparti,Sofie F. Villadsen,0,Hvidovre Kommune,Nej,Nej
kommunalvalg,F. SF - Socialistisk Folkeparti,Sofie Hansen,0,Herlev Kommune,Nej,Nej
kommunalvalg,F. SF - Socialistisk Folkeparti,Sonja Agerbæk,0,Københavns Kommune,Ja,Ja
kommunalvalg,F. SF - Socialistisk Folkeparti,Sophie Bisgaard Farganis,0,Hvidovre Kommune,Nej,Nej
kommunalvalg,F. SF - Socialistisk Folkeparti,Sophie Jensen,120,Morsø Kommune,Nej,Nej
kommunalvalg,F. SF - Socialistisk Folkeparti,Soraya Khan,0,Frederikshavn Kommune,Nej,Nej
kommunalvalg,F. SF - Socialistisk Folkeparti,Steen Hansen,0,Middelfart Kommune,Nej,Nej
kommunalvalg,F. SF - Socialistisk Folkeparti,"Steen Hansen, Slagelse",0,Slagelse Kommune,Nej,Nej
kommunalvalg,F. SF - Socialistisk Folkeparti,"Steen Hemmeshøj, Hårlev",0,Stevns Kommune,Nej,Nej
kommunalvalg,F. SF - Socialistisk Folkeparti,"Steffan Rosenhede Jensen, Løsning",0,Hedensted Kommune,Nej,Nej
kommunalvalg,F. SF - Socialistisk Folkeparti,Stephan Stauersbøl,0,Frederikssund Kommune,Nej,Nej
kommunalvalg,F. SF - Socialistisk Folkeparti,"Stig Thorup, Skælskør",0,Slagelse Kommune,Nej,Nej
kommunalvalg,F. SF - Socialistisk Folkeparti,"Stina Egedius Miller, Søborg",0,Gribskov Kommune,Nej,Nej
kommunalvalg,F. SF - Socialistisk Folkeparti,Stine Nadeem Korsgaard,0,Vallensbæk Kommune,Nej,Nej
kommunalvalg,F. SF - Socialistisk Folkeparti,Sune Hybert,196,Fredensborg Kommune,Nej,Nej
kommunalvalg,F. SF - Socialistisk Folkeparti,"Sune Nors Glad, Kirke Stillinge",0,Slagelse Kommune,Nej,Nej
kommunalvalg,F. SF - Socialistisk Folkeparti,Susan Kroun,40,Kerteminde Kommune,Nej,Nej
kommunalvalg,F. SF - Socialistisk Folkeparti,"Susanne Bech, Trekroner",0,Roskilde Kommune,Nej,Nej
kommunalvalg,F. SF - Socialistisk Folkeparti,"Susanne Blegvad Posselt, Broager",0,Sønderborg Kommune,Nej,Nej
kommunalvalg,F. SF - Socialistisk Folkeparti,"Susanne Borup, Trællerup",0,Lejre Kommune,Nej,Nej
kommunalvalg,F. SF - Socialistisk Folkeparti,"Susanne Kristiansen, Pandrup",0,Jammerbugt Kommune,Nej,Nej
kommunalvalg,F. SF - Socialistisk Folkeparti,"Susanne Mathiesen, Grindsted",0,Billund Kommune,Nej,Nej
kommunalvalg,F. SF - Socialistisk Folkeparti,Susanne Stenstrop Thorsen,484,Kolding Kommune,Nej,Nej
kommunalvalg,F. SF - Socialistisk Folkeparti,"Susanne Østergaard, Sommersted",0,Haderslev Kommune,Nej,Nej
kommunalvalg,F. SF - Socialistisk Folkeparti,Sussie Brandt,0,Glostrup Kommune,Nej,Nej
kommunalvalg,F. SF - Socialistisk Folkeparti,"Suzette Frovin, Nyborg",0,Nyborg Kommune,Nej,Nej
kommunalvalg,F. SF - Socialistisk Folkeparti,Svend Hansen,0,Aalborg Kommune,Nej,Nej
kommunalvalg,F. SF - Socialistisk Folkeparti,Søren Boel,0,Gladsaxe Kommune,Nej,Nej
kommunalvalg,F. SF - Socialistisk Folkeparti,"Søren Frandsen, Grundfør",308,Favrskov Kommune,Nej,Nej
kommunalvalg,F. SF - Socialistisk Folkeparti,Søren Frederiksen,0,Frederikshavn Kommune,Nej,Nej
kommunalvalg,F. SF - Socialistisk Folkeparti,Søren Friborg,0,Odense Kommune,Nej,Nej
kommunalvalg,F. SF - Socialistisk Folkeparti,"Søren Frøstrup-Agger, Ellebæk",0,Holstebro Kommune,Nej,Nej
kommunalvalg,F. SF - Socialistisk Folkeparti,"Søren Herget, Skælskør",0,Slagelse Kommune,Nej,Nej
kommunalvalg,F. SF - Socialistisk Folkeparti,Søren Kjær,0,Frederikshavn Kommune,Nej,Nej
kommunalvalg,F. SF - Socialistisk Folkeparti,Søren L. Christensen,0,Lemvig Kommune,Nej,Nej
kommunalvalg,F. SF - Socialistisk Folkeparti,"Søren Lerche, Tulstrup",1305,Hillerød Kommune,Nej,Nej
kommunalvalg,F. SF - Socialistisk Folkeparti,"Søren Norlander, Vorup",0,Randers Kommune,Nej,Nej
kommunalvalg,F. SF - Socialistisk Folkeparti,"Søren Uhrenholt, Arden",35,Mariagerfjord Kommune,Nej,Nej
kommunalvalg,F. SF - Socialistisk Folkeparti,Søren Visti,0,Frederikshavn Kommune,Nej,Nej
kommunalvalg,F. SF - Socialistisk Folkeparti,Søren Østergaard,12,Rødovre Kommune,Nej,Nej
kommunalvalg,F. SF - Socialistisk Folkeparti,Tage Jørgensen,0,Vejle Kommune,Nej,Nej
kommunalvalg,F. SF - Socialistisk Folkeparti,Taner Genc,0,Ballerup Kommune,Nej,Nej
kommunalvalg,F. SF - Socialistisk Folkeparti,Tanja Lings,0,Herlev Kommune,Nej,Nej
kommunalvalg,F. SF - Socialistisk Folkeparti,"Theis Rubinke Sørensen, Odder",666,Odder Kommune,Nej,Nej
kommunalvalg,F. SF - Socialistisk Folkeparti,Thomas Birket-Smith,0,Aalborg Kommune,Nej,Nej
kommunalvalg,F. SF - Socialistisk Folkeparti,"Thomas D. Sølvsten, Brårup",0,Skive Kommune,Nej,Nej
kommunalvalg,F. SF - Socialistisk Folkeparti,"Thomas Hiorth, Svebølle",0,Kalundborg Kommune,Nej,Nej
kommunalvalg,F. SF - Socialistisk Folkeparti,"Thomas Kjær Nielsen, Rudkøbing",38,Langeland Kommune,Nej,Nej
kommunalvalg,F. SF - Socialistisk Folkeparti,"Thomas Krog, Brønderslev",0,Brønderslev Kommune,Nej,Nej
kommunalvalg,F. SF - Socialistisk Folkeparti,Thomas Lynge Hindborg,24,Dragør Kommune,Nej,Nej
kommunalvalg,F. SF - Socialistisk Folkeparti,"Thomas Medom, Hjortshøj",0,Aarhus Kommune,Nej,Nej
kommunalvalg,F. SF - Socialistisk Folkeparti,Thomas Monberg,0,Gladsaxe Kommune,Nej,Nej
kommunalvalg,F. SF - Socialistisk Folkeparti,Thomas Møller,0,Hvidovre Kommune,Nej,Nej
kommunalvalg,F. SF - Socialistisk Folkeparti,Thomas Warburg,0,Københavns Kommune,Nej,Nej
kommunalvalg,F. SF - Socialistisk Folkeparti,"Thor Andreasen, Vinderup",0,Holstebro Kommune,Ja,Nej
kommunalvalg,F. SF - Socialistisk Folkeparti,"Thor Bay Andersen, Hadsund",99,Mariagerfjord Kommune,Nej,Nej
kommunalvalg,F. SF - Socialistisk Folkeparti,Thorbjørn Larsen,0,Helsingør Kommune,Nej,Nej
kommunalvalg,F. SF - Socialistisk Folkeparti,Thorkild Krejberg,0,Ballerup Kommune,Nej,Nej
kommunalvalg,F. SF - Socialistisk Folkeparti,Thorkild Olesen,0,Thisted Kommune,Nej,Nej
kommunalvalg,F. SF - Socialistisk Folkeparti,Thure Krarup,0,Odense Kommune,Nej,Nej
kommunalvalg,F. SF - Socialistisk Folkeparti,"Timm Bøttger, Sønderborg",0,Sønderborg Kommune,Ja,Nej
kommunalvalg,F. SF - Socialistisk Folkeparti,Timm Larsen,0,Ballerup Kommune,Nej,Nej
kommunalvalg,F. SF - Socialistisk Folkeparti,"Tina Boel, Roskilde",0,Roskilde Kommune,Nej,Nej
kommunalvalg,F. SF - Socialistisk Folkeparti,Tina Kruckow,0,Frederikshavn Kommune,Nej,Nej
kommunalvalg,F. SF - Socialistisk Folkeparti,Tina Lindskov Larsen,0,Glostrup Kommune,Nej,Nej
kommunalvalg,F. SF - Socialistisk Folkeparti,Tina Messaoudi,0,Albertslund Kommune,Nej,Nej
kommunalvalg,F. SF - Socialistisk Folkeparti,Tina Vaarby Laursen,0,Herlev Kommune,Nej,Nej
kommunalvalg,F. SF - Socialistisk Folkeparti,"Tine Toft, Varde",0,Varde Kommune,Nej,Nej
kommunalvalg,F. SF - Socialistisk Folkeparti,Tobias Dabelsteen,0,Guldborgsund Kommune,Nej,Nej
kommunalvalg,F. SF - Socialistisk Folkeparti,"Tobias Harpsøe, Hedehusene",0,Høje-Taastrup Kommune,Nej,Nej
kommunalvalg,F. SF - Socialistisk Folkeparti,Tobias Kaastrup Ørsted,0,Aalborg Kommune,Nej,Nej
kommunalvalg,F. SF - Socialistisk Folkeparti,Tobias Zimling,0,Københavns Kommune,Nej,Nej
kommunalvalg,F. SF - Socialistisk Folkeparti,Tom Jul Jensen,0,Brøndby Kommune,Nej,Nej
kommunalvalg,F. SF - Socialistisk Folkeparti,Tom Weinreich,0,Aalborg Kommune,Nej,Nej
kommunalvalg,F. SF - Socialistisk Folkeparti,Tomas Munch Nielsen,0,Frederiksberg Kommune,Nej,Nej
kommunalvalg,F. SF - Socialistisk Folkeparti,Tomislav S. Sørensen,0,Hvidovre Kommune,Nej,Nej
kommunalvalg,F. SF - Socialistisk Folkeparti,Torben Kjeldsen,0,Odsherred Kommune,Nej,Nej
kommunalvalg,F. SF - Socialistisk Folkeparti,Torben Mamsen,0,Lemvig Kommune,Nej,Nej
kommunalvalg,F. SF - Socialistisk Folkeparti,Torben Petersen,22,Rødovre Kommune,Nej,Nej
kommunalvalg,F. SF - Socialistisk Folkeparti,"Torben Smith, Ringe",0,Faaborg-Midtfyn Kommune,Nej,Nej
kommunalvalg,F. SF - Socialistisk Folkeparti,"Trine Fruergaard Johansen, Brønderslev",0,Brønderslev Kommune,Nej,Nej
kommunalvalg,F. SF - Socialistisk Folkeparti,Trine Gaarde Dahlberg,0,Vejle Kommune,Nej,Nej
kommunalvalg,F. SF - Socialistisk Folkeparti,"Trine Langhoff, Glamsbjerg",0,Assens Kommune,Nej,Nej
kommunalvalg,F. SF - Socialistisk Folkeparti,Trine Rønn,0,Lemvig Kommune,Nej,Nej
kommunalvalg,F. SF - Socialistisk Folkeparti,Trine Stougaard,0,Herlev Kommune,Nej,Nej
kommunalvalg,F. SF - Socialistisk Folkeparti,Trine Winther Schoubye,0,Aalborg Kommune,Nej,Nej
kommunalvalg,F. SF - Socialistisk Folkeparti,"Troels Bjørn, Ranum",24,Vesthimmerlands Kommune,Nej,Nej
kommunalvalg,F. SF - Socialistisk Folkeparti,Troels Stru Schmidt,0,Gladsaxe Kommune,Nej,Nej
kommunalvalg,F. SF - Socialistisk Folkeparti,Tune Revsgaard Nielsen,0,Allerød Kommune,Nej,Nej
kommunalvalg,F. SF - Socialistisk Folkeparti,"Ulla Holm, Langemark",0,Samsø Kommune,Nej,Nej
kommunalvalg,F. SF - Socialistisk Folkeparti,Ulrik Falk-Sørensen,0,Ballerup Kommune,Nej,Nej
kommunalvalg,F. SF - Socialistisk Folkeparti,"Ulrik Pihl, Magleby",156,Langeland Kommune,Nej,Nej
kommunalvalg,F. SF - Socialistisk Folkeparti,"Vagn Hansen, Nr. Lyndelse",0,Faaborg-Midtfyn Kommune,Nej,Nej
kommunalvalg,F. SF - Socialistisk Folkeparti,Vagn Kjær-Hansen,0,Brøndby Kommune,Nej,Nej
kommunalvalg,F. SF - Socialistisk Folkeparti,"Vagn Pedersen, Brårup",0,Skive Kommune,Nej,Nej
kommunalvalg,F. SF - Socialistisk Folkeparti,Vandad Pachai,64,Kolding Kommune,Nej,Nej
kommunalvalg,F. SF - Socialistisk Folkeparti,"Vera Esmann Bonde, Hjartbro",0,Haderslev Kommune,Nej,Nej
kommunalvalg,F. SF - Socialistisk Folkeparti,Vick Sværke Nagele,0,Brøndby Kommune,Nej,Nej
kommunalvalg,F. SF - Socialistisk Folkeparti,Vivi Nør Jacobsen,0,Albertslund Kommune,Nej,Nej
kommunalvalg,F. SF - Socialistisk Folkeparti,Winnie Sørensen,0,Tårnby Kommune,Nej,Nej
kommunalvalg,F. SF - Socialistisk Folkeparti,Yilmaz Yildiz,0,Københavns Kommune,Nej,Nej
kommunalvalg,F. SF - Socialistisk Folkeparti,"Åse Mandøe, Holstebro",0,Holstebro Kommune,Nej,Nej
kommunalvalg,F. SF – Socialistisk Folkeparti,Bente Strager,0,Skanderborg Kommune,Nej,Nej
kommunalvalg,F. SF – Socialistisk Folkeparti,Brian Fuglsang,0,Skanderborg Kommune,Nej,Nej
kommunalvalg,F. SF – Socialistisk Folkeparti,Charlotte Vindeløv,0,Skanderborg Kommune,Nej,Nej
kommunalvalg,F. SF – Socialistisk Folkeparti,Claus Leick,0,Skanderborg Kommune,Nej,Nej
kommunalvalg,F. SF – Socialistisk Folkeparti,Laura Riddersholm,0,Skanderborg Kommune,Nej,Nej
kommunalvalg,F. SF – Socialistisk Folkeparti,Listestemmer,0,Skanderborg Kommune,Nej,Nej
kommunalvalg,F. SF – Socialistisk Folkeparti,Matilde Bjerregaard,0,Skanderborg Kommune,Nej,Nej
kommunalvalg,F. SF – Socialistisk Folkeparti,Ole Juhl Jeppesen,0,Skanderborg Kommune,Nej,Nej
kommunalvalg,F. SF – Socialistisk Folkeparti,Rasmus Wagner,0,Skanderborg Kommune,Nej,Nej
kommunalvalg,F. SF – Socialistisk Folkeparti,Søren Lahn Sloth,0,Skanderborg Kommune,Nej,Nej
kommunalvalg,F. Socialistisk Folkeparti,"Ali Yahya, Tureby",0,Køge Kommune,Nej,Nej
kommunalvalg,F. Socialistisk Folkeparti,Allan Friis,0,Lolland Kommune,Nej,Nej
kommunalvalg,F. Socialistisk Folkeparti,"Allan Thomsen, Nyby",0,Vejen Kommune,Nej,Nej
kommunalvalg,F. Socialistisk Folkeparti,"Almind Spelling-Sørensen, Sunds",0,Herning Kommune,Nej,Nej
kommunalvalg,F. Socialistisk Folkeparti,"Anita Lund Kjær, Kibæk",0,Herning Kommune,Nej,Nej
kommunalvalg,F. Socialistisk Folkeparti,Anne K. Bøge Petersen,0,Struer Kommune,Nej,Nej
kommunalvalg,F. Socialistisk Folkeparti,Anne Melillo,21,Sorø Kommune,Nej,Nej
kommunalvalg,F. Socialistisk Folkeparti,Arne Juel Jensen,30,Sorø Kommune,Nej,Nej
kommunalvalg,F. Socialistisk Folkeparti,Bente Blanné,165,Sorø Kommune,Nej,Nej
kommunalvalg,F. Socialistisk Folkeparti,"Birgitte Brozek, Karlslunde",0,Greve Kommune,Nej,Nej
kommunalvalg,F. Socialistisk Folkeparti,"Bo Niels Rosenberg, Køge Nord",0,Køge Kommune,Nej,Nej
kommunalvalg,F. Socialistisk Folkeparti,Caroline Fischer,0,Furesø Kommune,Nej,Nej
kommunalvalg,F. Socialistisk Folkeparti,"Carsten Jessen, Greve Nord",0,Greve Kommune,Nej,Nej
kommunalvalg,F. Socialistisk Folkeparti,Cecilie Louise Stabell,0,Lolland Kommune,Nej,Nej
kommunalvalg,F. Socialistisk Folkeparti,Claus Jensen,0,Furesø Kommune,Nej,Nej
kommunalvalg,F. Socialistisk Folkeparti,Diana Hemdrup,0,Ishøj Kommune,Nej,Nej
kommunalvalg,F. Socialistisk Folkeparti,"Egon Nykjær, Snejbjerg",0,Herning Kommune,Nej,Nej
kommunalvalg,F. Socialistisk Folkeparti,"Elsebeth Villadsen, Hammerum",0,Herning Kommune,Nej,Nej
kommunalvalg,F. Socialistisk Folkeparti,"Eva Larsen, Karlslunde",0,Greve Kommune,Nej,Nej
kommunalvalg,F. Socialistisk Folkeparti,Frederik Emil Stenbakken,0,Furesø Kommune,Nej,Nej
kommunalvalg,F. Socialistisk Folkeparti,Hanne Christensen,0,Struer Kommune,Nej,Nej
kommunalvalg,F. Socialistisk Folkeparti,"Helle B. Neiiendam, Greve Nord",0,Greve Kommune,Nej,Nej
kommunalvalg,F. Socialistisk Folkeparti,Henrik Rasmussen,5,Sorø Kommune,Nej,Ja
kommunalvalg,F. Socialistisk Folkeparti,Henrik Tyle,0,Furesø Kommune,Nej,Nej
kommunalvalg,F. Socialistisk Folkeparti,Ibrahim Özdemir,0,Ishøj Kommune,Nej,Nej
kommunalvalg,F. Socialistisk Folkeparti,Inette Vintersfjord,96,Sorø Kommune,Nej,Nej
kommunalvalg,F. Socialistisk Folkeparti,"Jacob Guldberg Mortensen, Tjørring",0,Herning Kommune,Nej,Nej
kommunalvalg,F. Socialistisk Folkeparti,"Jakob Dalgas, Køge",0,Køge Kommune,Nej,Nej
kommunalvalg,F. Socialistisk Folkeparti,Jan Kjældgaard,0,Furesø Kommune,Nej,Nej
kommunalvalg,F. Socialistisk Folkeparti,Jeanette Juul Quaade,0,Struer Kommune,Nej,Nej
kommunalvalg,F. Socialistisk Folkeparti,Jens Jørgen Hansen,6,Sorø Kommune,Nej,Nej
kommunalvalg,F. Socialistisk Folkeparti,"Jesper Breddam, Borup",0,Køge Kommune,Nej,Nej
kommunalvalg,F. Socialistisk Folkeparti,"Johnna Stark, Ll. Skensved",0,Køge Kommune,Nej,Nej
kommunalvalg,F. Socialistisk Folkeparti,Kalbiye Yüksel,0,Ishøj Kommune,Nej,Nej
kommunalvalg,F. Socialistisk Folkeparti,Kari Astrid Thynebjerg,0,Furesø Kommune,Nej,Nej
kommunalvalg,F. Socialistisk Folkeparti,"Karina Juul Nielsen, Hammerum",0,Herning Kommune,Nej,Nej
kommunalvalg,F. Socialistisk Folkeparti,Kasper Meng Date,0,Lolland Kommune,Nej,Nej
kommunalvalg,F. Socialistisk Folkeparti,"Kirsten Kronborg, Sunds",0,Herning Kommune,Nej,Nej
kommunalvalg,F. Socialistisk Folkeparti,Lars Christiansen,0,Lolland Kommune,Nej,Nej
kommunalvalg,F. Socialistisk Folkeparti,Lars Diernæs,8,Sorø Kommune,Nej,Nej
kommunalvalg,F. Socialistisk Folkeparti,Lasse Blichfeldt,0,Struer Kommune,Nej,Nej
kommunalvalg,F. Socialistisk Folkeparti,Lasse Christiansen,0,Lolland Kommune,Nej,Nej
kommunalvalg,F. Socialistisk Folkeparti,"Linda Heegaard, Greve Midt",0,Greve Kommune,Nej,Nej
kommunalvalg,F. Socialistisk Folkeparti,Linda Nielsen,351,Sorø Kommune,Nej,Nej
kommunalvalg,F. Socialistisk Folkeparti,Listestemmer,507,Lolland Kommune,Nej,Nej
kommunalvalg,F. Socialistisk Folkeparti,"Maja Roesen, Køge",0,Køge Kommune,Nej,Nej
kommunalvalg,F. Socialistisk Folkeparti,"Maria Christiane Andersen, Vejen",0,Vejen Kommune,Nej,Nej
kommunalvalg,F. Socialistisk Folkeparti,"Marianne H. Thomsen, Læborg Sogn",0,Vejen Kommune,Nej,Nej
kommunalvalg,F. Socialistisk Folkeparti,Marie Hansen,0,Furesø Kommune,Nej,Nej
kommunalvalg,F. Socialistisk Folkeparti,"Marie Ulsdal, Vejen",0,Vejen Kommune,Nej,Nej
kommunalvalg,F. Socialistisk Folkeparti,"Maya Ryom, Vejen",0,Vejen Kommune,Nej,Nej
kommunalvalg,F. Socialistisk Folkeparti,"Michael Thomsen, Herning",0,Herning Kommune,Nej,Nej
kommunalvalg,F. Socialistisk Folkeparti,Michael Torp,2,Sorø Kommune,Nej,Nej
kommunalvalg,F. Socialistisk Folkeparti,Mike Clausen,0,Lolland Kommune,Nej,Nej
kommunalvalg,F. Socialistisk Folkeparti,Morten Suhr,119,Sorø Kommune,Nej,Nej
kommunalvalg,F. Socialistisk Folkeparti,Nanna Rydbirk,0,Lolland Kommune,Nej,Nej
kommunalvalg,F. Socialistisk Folkeparti,Natasha Carstens,0,Ishøj Kommune,Nej,Nej
kommunalvalg,F. Socialistisk Folkeparti,Niels Hilker,84,Sorø Kommune,Nej,Nej
kommunalvalg,F. Socialistisk Folkeparti,"Nora Chmeis, Køge",0,Køge Kommune,Ja,Nej
kommunalvalg,F. Socialistisk Folkeparti,Ole Johansen,0,Struer Kommune,Nej,Nej
kommunalvalg,F. Socialistisk Folkeparti,Ole Krarup,0,Lolland Kommune,Nej,Nej
kommunalvalg,F. Socialistisk Folkeparti,"Palle Rom, St. Salby",0,Køge Kommune,Nej,Nej
kommunalvalg,F. Socialistisk Folkeparti,Per Kim Nielsen,0,Lolland Kommune,Nej,Nej
kommunalvalg,F. Socialistisk Folkeparti,"Per Thorsteinsson, Kølkær",0,Herning Kommune,Nej,Nej
kommunalvalg,F. Socialistisk Folkeparti,Pernille Otto,0,Ishøj Kommune,Nej,Nej
kommunalvalg,F. Socialistisk Folkeparti,Peter Hasle,0,Furesø Kommune,Nej,Nej
kommunalvalg,F. Socialistisk Folkeparti,"Peter Nowack, Tjørring",0,Herning Kommune,Nej,Nej
kommunalvalg,F. Socialistisk Folkeparti,"Peter Vinther, Greve Nord",0,Greve Kommune,Nej,Nej
kommunalvalg,F. Socialistisk Folkeparti,Randi A. Kristensen,0,Furesø Kommune,Nej,Nej
kommunalvalg,F. Socialistisk Folkeparti,Rikke Porting Høffding,0,Ishøj Kommune,Nej,Nej
kommunalvalg,F. Socialistisk Folkeparti,Sami Deniz,0,Ishøj Kommune,Nej,Nej
kommunalvalg,F. Socialistisk Folkeparti,Susan Christensen,0,Furesø Kommune,Nej,Nej
kommunalvalg,F. Socialistisk Folkeparti,"Susanne Østergård, Herning",0,Herning Kommune,Nej,Nej
kommunalvalg,F. Socialistisk Folkeparti,"Susi Søgaard, Ejby",0,Køge Kommune,Nej,Nej
kommunalvalg,F. Socialistisk Folkeparti,"Søren Valentin Prang, Karlslunde",0,Greve Kommune,Nej,Nej
kommunalvalg,F. Socialistisk Folkeparti,Thomas Fabricius,16,Sorø Kommune,Nej,Nej
kommunalvalg,F. Socialistisk Folkeparti,"Thomas Kielgast, Køge",0,Køge Kommune,Nej,Nej
kommunalvalg,F. Socialistisk Folkeparti,"Troels Clausen, Hastrup",0,Køge Kommune,Nej,Nej
kommunalvalg,F. Socialistisk Folkeparti,"Ulla Blok, Sønder Felding",0,Herning Kommune,Nej,Nej
kommunalvalg,F. Socialistisk Folkeparti,"Valdemar Thomsen, Vejen",0,Vejen Kommune,Nej,Nej
kommunalvalg,F. Socialistisk Folkeparti,"Wanda Madsen, Sdr. Hygum",0,Vejen Kommune,Nej,Nej
kommunalvalg,F. Socialistisk Folkeparti,"Yazmin Victoria Madsen, Sdr. Hygum",0,Vejen Kommune,Ja,Nej
kommunalvalg,F. Socialistisk Folkeparti - SF,"Anne-Lise Sievers, Morud",378,Nordfyns Kommune,Nej,Nej
kommunalvalg,F. Socialistisk Folkeparti - SF,"Bent Olsen, Veflinge",36,Nordfyns Kommune,Nej,Nej
kommunalvalg,F. Socialistisk Folkeparti - SF,"Bine Mathiasen, Søndersø",299,Nordfyns Kommune,Nej,Nej
kommunalvalg,F. Socialistisk Folkeparti - SF,"Jannie Frimodt Kruse, Bogense",210,Nordfyns Kommune,Nej,Nej
kommunalvalg,F. Socialistisk Folkeparti - SF,"Lene Granløkke, Bogense",25,Nordfyns Kommune,Nej,Nej
kommunalvalg,F. Socialistisk Folkeparti - SF,Listestemmer,385,Nordfyns Kommune,Nej,Nej
kommunalvalg,F. Socialistisk Folkeparti - SF,"Maja Cecilie Jørgensen, Otterup",83,Nordfyns Kommune,Nej,Nej
kommunalvalg,F. Socialistisk Folkeparti - SF,"Søren Lund Larsen, Egense",75,Nordfyns Kommune,Nej,Nej
kommunalvalg,G. Alssundpartiet,Bruno Clausen,0,Sønderborg Kommune,Nej,Nej
kommunalvalg,G. Alssundpartiet,Listestemmer,0,Sønderborg Kommune,Nej,Nej
kommunalvalg,G. Alssundpartiet,Tom Sivertsen,0,Sønderborg Kommune,Nej,Nej
kommunalvalg,G. Anne Grønlund,Anne Grønlund,13,Dragør Kommune,Nej,Nej
kommunalvalg,G. Anne Grønlund,Listestemmer,7,Dragør Kommune,Nej,Nej
kommunalvalg,G. Dit Guldborgsund,Chris Veber,0,Guldborgsund Kommune,Nej,Nej
kommunalvalg,G. Dit Guldborgsund,Christopher Pedersen,0,Guldborgsund Kommune,Nej,Nej
kommunalvalg,G. Dit Guldborgsund,Jan Østergaard,0,Guldborgsund Kommune,Nej,Nej
kommunalvalg,G. Dit Guldborgsund,Listestemmer,0,Guldborgsund Kommune,Nej,Nej
kommunalvalg,G. Dit Guldborgsund,Michele Ellgaard,0,Guldborgsund Kommune,Nej,Nej
kommunalvalg,G. Dit Guldborgsund,Per Christian Larsen,0,Guldborgsund Kommune,Nej,Nej
kommunalvalg,G. Grøn Kultur,Listestemmer,0,Fredericia Kommune,Nej,Nej
kommunalvalg,G. Grøn Kultur,Preben Hoffmann Rosenberg,0,Fredericia Kommune,Nej,Nej
kommunalvalg,G. Nytgribskov,Adam Audeh,0,Gribskov Kommune,Nej,Nej
kommunalvalg,G. Nytgribskov,Anders Gerner Frost,0,Gribskov Kommune,Nej,Nej
kommunalvalg,G. Nytgribskov,Astrid Recinella,0,Gribskov Kommune,Nej,Nej
kommunalvalg,G. Nytgribskov,Carl Mikael Jespersen,0,Gribskov Kommune,Nej,Nej
kommunalvalg,G. Nytgribskov,Jens Christian Ellekilde,0,Gribskov Kommune,Nej,Nej
kommunalvalg,G. Nytgribskov,Jesper Behrensdorff,0,Gribskov Kommune,Nej,Nej
kommunalvalg,G. Nytgribskov,Listestemmer,0,Gribskov Kommune,Nej,Nej
kommunalvalg,G. Nytgribskov,Morten Rohde Klitgaard,0,Gribskov Kommune,Nej,Nej
kommunalvalg,G. Nytgribskov,Poula Helth,0,Gribskov Kommune,Nej,Nej
kommunalvalg,G. Nytgribskov,Rasmus Stenbo Røpcke,0,Gribskov Kommune,Nej,Nej
kommunalvalg,G. Nytgribskov,Susan Kjeldgaard,0,Gribskov Kommune,Nej,Nej
kommunalvalg,G. Nytgribskov,Søren Maack,0,Gribskov Kommune,Nej,Nej
kommunalvalg,G. Nytgribskov,Thomas Jung,0,Gribskov Kommune,Nej,Nej
kommunalvalg,G. Seniorlisten Hedensted Kommune,"Knud Aage Jensen, Tørring",0,Hedensted Kommune,Nej,Nej
kommunalvalg,G. Seniorlisten Hedensted Kommune,Listestemmer,0,Hedensted Kommune,Nej,Nej
kommunalvalg,G. Stabilt Demokrati,Jørn Jønke Nielsen,0,Odense Kommune,Nej,Nej
kommunalvalg,G. Stabilt Demokrati,Listestemmer,0,Odense Kommune,Nej,Nej
kommunalvalg,G. Stabilt Demokrati,Maria Marinovic,0,Odense Kommune,Nej,Nej
kommunalvalg,I. Liberal Alliance,Adam Villaro Krüger,0,Furesø Kommune,Nej,Nej
kommunalvalg,I. Liberal Alliance,"Aksel Stistrup Nurmisto, Herning",0,Herning Kommune,Nej,Nej
kommunalvalg,I. Liberal Alliance,Alan Pedro Petersen,34,Faxe Kommune,Nej,Nej
kommunalvalg,I. Liberal Alliance,Alexander Nielsen,0,Aarhus Kommune,Nej,Nej
kommunalvalg,I. Liberal Alliance,"Alexander Poder, Haderslev",0,Haderslev Kommune,Nej,Nej
kommunalvalg,I. Liberal Alliance,Alexander Ryle,0,Københavns Kommune,Nej,Nej
kommunalvalg,I. Liberal Alliance,Allan Jespersen,0,Herlev Kommune,Nej,Nej
kommunalvalg,I. Liberal Alliance,"Amalie Svarre, Ballerup",0,Ballerup Kommune,Nej,Nej
kommunalvalg,I. Liberal Alliance,"Anastasia Berg, Horsens",0,Horsens Kommune,Nej,Nej
kommunalvalg,I. Liberal Alliance,"Anders Damsgaard Jensen, Vojens",0,Haderslev Kommune,Nej,Nej
kommunalvalg,I. Liberal Alliance,Anders Gilberg,122,Hillerød Kommune,Nej,Nej
kommunalvalg,I. Liberal Alliance,"Anders Gøthe, Køge Nord",0,Køge Kommune,Nej,Nej
kommunalvalg,I. Liberal Alliance,Anders Hovgaard Møller,0,Lejre Kommune,Nej,Nej
kommunalvalg,I. Liberal Alliance,Anders Kirkeby,0,Odense Kommune,Nej,Nej
kommunalvalg,I. Liberal Alliance,"Anders Nim, Søllerød",0,Rudersdal Kommune,Nej,Nej
kommunalvalg,I. Liberal Alliance,"Andreas Danielsen, Køge C",0,Køge Kommune,Nej,Nej
kommunalvalg,I. Liberal Alliance,Anette Millennium,0,Odense Kommune,Nej,Nej
kommunalvalg,I. Liberal Alliance,Anja Cari,131,Faxe Kommune,Nej,Nej
kommunalvalg,I. Liberal Alliance,"Anja Christine Røgind, Vedbæk",0,Rudersdal Kommune,Nej,Nej
kommunalvalg,I. Liberal Alliance,Ann Oxfeldt,0,Glostrup Kommune,Nej,Nej
kommunalvalg,I. Liberal Alliance,"Ann Skovkær, Revn",0,Norddjurs Kommune,Nej,Nej
kommunalvalg,I. Liberal Alliance,Ann-Louise Petersen,0,Guldborgsund Kommune,Nej,Nej
kommunalvalg,I. Liberal Alliance,Anna-Sofie Elle Skov,0,Ishøj Kommune,Nej,Nej
kommunalvalg,I. Liberal Alliance,Anne Funk,44,Dragør Kommune,Nej,Nej
kommunalvalg,I. Liberal Alliance,Annette Svensson,0,Egedal Kommune,Nej,Nej
kommunalvalg,I. Liberal Alliance,Annitta Andersen,0,Brøndby Kommune,Nej,Nej
kommunalvalg,I. Liberal Alliance,Anton Thomsen,0,Holbæk Kommune,Nej,Nej
kommunalvalg,I. Liberal Alliance,Araz Khan,0,Odense Kommune,Nej,Nej
kommunalvalg,I. Liberal Alliance,"Arne Molberg, Tisvildeleje",0,Gribskov Kommune,Nej,Nej
kommunalvalg,I. Liberal Alliance,Arne Rask,0,Furesø Kommune,Nej,Nej
kommunalvalg,I. Liberal Alliance,Arne V. Andersen,0,Ringkøbing-Skjern Kommune,Nej,Nej
kommunalvalg,I. Liberal Alliance,"Arthur Roberti Kosakian, Gl. Havdrup",0,Solrød Kommune,Nej,Nej
kommunalvalg,I. Liberal Alliance,"Asger Pagh-Emborg, Brædstrup",0,Horsens Kommune,Nej,Nej
kommunalvalg,I. Liberal Alliance,Astrid Frøland,0,Albertslund Kommune,Nej,Nej
kommunalvalg,I. Liberal Alliance,"Benedikte Gyes, Allinge-Sandvig",0,Bornholms Regionskommune,Nej,Nej
kommunalvalg,I. Liberal Alliance,Benjamin Pedersen,0,Odense Kommune,Nej,Nej
kommunalvalg,I. Liberal Alliance,Bent Christensen,0,Hørsholm Kommune,Nej,Nej
kommunalvalg,I. Liberal Alliance,Bettina Palle,0,Frederiksberg Kommune,Nej,Nej
kommunalvalg,I. Liberal Alliance,Birger Bro Christensen,0,Svendborg Kommune,Nej,Nej
kommunalvalg,I. Liberal Alliance,"Birgitte Juel, Blære",97,Vesthimmerlands Kommune,Nej,Nej
kommunalvalg,I. Liberal Alliance,"Birthe Mogensen, Nordrup",0,Ringsted Kommune,Nej,Nej
kommunalvalg,I. Liberal Alliance,Bjarne Nielsen,0,Stevns Kommune,Nej,Nej
kommunalvalg,I. Liberal Alliance,"Bjørn Cronquist, Helsingør",0,Helsingør Kommune,Nej,Nej
kommunalvalg,I. Liberal Alliance,Bo Bangsgaard,0,Egedal Kommune,Nej,Nej
kommunalvalg,I. Liberal Alliance,Bo Jensen,0,Egedal Kommune,Nej,Nej
kommunalvalg,I. Liberal Alliance,"Bo Ritterbusch, Hadsund",282,Mariagerfjord Kommune,Nej,Nej
kommunalvalg,I. Liberal Alliance,"Bo Wieck-Hansen, Tjele",29,Viborg Kommune,Nej,Nej
kommunalvalg,I. Liberal Alliance,"Brian Gellert, Haderslev",0,Haderslev Kommune,Nej,Nej
kommunalvalg,I. Liberal Alliance,"Brian Klarskov, Frederikssund",0,Frederikssund Kommune,Nej,Nej
kommunalvalg,I. Liberal Alliance,Camilla Silfverberg,0,Svendborg Kommune,Nej,Nej
kommunalvalg,I. Liberal Alliance,"Camilla Westengen Bro, Vordingborg",0,Vordingborg Kommune,Nej,Nej
kommunalvalg,I. Liberal Alliance,Camillo Krog,0,Guldborgsund Kommune,Nej,Nej
kommunalvalg,I. Liberal Alliance,"Carl Andersen, Havdrup",0,Solrød Kommune,Nej,Nej
kommunalvalg,I. Liberal Alliance,Carsten Abildtrup Ranum,0,Københavns Kommune,Nej,Nej
kommunalvalg,I. Liberal Alliance,"Carsten Hougaard, Hurup Thy",0,Thisted Kommune,Nej,Nej
kommunalvalg,I. Liberal Alliance,Carsten Kruuse,0,Aarhus Kommune,Nej,Nej
kommunalvalg,I. Liberal Alliance,Carsten Normann,299,Favrskov Kommune,Nej,Nej
kommunalvalg,I. Liberal Alliance,Carsten Zacho,0,Brøndby Kommune,Nej,Nej
kommunalvalg,I. Liberal Alliance,"Casper Andersen, Bov",0,Aabenraa Kommune,Nej,Nej
kommunalvalg,I. Liberal Alliance,Casper Edemann-Nielsen,32,Ikast-Brande Kommune,Nej,Nej
kommunalvalg,I. Liberal Alliance,Casper Larsen,0,Glostrup Kommune,Nej,Nej
kommunalvalg,I. Liberal Alliance,"Casper Søe-Larsen, Nors",0,Thisted Kommune,Nej,Nej
kommunalvalg,I. Liberal Alliance,Casper Værndal,0,Esbjerg Kommune,Nej,Nej
kommunalvalg,I. Liberal Alliance,"Cecilia Kühle Christensen, Skive",0,Skive Kommune,Nej,Nej
kommunalvalg,I. Liberal Alliance,Cecilie Liv Hansen,643,Kolding Kommune,Nej,Nej
kommunalvalg,I. Liberal Alliance,"Charlotte Drue, Jægerspris",0,Frederikssund Kommune,Nej,Nej
kommunalvalg,I. Liberal Alliance,Charlotte Frejlev,0,Københavns Kommune,Nej,Nej
kommunalvalg,I. Liberal Alliance,"Charlotte Hvid Gregersen, Sejs-Svejbæk",0,Silkeborg Kommune,Nej,Nej
kommunalvalg,I. Liberal Alliance,Charlotte Nellemann,0,Tårnby Kommune,Nej,Nej
kommunalvalg,I. Liberal Alliance,"Chelle Lilly Albøge, Frederikssund",0,Frederikssund Kommune,Nej,Nej
kommunalvalg,I. Liberal Alliance,Christian Bergholdt,0,Varde Kommune,Nej,Nej
kommunalvalg,I. Liberal Alliance,Christian Erdmann,0,Københavns Kommune,Nej,Nej
kommunalvalg,I. Liberal Alliance,Christian Estrup,0,Egedal Kommune,Nej,Nej
kommunalvalg,I. Liberal Alliance,Christian Fini,0,Vejle Kommune,Nej,Nej
kommunalvalg,I. Liberal Alliance,"Christian Hauge Lundgaard, Lynge Overdrev",0,Allerød Kommune,Nej,Nej
kommunalvalg,I. Liberal Alliance,"Christian Hoier Porsborg, Sønder Vilstrup",0,Haderslev Kommune,Nej,Nej
kommunalvalg,I. Liberal Alliance,"Christian Højberg, Hillerslev",0,Thisted Kommune,Nej,Nej
kommunalvalg,I. Liberal Alliance,Christian Jørgensen,0,Fredericia Kommune,Nej,Nej
kommunalvalg,I. Liberal Alliance,"Christian Vedsted Riggelsen, Gram",0,Haderslev Kommune,Nej,Nej
kommunalvalg,I. Liberal Alliance,Christiane Falke,0,Odense Kommune,Nej,Nej
kommunalvalg,I. Liberal Alliance,Christina Kokkendoff,119,Kolding Kommune,Nej,Nej
kommunalvalg,I. Liberal Alliance,Clair Marie Archer,34,Syddjurs Kommune,Nej,Nej
kommunalvalg,I. Liberal Alliance,Claus Beck,0,Aalborg Kommune,Nej,Nej
kommunalvalg,I. Liberal Alliance,"Claus Damm Johansen, Broager",0,Sønderborg Kommune,Nej,Nej
kommunalvalg,I. Liberal Alliance,Claus Franck,0,Københavns Kommune,Nej,Nej
kommunalvalg,I. Liberal Alliance,"Claus Helge Nielsen, Grønnehave",0,Helsingør Kommune,Nej,Nej
kommunalvalg,I. Liberal Alliance,Claus Hjort,0,Greve Kommune,Nej,Nej
kommunalvalg,I. Liberal Alliance,Claus Jensen,0,Guldborgsund Kommune,Nej,Nej
kommunalvalg,I. Liberal Alliance,"Claus Lorenzen, Bov",0,Aabenraa Kommune,Nej,Nej
kommunalvalg,I. Liberal Alliance,Claus Opstrup Olesen,0,Holstebro Kommune,Nej,Nej
kommunalvalg,I. Liberal Alliance,"Conrad Severin, Hasle",0,Bornholms Regionskommune,Nej,Nej
kommunalvalg,I. Liberal Alliance,"Dag Kristiansen, Ørsted",0,Norddjurs Kommune,Nej,Nej
kommunalvalg,I. Liberal Alliance,"Dan Gaardboe Rueskov, Horne",217,Hjørring Kommune,Nej,Nej
kommunalvalg,I. Liberal Alliance,Dan Mathiesen,36,Kerteminde Kommune,Nej,Nej
kommunalvalg,I. Liberal Alliance,"Daniel Bidstrup Nielsen, Jersie Landsby",0,Solrød Kommune,Nej,Nej
kommunalvalg,I. Liberal Alliance,Daniel Elmann,0,Roskilde Kommune,Nej,Nej
kommunalvalg,I. Liberal Alliance,David Ibsen,0,Gladsaxe Kommune,Nej,Nej
kommunalvalg,I. Liberal Alliance,"David Skov, Kværndrup",0,Faaborg-Midtfyn Kommune,Nej,Nej
kommunalvalg,I. Liberal Alliance,"Dennis Baarup, Harridslev",0,Randers Kommune,Nej,Nej
kommunalvalg,I. Liberal Alliance,Dennis Paaske,82,Kolding Kommune,Nej,Nej
kommunalvalg,I. Liberal Alliance,"Diana Sofie Beurze, Hornborg",0,Hedensted Kommune,Nej,Nej
kommunalvalg,I. Liberal Alliance,Dorte Svane,0,Kalundborg Kommune,Nej,Nej
kommunalvalg,I. Liberal Alliance,Ea Ascanius,0,Holbæk Kommune,Nej,Nej
kommunalvalg,I. Liberal Alliance,Eddie Blix,0,Tårnby Kommune,Nej,Nej
kommunalvalg,I. Liberal Alliance,Edith Thingstrup,0,Egedal Kommune,Nej,Nej
kommunalvalg,I. Liberal Alliance,Elias Nybye,0,Greve Kommune,Nej,Nej
kommunalvalg,I. Liberal Alliance,Elisabeth Stieper Tofte,108,Hillerød Kommune,Nej,Nej
kommunalvalg,I. Liberal Alliance,"Emil Blücher, Jersie Strand",0,Solrød Kommune,Nej,Nej
kommunalvalg,I. Liberal Alliance,"Emil Munk Koust Hansen, Grenaa",0,Norddjurs Kommune,Nej,Nej
kommunalvalg,I. Liberal Alliance,Emil Sommer,0,Odense Kommune,Nej,Nej
kommunalvalg,I. Liberal Alliance,Emma Klug,0,Greve Kommune,Nej,Nej
kommunalvalg,I. Liberal Alliance,Emma Rasmussen,29,Faxe Kommune,Nej,Nej
kommunalvalg,I. Liberal Alliance,Erling Høj Sørensen,62,Favrskov Kommune,Nej,Nej
kommunalvalg,I. Liberal Alliance,"Fillippa Gottlieb, Blovstrød",0,Allerød Kommune,Nej,Nej
kommunalvalg,I. Liberal Alliance,Flemming Sørensen,0,Holbæk Kommune,Nej,Nej
kommunalvalg,I. Liberal Alliance,"Flemming Warhøi, Solrød Strand",0,Solrød Kommune,Nej,Nej
kommunalvalg,I. Liberal Alliance,Frank Clausen,0,Ishøj Kommune,Nej,Nej
kommunalvalg,I. Liberal Alliance,"Freddy Bucka Andresen, Tønder",0,Tønder Kommune,Nej,Nej
kommunalvalg,I. Liberal Alliance,Frederik Blicher Pedersen,0,Aalborg Kommune,Nej,Nej
kommunalvalg,I. Liberal Alliance,Frederik Damgaard,0,Greve Kommune,Nej,Nej
kommunalvalg,I. Liberal Alliance,Frederik Grünfeld,0,Holbæk Kommune,Nej,Nej
kommunalvalg,I. Liberal Alliance,"Frederik Klakk, Sydals",0,Sønderborg Kommune,Nej,Nej
kommunalvalg,I. Liberal Alliance,Frederik Lauenborg Johnsen,0,Høje-Taastrup Kommune,Nej,Nej
kommunalvalg,I. Liberal Alliance,"Frederik Max Krag, Køge",0,Køge Kommune,Nej,Nej
kommunalvalg,I. Liberal Alliance,Frederik Siliam,0,Gladsaxe Kommune,Nej,Nej
kommunalvalg,I. Liberal Alliance,Frederik Tuxen Bjerrum,0,Frederiksberg Kommune,Nej,Nej
kommunalvalg,I. Liberal Alliance,"Frederik Wulle, Marstal",84,Ærø Kommune,Nej,Nej
kommunalvalg,I. Liberal Alliance,Gert Løvgreen Heglund,68,Gentofte Kommune,Nej,Nej
kommunalvalg,I. Liberal Alliance,Gitte Grønbæk,962,Kolding Kommune,Nej,Nej
kommunalvalg,I. Liberal Alliance,Gitte Holm-Jensen,83,Sorø Kommune,Nej,Nej
kommunalvalg,I. Liberal Alliance,"Gitte Søe-Larsen, Nors",0,Thisted Kommune,Nej,Nej
kommunalvalg,I. Liberal Alliance,"Gregers Maglekær, Slagelse",0,Slagelse Kommune,Nej,Nej
kommunalvalg,I. Liberal Alliance,Gustav Stig Ansdal,0,Vallensbæk Kommune,Nej,Nej
kommunalvalg,I. Liberal Alliance,Gustav Wilde,0,Svendborg Kommune,Nej,Nej
kommunalvalg,I. Liberal Alliance,HP Beck,0,Aalborg Kommune,Nej,Nej
kommunalvalg,I. Liberal Alliance,Hanne Bjørn,0,Herlev Kommune,Nej,Nej
kommunalvalg,I. Liberal Alliance,Hanne Gram,23,Favrskov Kommune,Nej,Nej
kommunalvalg,I. Liberal Alliance,Hans Bak,0,Holstebro Kommune,Nej,Nej
kommunalvalg,I. Liberal Alliance,Hans Christian Fürstenheim,0,Egedal Kommune,Nej,Nej
kommunalvalg,I. Liberal Alliance,Hans Christian Nordahl,107,Hillerød Kommune,Nej,Nej
kommunalvalg,I. Liberal Alliance,Hans Dahl-Nielsen,0,Lyngby-Taarbæk Kommune,Nej,Nej
kommunalvalg,I. Liberal Alliance,"Hasse Kristensen, Frederikssund",0,Frederikssund Kommune,Nej,Nej
kommunalvalg,I. Liberal Alliance,Hasse Smedegaard,168,Kolding Kommune,Nej,Nej
kommunalvalg,I. Liberal Alliance,Hector Kristiansen,0,Lejre Kommune,Nej,Nej
kommunalvalg,I. Liberal Alliance,Helene Lykke,0,Fredericia Kommune,Nej,Nej
kommunalvalg,I. Liberal Alliance,Helge Olesen,0,Odense Kommune,Nej,Nej
kommunalvalg,I. Liberal Alliance,"Helge Wedel, Korsør",0,Slagelse Kommune,Nej,Nej
kommunalvalg,I. Liberal Alliance,Helle Abild,323,Fredensborg Kommune,Nej,Nej
kommunalvalg,I. Liberal Alliance,"Helle Have, Haderslev",0,Haderslev Kommune,Nej,Nej
kommunalvalg,I. Liberal Alliance,"Helle Jensen, Viborg",119,Viborg Kommune,Nej,Nej
kommunalvalg,I. Liberal Alliance,Helle Kruuse,0,Lyngby-Taarbæk Kommune,Nej,Nej
kommunalvalg,I. Liberal Alliance,Helle Laursen Petersen,0,Kalundborg Kommune,Nej,Nej
kommunalvalg,I. Liberal Alliance,"Helle Lund, Helsinge",0,Gribskov Kommune,Nej,Nej
kommunalvalg,I. Liberal Alliance,"Henning Munkholm Eriksen, Randers",0,Randers Kommune,Nej,Nej
kommunalvalg,I. Liberal Alliance,Henrik Arens,0,Aarhus Kommune,Nej,Nej
kommunalvalg,I. Liberal Alliance,"Henrik Boye, Solrød Strand",0,Solrød Kommune,Nej,Nej
kommunalvalg,I. Liberal Alliance,Henrik Christiansen,317,Ikast-Brande Kommune,Nej,Nej
kommunalvalg,I. Liberal Alliance,Henrik Drachmann Kolding,0,Hørsholm Kommune,Nej,Nej
kommunalvalg,I. Liberal Alliance,Henrik Dynesen,109,Sorø Kommune,Nej,Nej
kommunalvalg,I. Liberal Alliance,Henrik Holleufer,0,Hvidovre Kommune,Nej,Nej
kommunalvalg,I. Liberal Alliance,Henrik Karl Hierl,0,Frederiksberg Kommune,Nej,Nej
kommunalvalg,I. Liberal Alliance,Henrik Mossner,42,Næstved Kommune,Nej,Nej
kommunalvalg,I. Liberal Alliance,Henrik Murmann,0,Frederiksberg Kommune,Nej,Nej
kommunalvalg,I. Liberal Alliance,Henrik Schwartz,0,Egedal Kommune,Nej,Nej
kommunalvalg,I. Liberal Alliance,Henrik Steen Kademann,0,Albertslund Kommune,Nej,Nej
kommunalvalg,I. Liberal Alliance,"Henrik Thomsen, Allindemagle",0,Ringsted Kommune,Nej,Nej
kommunalvalg,I. Liberal Alliance,Henrik Viholm,0,Aalborg Kommune,Nej,Nej
kommunalvalg,I. Liberal Alliance,Henrik Weinholt,9,Rødovre Kommune,Nej,Nej
kommunalvalg,I. Liberal Alliance,"Holger Mikkelsen, Simmersted",0,Haderslev Kommune,Nej,Nej
kommunalvalg,I. Liberal Alliance,Ian Møller Borup,0,Vejle Kommune,Nej,Nej
kommunalvalg,I. Liberal Alliance,Inge Storm,0,Furesø Kommune,Nej,Nej
kommunalvalg,I. Liberal Alliance,"Ivonne Schlitterlau Jørgensen, Holbøl",0,Aabenraa Kommune,Nej,Nej
kommunalvalg,I. Liberal Alliance,JP Siliam Nissen Kristensen,0,Gladsaxe Kommune,Nej,Nej
kommunalvalg,I. Liberal Alliance,Jacob Jensen,162,Næstved Kommune,Nej,Nej
kommunalvalg,I. Liberal Alliance,Jacob Kampman,0,Aarhus Kommune,Nej,Nej
kommunalvalg,I. Liberal Alliance,Jacob Sjørslev-Østergaard,0,Ringkøbing-Skjern Kommune,Nej,Nej
kommunalvalg,I. Liberal Alliance,Jacob Sorgenfri,38,Kolding Kommune,Nej,Nej
kommunalvalg,I. Liberal Alliance,"Jacob Winther, Køge C",0,Køge Kommune,Nej,Nej
kommunalvalg,I. Liberal Alliance,Jacob van Dijk,0,Holbæk Kommune,Nej,Nej
kommunalvalg,I. Liberal Alliance,Jacqueline Kristensen,0,Gladsaxe Kommune,Nej,Nej
kommunalvalg,I. Liberal Alliance,"Jakob Bille, Stensballe",0,Horsens Kommune,Nej,Nej
kommunalvalg,I. Liberal Alliance,"Jakob Helles, Præstø",0,Vordingborg Kommune,Nej,Nej
kommunalvalg,I. Liberal Alliance,"Jakob Møller-Pedersen, Ringsted",0,Ringsted Kommune,Nej,Nej
kommunalvalg,I. Liberal Alliance,Jakob Nørgaard,9,Sorø Kommune,Nej,Nej
kommunalvalg,I. Liberal Alliance,"Jan Beck-Nielsen, Hvinningdal",0,Silkeborg Kommune,Nej,Nej
kommunalvalg,I. Liberal Alliance,Jan Bymark,0,Herlev Kommune,Nej,Nej
kommunalvalg,I. Liberal Alliance,Jan Pieler,0,Middelfart Kommune,Nej,Nej
kommunalvalg,I. Liberal Alliance,"Janne Wølke Friis Søgnen, Guderup",0,Sønderborg Kommune,Nej,Nej
kommunalvalg,I. Liberal Alliance,"Jannie Leth Christensen, Højslev",0,Skive Kommune,Nej,Nej
kommunalvalg,I. Liberal Alliance,Janus Skov,164,Kerteminde Kommune,Nej,Nej
kommunalvalg,I. Liberal Alliance,Jasmin Gravang,0,Vallensbæk Kommune,Nej,Nej
kommunalvalg,I. Liberal Alliance,"Jenees Gunatheeswaran, Nykøbing Sj.",0,Odsherred Kommune,Nej,Nej
kommunalvalg,I. Liberal Alliance,Jennifer Barner Nielsen,24,Kolding Kommune,Nej,Nej
kommunalvalg,I. Liberal Alliance,"Jens Chr. Nielsen, Hostrupskov",0,Aabenraa Kommune,Nej,Nej
kommunalvalg,I. Liberal Alliance,Jens Kier,0,Københavns Kommune,Nej,Nej
kommunalvalg,I. Liberal Alliance,"Jens Laurids Sørensen, Skærbæk",0,Tønder Kommune,Nej,Nej
kommunalvalg,I. Liberal Alliance,Jes Holm,0,Hørsholm Kommune,Nej,Nej
kommunalvalg,I. Liberal Alliance,"Jesper Falkenløve, Vedsted",0,Haderslev Kommune,Nej,Nej
kommunalvalg,I. Liberal Alliance,"Jesper Leth, Ramløse",0,Gribskov Kommune,Nej,Nej
kommunalvalg,I. Liberal Alliance,"Jesper Pilgaard Koldsø, Galten-Skovby",0,Skanderborg Kommune,Nej,Nej
kommunalvalg,I. Liberal Alliance,"Jesper Skovhus, Rudkøbing",174,Langeland Kommune,Nej,Nej
kommunalvalg,I. Liberal Alliance,"Jesper Trommer Volf, Holte",0,Rudersdal Kommune,Nej,Nej
kommunalvalg,I. Liberal Alliance,Jimmy Abel Nielsen,0,Aalborg Kommune,Nej,Nej
kommunalvalg,I. Liberal Alliance,Joachim Riis,0,Lejre Kommune,Nej,Nej
kommunalvalg,I. Liberal Alliance,Joakim Madsen,0,Frederikshavn Kommune,Nej,Nej
kommunalvalg,I. Liberal Alliance,"Joakim Reingaard, Fårevejle",0,Odsherred Kommune,Nej,Nej
kommunalvalg,I. Liberal Alliance,Joanne Bywater,0,Københavns Kommune,Nej,Nej
kommunalvalg,I. Liberal Alliance,Johan Løvengreen,0,Herlev Kommune,Nej,Nej
kommunalvalg,I. Liberal Alliance,"Johan Thorup, Hundested",0,Halsnæs Kommune,Nej,Nej
kommunalvalg,I. Liberal Alliance,"Johannes Grand, Skovlunde",0,Ballerup Kommune,Nej,Nej
kommunalvalg,I. Liberal Alliance,"Johannes Joyce, Helsingør",0,Helsingør Kommune,Nej,Nej
kommunalvalg,I. Liberal Alliance,John Axelsen,102,Næstved Kommune,Nej,Nej
kommunalvalg,I. Liberal Alliance,John Michael Jensen,0,Københavns Kommune,Nej,Nej
kommunalvalg,I. Liberal Alliance,John Rasmussen,0,Fredericia Kommune,Nej,Nej
kommunalvalg,I. Liberal Alliance,"Jonas Danielsen, Køge C",0,Køge Kommune,Nej,Nej
kommunalvalg,I. Liberal Alliance,"Jonas Fjeldsted, Viborg",40,Viborg Kommune,Nej,Nej
kommunalvalg,I. Liberal Alliance,"Jonas Petersen, Slagelse",0,Slagelse Kommune,Nej,Nej
kommunalvalg,I. Liberal Alliance,Jonathan Claudius Tengmark,0,Aarhus Kommune,Nej,Nej
kommunalvalg,I. Liberal Alliance,"Josefine Zara Rasmussen, Rudkøbing",29,Langeland Kommune,Nej,Nej
kommunalvalg,I. Liberal Alliance,Joseph Favilla,0,Frederiksberg Kommune,Nej,Nej
kommunalvalg,I. Liberal Alliance,Julie Kaalund,0,Aarhus Kommune,Nej,Nej
kommunalvalg,I. Liberal Alliance,Julie Kleis,258,Næstved Kommune,Nej,Nej
kommunalvalg,I. Liberal Alliance,Julie Korfitsen Weinholt,139,Rødovre Kommune,Nej,Nej
kommunalvalg,I. Liberal Alliance,Julie Maimann,0,Stevns Kommune,Nej,Nej
kommunalvalg,I. Liberal Alliance,"Julie Meyer Memborg, Møn",0,Vordingborg Kommune,Nej,Nej
kommunalvalg,I. Liberal Alliance,Jørgen Barner Jespersen,0,Lolland Kommune,Nej,Nej
kommunalvalg,I. Liberal Alliance,Jørgen Gram,0,Esbjerg Kommune,Nej,Nej
kommunalvalg,I. Liberal Alliance,Kaj Fischer Holm,0,Aarhus Kommune,Nej,Nej
kommunalvalg,I. Liberal Alliance,Karen West,0,Københavns Kommune,Nej,Nej
kommunalvalg,I. Liberal Alliance,Karl Iver Dahl-Madsen,44,Gentofte Kommune,Nej,Nej
kommunalvalg,I. Liberal Alliance,Karsten Eckert,0,Hørsholm Kommune,Nej,Nej
kommunalvalg,I. Liberal Alliance,Karsten Jul Brædder,9,Dragør Kommune,Nej,Nej
kommunalvalg,I. Liberal Alliance,"Kasper Heebøll Harboe, Hornbæk",0,Helsingør Kommune,Nej,Nej
kommunalvalg,I. Liberal Alliance,"Kasper Kjær Jensen, Vejen",0,Vejen Kommune,Nej,Nej
kommunalvalg,I. Liberal Alliance,Kasper Lindholm,0,Vejle Kommune,Nej,Nej
kommunalvalg,I. Liberal Alliance,Kasper Schneider,1296,Næstved Kommune,Nej,Nej
kommunalvalg,I. Liberal Alliance,Kathrine Jäger,30,Kerteminde Kommune,Nej,Nej
kommunalvalg,I. Liberal Alliance,Ken Remontius,2,Rødovre Kommune,Nej,Nej
kommunalvalg,I. Liberal Alliance,Kenneth Ettrup Hansen,0,Vejle Kommune,Nej,Nej
kommunalvalg,I. Liberal Alliance,Kenneth Hammer,0,Aalborg Kommune,Nej,Nej
kommunalvalg,I. Liberal Alliance,Kenneth Merkel,0,Kalundborg Kommune,Nej,Nej
kommunalvalg,I. Liberal Alliance,"Kenneth Storm, Aulum",0,Herning Kommune,Nej,Nej
kommunalvalg,I. Liberal Alliance,Kenni Lars Rasmussen,11,Faxe Kommune,Nej,Nej
kommunalvalg,I. Liberal Alliance,"Kent Budolfsen, Lørslev",84,Hjørring Kommune,Nej,Nej
kommunalvalg,I. Liberal Alliance,Kim Alexander Jensen,0,Varde Kommune,Nej,Nej
kommunalvalg,I. Liberal Alliance,"Kim Bækdal Agerley, Gråsten",0,Sønderborg Kommune,Nej,Nej
kommunalvalg,I. Liberal Alliance,"Kim Gaarsdahl, Hobro",103,Mariagerfjord Kommune,Nej,Nej
kommunalvalg,I. Liberal Alliance,Kim Hvirgel,0,Lyngby-Taarbæk Kommune,Nej,Nej
kommunalvalg,I. Liberal Alliance,"Kim Jensen, Hundested",0,Halsnæs Kommune,Nej,Nej
kommunalvalg,I. Liberal Alliance,"Kira Danholm, Snekkersten",0,Helsingør Kommune,Nej,Nej
kommunalvalg,I. Liberal Alliance,Kirsten Krogh Petersen,0,Roskilde Kommune,Nej,Nej
kommunalvalg,I. Liberal Alliance,Klaus Hjulmand,0,Frederikshavn Kommune,Nej,Nej
kommunalvalg,I. Liberal Alliance,Klaus Kristiansen,0,Lejre Kommune,Nej,Nej
kommunalvalg,I. Liberal Alliance,"Knud Bruun Poulsen, Måløv",0,Ballerup Kommune,Nej,Nej
kommunalvalg,I. Liberal Alliance,Kris Straarup Jensen,0,Middelfart Kommune,Nej,Nej
kommunalvalg,I. Liberal Alliance,"Kristian Olesen, Sparkær",264,Viborg Kommune,Nej,Nej
kommunalvalg,I. Liberal Alliance,"Kurt Vind Christiansen, Juelsminde",0,Hedensted Kommune,Nej,Nej
kommunalvalg,I. Liberal Alliance,"Lars Appel, Kjellerup",0,Silkeborg Kommune,Nej,Nej
kommunalvalg,I. Liberal Alliance,"Lars Axel Nielsen, Gjerlev",0,Randers Kommune,Nej,Nej
kommunalvalg,I. Liberal Alliance,Lars Barthold Hansen,0,Stevns Kommune,Nej,Nej
kommunalvalg,I. Liberal Alliance,Lars Berg Andersen,0,Frederiksberg Kommune,Nej,Nej
kommunalvalg,I. Liberal Alliance,Lars Bo Jensen,22,Kerteminde Kommune,Nej,Nej
kommunalvalg,I. Liberal Alliance,Lars Glade,22,Rødovre Kommune,Nej,Nej
kommunalvalg,I. Liberal Alliance,Lars Hansen,68,Ikast-Brande Kommune,Nej,Nej
kommunalvalg,I. Liberal Alliance,"Lars Høyer Holmqvist, Ubberød - Brådebæk",0,Rudersdal Kommune,Nej,Nej
kommunalvalg,I. Liberal Alliance,Lars Langhoff,0,Gladsaxe Kommune,Nej,Nej
kommunalvalg,I. Liberal Alliance,Lars Lillebæk,0,Assens Kommune,Nej,Nej
kommunalvalg,I. Liberal Alliance,"Lars Lund Hansen, Skærbæk",0,Tønder Kommune,Nej,Nej
kommunalvalg,I. Liberal Alliance,"Lars Mogensen, Bigum",813,Viborg Kommune,Nej,Nej
kommunalvalg,I. Liberal Alliance,"Lars Rem, Hvalpsund",223,Vesthimmerlands Kommune,Nej,Nej
kommunalvalg,I. Liberal Alliance,Lars Søndertoft Nielsen,0,Holstebro Kommune,Nej,Nej
kommunalvalg,I. Liberal Alliance,"Lars Tarnak, Snøde",16,Langeland Kommune,Nej,Nej
kommunalvalg,I. Liberal Alliance,Lars Vibæk Pedersen,0,Gladsaxe Kommune,Nej,Nej
kommunalvalg,I. Liberal Alliance,Lars Winther,0,Egedal Kommune,Nej,Nej
kommunalvalg,I. Liberal Alliance,Lars-Christian Brask,0,Roskilde Kommune,Nej,Nej
kommunalvalg,I. Liberal Alliance,Lasse Guldberg Christensen,31,Faxe Kommune,Nej,Nej
kommunalvalg,I. Liberal Alliance,Lasse Holt,0,Lyngby-Taarbæk Kommune,Nej,Nej
kommunalvalg,I. Liberal Alliance,Lasse Jepsen,0,Ringkøbing-Skjern Kommune,Nej,Nej
kommunalvalg,I. Liberal Alliance,Lasse Mandal,0,Københavns Kommune,Nej,Nej
kommunalvalg,I. Liberal Alliance,Lasse Rask Jensen,0,Kalundborg Kommune,Nej,Nej
kommunalvalg,I. Liberal Alliance,Laura Emilie Fabricius-Lauritzen,0,Københavns Kommune,Nej,Nej
kommunalvalg,I. Liberal Alliance,Lauritz Møller Larsen,0,Assens Kommune,Nej,Nej
kommunalvalg,I. Liberal Alliance,"Leif Bode Nielsen, Bogense",33,Nordfyns Kommune,Nej,Nej
kommunalvalg,I. Liberal Alliance,"Lene Foged, Stoholm",327,Viborg Kommune,Nej,Nej
kommunalvalg,I. Liberal Alliance,Lennart Hartmann,0,Ishøj Kommune,Nej,Nej
kommunalvalg,I. Liberal Alliance,"Leo Jørgensen, Hundborg",0,Thisted Kommune,Nej,Nej
kommunalvalg,I. Liberal Alliance,Lillian Jørgensen,0,Ringkøbing-Skjern Kommune,Nej,Nej
kommunalvalg,I. Liberal Alliance,"Linda Andrea, Skanderborg",0,Skanderborg Kommune,Nej,Nej
kommunalvalg,I. Liberal Alliance,"Linda Rothman, Gram",0,Haderslev Kommune,Nej,Nej
kommunalvalg,I. Liberal Alliance,"Linda Vestergaard Møller, Karlstrup Strand",0,Solrød Kommune,Nej,Nej
kommunalvalg,I. Liberal Alliance,Line Østergaard Olsen,0,Frederiksberg Kommune,Nej,Nej
kommunalvalg,I. Liberal Alliance,Lisa Castro Jensen,0,Struer Kommune,Nej,Nej
kommunalvalg,I. Liberal Alliance,Lisa Perkins,316,Favrskov Kommune,Nej,Nej
kommunalvalg,I. Liberal Alliance,Lisa Walther Holm,0,Hørsholm Kommune,Nej,Nej
kommunalvalg,I. Liberal Alliance,Listestemmer,9538,Aalborg Kommune,Nej,Nej
kommunalvalg,I. Liberal Alliance,Lotte Hansen,0,Fredericia Kommune,Nej,Nej
kommunalvalg,I. Liberal Alliance,"Lotte Kristine Højgaard de Blanck, Slangerup",0,Ringsted Kommune,Nej,Nej
kommunalvalg,I. Liberal Alliance,"Louie Andersen, Slagelse",0,Slagelse Kommune,Nej,Nej
kommunalvalg,I. Liberal Alliance,Louise Mejnert Ferslev,0,Middelfart Kommune,Nej,Nej
kommunalvalg,I. Liberal Alliance,"Louise Meulengracht, Randers SØ",0,Randers Kommune,Nej,Nej
kommunalvalg,I. Liberal Alliance,Louise Svenstrup,0,Aarhus Kommune,Nej,Nej
kommunalvalg,I. Liberal Alliance,Lucas Tanski,0,Odense Kommune,Nej,Nej
kommunalvalg,I. Liberal Alliance,"Lukas L. Leszczynski, Hanstholm",0,Thisted Kommune,Nej,Nej
kommunalvalg,I. Liberal Alliance,Madeleine Scanlon,20,Fredensborg Kommune,Nej,Nej
kommunalvalg,I. Liberal Alliance,Mads Brenøe,0,Lejre Kommune,Nej,Nej
kommunalvalg,I. Liberal Alliance,Mads Cort,0,Svendborg Kommune,Nej,Nej
kommunalvalg,I. Liberal Alliance,Mads Emil Holleufer,0,Hvidovre Kommune,Nej,Nej
kommunalvalg,I. Liberal Alliance,"Magnus Nielsen, Tørring",0,Hedensted Kommune,Nej,Nej
kommunalvalg,I. Liberal Alliance,Maja Bendtsen,87,Syddjurs Kommune,Nej,Nej
kommunalvalg,I. Liberal Alliance,"Maja Burø Redke, Benløse",0,Ringsted Kommune,Nej,Nej
kommunalvalg,I. Liberal Alliance,"Maja O. Becker, Kulhuse",0,Frederikssund Kommune,Nej,Nej
kommunalvalg,I. Liberal Alliance,Majken Andersen,0,Middelfart Kommune,Nej,Nej
kommunalvalg,I. Liberal Alliance,Malte Jäger,921,Kerteminde Kommune,Nej,Nej
kommunalvalg,I. Liberal Alliance,"Marc Bangert, Vojens",0,Haderslev Kommune,Nej,Nej
kommunalvalg,I. Liberal Alliance,Marc Dreier,23,Kolding Kommune,Nej,Nej
kommunalvalg,I. Liberal Alliance,"Marcus Andersen, Padborg",0,Aabenraa Kommune,Nej,Nej
kommunalvalg,I. Liberal Alliance,"Marcus Appel, Frederikssund Nord",0,Frederikssund Kommune,Nej,Nej
kommunalvalg,I. Liberal Alliance,"Margrethe Kjellberg, Rønne",0,Bornholms Regionskommune,Nej,Nej
kommunalvalg,I. Liberal Alliance,Maria Dahl,0,Hørsholm Kommune,Nej,Nej
kommunalvalg,I. Liberal Alliance,Maria Desdorf Nissen,0,Glostrup Kommune,Nej,Nej
kommunalvalg,I. Liberal Alliance,Maria Kongsaa,0,Roskilde Kommune,Nej,Nej
kommunalvalg,I. Liberal Alliance,"Maria Nielsen, Thisted",0,Thisted Kommune,Nej,Nej
kommunalvalg,I. Liberal Alliance,Maria Reneé Schwartz,0,Egedal Kommune,Nej,Nej
kommunalvalg,I. Liberal Alliance,"Marianne Porsborg, Ferslev",0,Frederikssund Kommune,Nej,Nej
kommunalvalg,I. Liberal Alliance,"Marie Holmgaard, Morud",268,Nordfyns Kommune,Nej,Nej
kommunalvalg,I. Liberal Alliance,"Marie Louise Pedersen, Bogense",99,Nordfyns Kommune,Nej,Nej
kommunalvalg,I. Liberal Alliance,Marlene Frandsen,0,Glostrup Kommune,Nej,Nej
kommunalvalg,I. Liberal Alliance,Martin Findahl Amby,0,Hvidovre Kommune,Nej,Nej
kommunalvalg,I. Liberal Alliance,Martin Hjort Vetling,0,Egedal Kommune,Nej,Nej
kommunalvalg,I. Liberal Alliance,Martin Holm Kodahl,16,Kolding Kommune,Nej,Nej
kommunalvalg,I. Liberal Alliance,Martin Lissner,0,Odense Kommune,Nej,Nej
kommunalvalg,I. Liberal Alliance,Martin Lønborg,0,Tårnby Kommune,Nej,Nej
kommunalvalg,I. Liberal Alliance,Martin Mickey,0,Lolland Kommune,Nej,Nej
kommunalvalg,I. Liberal Alliance,Martin Plambæk,10,Hillerød Kommune,Nej,Nej
kommunalvalg,I. Liberal Alliance,Martin Richter,5,Kolding Kommune,Nej,Nej
kommunalvalg,I. Liberal Alliance,"Martin Rytter, Nyborg",0,Nyborg Kommune,Nej,Nej
kommunalvalg,I. Liberal Alliance,Matheus L. Nikolajsen,0,Vallensbæk Kommune,Nej,Nej
kommunalvalg,I. Liberal Alliance,Mathias Skarby,330,Hillerød Kommune,Nej,Nej
kommunalvalg,I. Liberal Alliance,Mathias Storgaard,61,Kerteminde Kommune,Nej,Nej
kommunalvalg,I. Liberal Alliance,Mathias Westen,0,Hørsholm Kommune,Nej,Nej
kommunalvalg,I. Liberal Alliance,"Mia Schmidt, Silkeborg",0,Silkeborg Kommune,Nej,Nej
kommunalvalg,I. Liberal Alliance,"Michael Burø Redke, Benløse",0,Ringsted Kommune,Nej,Nej
kommunalvalg,I. Liberal Alliance,Michael Christensen,0,Aarhus Kommune,Nej,Nej
kommunalvalg,I. Liberal Alliance,"Michael Kirkedal, Skuldelev",0,Frederikssund Kommune,Nej,Nej
kommunalvalg,I. Liberal Alliance,Michael Melchert,0,Albertslund Kommune,Nej,Nej
kommunalvalg,I. Liberal Alliance,Michael Møller Larsen,0,Assens Kommune,Nej,Nej
kommunalvalg,I. Liberal Alliance,Michael Rask,0,Greve Kommune,Nej,Nej
kommunalvalg,I. Liberal Alliance,"Michael Søe, Tvorup",0,Thisted Kommune,Nej,Nej
kommunalvalg,I. Liberal Alliance,Michael Thurau,108,Dragør Kommune,Nej,Nej
kommunalvalg,I. Liberal Alliance,"Michael Tøgersen, Frederikssund",0,Frederikssund Kommune,Nej,Nej
kommunalvalg,I. Liberal Alliance,"Michael Valentin Ilsø, Hørning",0,Skanderborg Kommune,Nej,Nej
kommunalvalg,I. Liberal Alliance,Michel Thrysøe,0,Aalborg Kommune,Nej,Nej
kommunalvalg,I. Liberal Alliance,Michele Fejø,0,Københavns Kommune,Nej,Nej
kommunalvalg,I. Liberal Alliance,Michelle Weirum,0,Aalborg Kommune,Nej,Nej
kommunalvalg,I. Liberal Alliance,"Mick Keller, Slagelse",0,Slagelse Kommune,Nej,Nej
kommunalvalg,I. Liberal Alliance,Mie Albrecht,0,Holbæk Kommune,Nej,Nej
kommunalvalg,I. Liberal Alliance,"Mie Lund, Vollerslev",0,Køge Kommune,Nej,Nej
kommunalvalg,I. Liberal Alliance,Mikael Simonsen,0,Aalborg Kommune,Nej,Nej
kommunalvalg,I. Liberal Alliance,Mike Kristensen,23,Sorø Kommune,Nej,Nej
kommunalvalg,I. Liberal Alliance,Mikkel B. Dam,1461,Faxe Kommune,Nej,Nej
kommunalvalg,I. Liberal Alliance,Mikkel Kjærsgaard Petersen,121,Næstved Kommune,Nej,Nej
kommunalvalg,I. Liberal Alliance,Mikkel Lau Petersen,22,Rødovre Kommune,Nej,Nej
kommunalvalg,I. Liberal Alliance,Mogens H. Ehmsen,0,Varde Kommune,Nej,Nej
kommunalvalg,I. Liberal Alliance,"Morten Bo, Hune",0,Jammerbugt Kommune,Nej,Nej
kommunalvalg,I. Liberal Alliance,"Morten Buchwald, Sandbjerg",0,Rudersdal Kommune,Nej,Nej
kommunalvalg,I. Liberal Alliance,Morten Haupt-Hansen,42,Faxe Kommune,Nej,Nej
kommunalvalg,I. Liberal Alliance,Morten Kristoffer Hansen,0,Hvidovre Kommune,Nej,Nej
kommunalvalg,I. Liberal Alliance,"Morten Liliendahl, Randers SØ",0,Randers Kommune,Nej,Nej
kommunalvalg,I. Liberal Alliance,"Morten Rask, Rødekro",0,Aabenraa Kommune,Nej,Nej
kommunalvalg,I. Liberal Alliance,"Morten Rønager, Nærum",0,Rudersdal Kommune,Nej,Nej
kommunalvalg,I. Liberal Alliance,Morten Tranborg,208,Fredensborg Kommune,Nej,Nej
kommunalvalg,I. Liberal Alliance,"Morten Vester, Hjordkær",0,Aabenraa Kommune,Nej,Nej
kommunalvalg,I. Liberal Alliance,"Nanna Bille, Vindinge",0,Nyborg Kommune,Nej,Nej
kommunalvalg,I. Liberal Alliance,Nels Hede Rohde,0,Holbæk Kommune,Nej,Nej
kommunalvalg,I. Liberal Alliance,Nethe Grønnegaard,0,Holbæk Kommune,Nej,Nej
kommunalvalg,I. Liberal Alliance,"Nicholas Just Villadsen, Kvistgård",0,Helsingør Kommune,Nej,Nej
kommunalvalg,I. Liberal Alliance,"Nicholas Kobborg Andersen, Vordingborg",0,Vordingborg Kommune,Nej,Nej
kommunalvalg,I. Liberal Alliance,Nicki Brunk Lund,0,Glostrup Kommune,Nej,Nej
kommunalvalg,I. Liberal Alliance,Nicki Wassmann Brøchner,0,Høje-Taastrup Kommune,Nej,Nej
kommunalvalg,I. Liberal Alliance,"Nicklas Møller Danholm, Snekkersten",0,Helsingør Kommune,Nej,Nej
kommunalvalg,I. Liberal Alliance,Nicklas Pedersen,0,Lejre Kommune,Nej,Nej
kommunalvalg,I. Liberal Alliance,"Nickolai Jørgensen, Vordingborg",0,Vordingborg Kommune,Nej,Nej
kommunalvalg,I. Liberal Alliance,Nico Sparboom,0,Holbæk Kommune,Nej,Nej
kommunalvalg,I. Liberal Alliance,Nicolai Bach-Pedersen,0,Roskilde Kommune,Nej,Nej
kommunalvalg,I. Liberal Alliance,"Nicolai Metner, Roslev",0,Skive Kommune,Nej,Nej
kommunalvalg,I. Liberal Alliance,"Nicolai Møller, Sennels",0,Thisted Kommune,Nej,Nej
kommunalvalg,I. Liberal Alliance,Nicolai Pedersen,22,Sorø Kommune,Nej,Nej
kommunalvalg,I. Liberal Alliance,Nicolai Sandager,174,Sorø Kommune,Nej,Nej
kommunalvalg,I. Liberal Alliance,Nicoline Kristoffersen,0,Ringkøbing-Skjern Kommune,Nej,Nej
kommunalvalg,I. Liberal Alliance,Niels Grønbæk Jensen,0,Holstebro Kommune,Nej,Nej
kommunalvalg,I. Liberal Alliance,"Niels Offersen, Jægerspris",0,Frederikssund Kommune,Nej,Nej
kommunalvalg,I. Liberal Alliance,"Niels Povlsgaard, Odder",109,Odder Kommune,Nej,Nej
kommunalvalg,I. Liberal Alliance,"Niels Præstkær, Them",0,Silkeborg Kommune,Nej,Nej
kommunalvalg,I. Liberal Alliance,Niels Tvilling Larsen,0,Aalborg Kommune,Nej,Nej
kommunalvalg,I. Liberal Alliance,Niels Weiss Jensen,0,Guldborgsund Kommune,Nej,Nej
kommunalvalg,I. Liberal Alliance,"Niki Paaske Jensen, Østerhåb",0,Horsens Kommune,Nej,Nej
kommunalvalg,I. Liberal Alliance,"Nikolai Hartmann, Augustenborg",0,Sønderborg Kommune,Nej,Nej
kommunalvalg,I. Liberal Alliance,"Nikolaj Brink Olsen, Havdrup",0,Solrød Kommune,Nej,Nej
kommunalvalg,I. Liberal Alliance,Nikolaj Nors-Ganer,0,Furesø Kommune,Nej,Nej
kommunalvalg,I. Liberal Alliance,Nikolaj Vester,0,Roskilde Kommune,Nej,Nej
kommunalvalg,I. Liberal Alliance,"Nils Lagoni, Solrød Landsby",0,Solrød Kommune,Nej,Nej
kommunalvalg,I. Liberal Alliance,"Nis Refner, Faaborg",0,Faaborg-Midtfyn Kommune,Nej,Nej
kommunalvalg,I. Liberal Alliance,"Nohr Winterfalk, Hune",0,Jammerbugt Kommune,Nej,Nej
kommunalvalg,I. Liberal Alliance,"Ole Nørretranders, Dronningmølle",0,Gribskov Kommune,Nej,Nej
kommunalvalg,I. Liberal Alliance,"Ole Overgaard Sørensen, Silkeborg",0,Silkeborg Kommune,Nej,Nej
kommunalvalg,I. Liberal Alliance,Ole Roed,283,Hillerød Kommune,Nej,Nej
kommunalvalg,I. Liberal Alliance,"Oliver Erichsen, Korsør",0,Slagelse Kommune,Nej,Nej
kommunalvalg,I. Liberal Alliance,"Oliver Ewald Sørensen, Holsted",0,Vejen Kommune,Nej,Nej
kommunalvalg,I. Liberal Alliance,Oliver Panthera,92,Favrskov Kommune,Nej,Nej
kommunalvalg,I. Liberal Alliance,Oscar Ferraro,0,Københavns Kommune,Nej,Nej
kommunalvalg,I. Liberal Alliance,Ove Sidding Nielsen,0,Varde Kommune,Nej,Nej
kommunalvalg,I. Liberal Alliance,Patrizia Venturelli Christensen,674,Gentofte Kommune,Nej,Nej
kommunalvalg,I. Liberal Alliance,Per Dueholm,0,Varde Kommune,Nej,Nej
kommunalvalg,I. Liberal Alliance,Per Kildevang,0,Brøndby Kommune,Nej,Nej
kommunalvalg,I. Liberal Alliance,"Per Laursen, Skanderborg",0,Skanderborg Kommune,Nej,Nej
kommunalvalg,I. Liberal Alliance,Per Nykjær,0,Svendborg Kommune,Nej,Nej
kommunalvalg,I. Liberal Alliance,Per Nørgaard Andersen,0,Tårnby Kommune,Nej,Nej
kommunalvalg,I. Liberal Alliance,"Pernille Breinholdt Jepsen, Jersie Strand",0,Solrød Kommune,Nej,Nej
kommunalvalg,I. Liberal Alliance,"Peter Dits Christensen, Trylleskoven Strand",0,Solrød Kommune,Nej,Nej
kommunalvalg,I. Liberal Alliance,"Peter Ibsen, Haderslev",0,Haderslev Kommune,Nej,Nej
kommunalvalg,I. Liberal Alliance,"Peter Kruse, Skanderborg",0,Skanderborg Kommune,Nej,Nej
kommunalvalg,I. Liberal Alliance,"Peter Larsen, Thisted",0,Thisted Kommune,Nej,Nej
kommunalvalg,I. Liberal Alliance,"Peter Linde, Overlund",343,Viborg Kommune,Nej,Nej
kommunalvalg,I. Liberal Alliance,Peter Malbæk,282,Syddjurs Kommune,Nej,Nej
kommunalvalg,I. Liberal Alliance,Peter Naumann,54,Gentofte Kommune,Nej,Nej
kommunalvalg,I. Liberal Alliance,Peter Nielsen,0,Varde Kommune,Nej,Nej
kommunalvalg,I. Liberal Alliance,Peter Nikolajsen,0,Esbjerg Kommune,Nej,Nej
kommunalvalg,I. Liberal Alliance,"Peter Nørris Dalsgaard, Frederiksværk",0,Halsnæs Kommune,Nej,Nej
kommunalvalg,I. Liberal Alliance,Peter Riise,0,Ishøj Kommune,Nej,Nej
kommunalvalg,I. Liberal Alliance,"Peter Sjølin, Jersie Strand",0,Solrød Kommune,Nej,Nej
kommunalvalg,I. Liberal Alliance,Peter Skousen,194,Kolding Kommune,Nej,Nej
kommunalvalg,I. Liberal Alliance,"Peter Thellufsen Pedersen, Aabybro",0,Jammerbugt Kommune,Nej,Nej
kommunalvalg,I. Liberal Alliance,Peter Thomasen,0,Odense Kommune,Nej,Nej
kommunalvalg,I. Liberal Alliance,Pia Lystrup Holleufer,0,Hvidovre Kommune,Nej,Nej
kommunalvalg,I. Liberal Alliance,Pia Offer Madsen,0,Assens Kommune,Nej,Nej
kommunalvalg,I. Liberal Alliance,Poul R. Johansen,0,Københavns Kommune,Nej,Nej
kommunalvalg,I. Liberal Alliance,Poul Rand,0,Fredericia Kommune,Nej,Nej
kommunalvalg,I. Liberal Alliance,Poul Thomsen,0,Holbæk Kommune,Nej,Nej
kommunalvalg,I. Liberal Alliance,"Ragnar Dixen, Balle",0,Silkeborg Kommune,Nej,Nej
kommunalvalg,I. Liberal Alliance,"Rasmus Cramon Parling, Nyråd",0,Vordingborg Kommune,Nej,Nej
kommunalvalg,I. Liberal Alliance,"Rasmus Evind, Bogø",0,Vordingborg Kommune,Nej,Nej
kommunalvalg,I. Liberal Alliance,"Rasmus Krag, Herfølge",0,Køge Kommune,Nej,Nej
kommunalvalg,I. Liberal Alliance,"Rasmus Lind Bjerre, Odder",224,Odder Kommune,Nej,Nej
kommunalvalg,I. Liberal Alliance,Rasmus Tymm,0,Aalborg Kommune,Nej,Nej
kommunalvalg,I. Liberal Alliance,"Regine Hovmøller, Jersie Strand",0,Solrød Kommune,Nej,Nej
kommunalvalg,I. Liberal Alliance,Rene Faurskov,67,Næstved Kommune,Nej,Nej
kommunalvalg,I. Liberal Alliance,René Jensen,0,Varde Kommune,Nej,Nej
kommunalvalg,I. Liberal Alliance,"René Jørgensen, Kværndrup",0,Faaborg-Midtfyn Kommune,Nej,Nej
kommunalvalg,I. Liberal Alliance,"Renée Mamsen-Svarter, Egebjerg",0,Ballerup Kommune,Nej,Nej
kommunalvalg,I. Liberal Alliance,"Rikke Olssen, Kaas",0,Jammerbugt Kommune,Nej,Nej
kommunalvalg,I. Liberal Alliance,Robert Helstrup Hansen,61,Næstved Kommune,Nej,Nej
kommunalvalg,I. Liberal Alliance,Robert Mørck,0,Furesø Kommune,Nej,Nej
kommunalvalg,I. Liberal Alliance,"Robert Thomsen, Mariager",67,Mariagerfjord Kommune,Nej,Nej
kommunalvalg,I. Liberal Alliance,"Rolf Larsen, Borup",0,Køge Kommune,Nej,Nej
kommunalvalg,I. Liberal Alliance,Ronnie Skov,0,Guldborgsund Kommune,Nej,Nej
kommunalvalg,I. Liberal Alliance,Ronny Van Tieu,0,Aalborg Kommune,Nej,Nej
kommunalvalg,I. Liberal Alliance,Rune Meldgaard,0,Aarhus Kommune,Nej,Nej
kommunalvalg,I. Liberal Alliance,"Rune Stürup, Rudkøbing",37,Langeland Kommune,Nej,Nej
kommunalvalg,I. Liberal Alliance,S. Kragh,23,Sorø Kommune,Nej,Nej
kommunalvalg,I. Liberal Alliance,Samuel Zachariae,106,Fredensborg Kommune,Nej,Nej
kommunalvalg,I. Liberal Alliance,"Sander Patrick Larsen, Slagelse",0,Slagelse Kommune,Nej,Nej
kommunalvalg,I. Liberal Alliance,"Sandie Tøttrup, Hornborg",0,Hedensted Kommune,Nej,Nej
kommunalvalg,I. Liberal Alliance,Sara Tvilling,0,Aalborg Kommune,Nej,Nej
kommunalvalg,I. Liberal Alliance,Sarah Sjølin Lilaa,0,Stevns Kommune,Nej,Nej
kommunalvalg,I. Liberal Alliance,"Sebastian Halkjær-Grauert, Voldby",0,Norddjurs Kommune,Nej,Nej
kommunalvalg,I. Liberal Alliance,"Sebastian Næstholdt Christensen, Gødvad",0,Silkeborg Kommune,Nej,Nej
kommunalvalg,I. Liberal Alliance,Signe Bøgevald,0,Københavns Kommune,Nej,Nej
kommunalvalg,I. Liberal Alliance,Simon Buus Olsen,604,Favrskov Kommune,Nej,Nej
kommunalvalg,I. Liberal Alliance,"Simon Errild, Frederikssund",0,Frederikssund Kommune,Nej,Nej
kommunalvalg,I. Liberal Alliance,Simon Neergaard-Holm,0,Furesø Kommune,Nej,Nej
kommunalvalg,I. Liberal Alliance,Simon Waad List,0,Esbjerg Kommune,Nej,Nej
kommunalvalg,I. Liberal Alliance,Simone Bagger,0,Furesø Kommune,Nej,Nej
kommunalvalg,I. Liberal Alliance,Sofus Rønne,0,Holbæk Kommune,Nej,Nej
kommunalvalg,I. Liberal Alliance,"Steen Tofteng, Helsinge",0,Gribskov Kommune,Nej,Nej
kommunalvalg,I. Liberal Alliance,"Steffen Boye Uhrenholdt, Rudkøbing",21,Langeland Kommune,Nej,Nej
kommunalvalg,I. Liberal Alliance,"Steffen Jespersen, Midtbyen",0,Horsens Kommune,Nej,Nej
kommunalvalg,I. Liberal Alliance,"Steffen Leth Møller, Lillerød",0,Allerød Kommune,Nej,Nej
kommunalvalg,I. Liberal Alliance,"Steffen Troldtoft, Ørnhøj",0,Herning Kommune,Nej,Nej
kommunalvalg,I. Liberal Alliance,"Sten Schmidl Søbjærg, Helsinge",0,Gribskov Kommune,Nej,Nej
kommunalvalg,I. Liberal Alliance,Stig Villadsen,38,Ikast-Brande Kommune,Nej,Nej
kommunalvalg,I. Liberal Alliance,"Stine Beck Petersen, Vordingborg",0,Vordingborg Kommune,Nej,Nej
kommunalvalg,I. Liberal Alliance,Stine Darmer,0,Hørsholm Kommune,Nej,Nej
kommunalvalg,I. Liberal Alliance,"Stine Eising, Snekkersten",0,Helsingør Kommune,Nej,Nej
kommunalvalg,I. Liberal Alliance,"Stinne Thorsen Kvorning, Auning",0,Norddjurs Kommune,Nej,Nej
kommunalvalg,I. Liberal Alliance,Sune Porsholdt Andersen,0,Esbjerg Kommune,Nej,Nej
kommunalvalg,I. Liberal Alliance,Sune Thorleifsson,0,Aarhus Kommune,Nej,Nej
kommunalvalg,I. Liberal Alliance,"Susan Hovgaard Møller, Borup",0,Køge Kommune,Nej,Nej
kommunalvalg,I. Liberal Alliance,"Susan Salk, Lyngerup",0,Frederikssund Kommune,Nej,Nej
kommunalvalg,I. Liberal Alliance,"Susanne Joel, Klejtrup",23,Viborg Kommune,Nej,Nej
kommunalvalg,I. Liberal Alliance,"Svenning Christensen, Lønstrup",137,Hjørring Kommune,Nej,Nej
kommunalvalg,I. Liberal Alliance,Søren Aahman,0,Odense Kommune,Nej,Nej
kommunalvalg,I. Liberal Alliance,Søren Christensen,0,Struer Kommune,Nej,Nej
kommunalvalg,I. Liberal Alliance,"Søren Hersdorf, Ølsted",0,Halsnæs Kommune,Nej,Nej
kommunalvalg,I. Liberal Alliance,Søren Jensen,0,Aarhus Kommune,Nej,Nej
kommunalvalg,I. Liberal Alliance,Søren Littau Christiansen,0,Esbjerg Kommune,Nej,Nej
kommunalvalg,I. Liberal Alliance,Søren Møller Christensen,0,Ringkøbing-Skjern Kommune,Nej,Nej
kommunalvalg,I. Liberal Alliance,Søren Revsbæk,1301,Næstved Kommune,Nej,Nej
kommunalvalg,I. Liberal Alliance,"Søren Valentin, Nyborg",0,Nyborg Kommune,Nej,Nej
kommunalvalg,I. Liberal Alliance,"Søs Junker, Errested",0,Haderslev Kommune,Nej,Nej
kommunalvalg,I. Liberal Alliance,"Teis Hedemand, Søgård",0,Aabenraa Kommune,Nej,Nej
kommunalvalg,I. Liberal Alliance,"Thomas Bjørn-Lüthi, Høruphav",0,Sønderborg Kommune,Nej,Nej
kommunalvalg,I. Liberal Alliance,Thomas Christiansen,0,Aalborg Kommune,Nej,Nej
kommunalvalg,I. Liberal Alliance,Thomas Elgaard,232,Fredensborg Kommune,Nej,Nej
kommunalvalg,I. Liberal Alliance,Thomas Erringsø,0,Roskilde Kommune,Nej,Nej
kommunalvalg,I. Liberal Alliance,"Thomas Estrup, Søby",14,Ærø Kommune,Nej,Nej
kommunalvalg,I. Liberal Alliance,Thomas Heimark,0,Holbæk Kommune,Nej,Nej
kommunalvalg,I. Liberal Alliance,Thomas Heuniche,0,Aalborg Kommune,Nej,Nej
kommunalvalg,I. Liberal Alliance,Thomas Hovard,0,Københavns Kommune,Nej,Nej
kommunalvalg,I. Liberal Alliance,"Thomas Ingemann Nielsen, Brovst",0,Jammerbugt Kommune,Nej,Nej
kommunalvalg,I. Liberal Alliance,"Thomas Lind, Liseleje",0,Halsnæs Kommune,Nej,Nej
kommunalvalg,I. Liberal Alliance,"Thomas Madsen, Skanderborg",0,Skanderborg Kommune,Nej,Nej
kommunalvalg,I. Liberal Alliance,"Thomas Pulawski, Ullerslev",0,Nyborg Kommune,Nej,Nej
kommunalvalg,I. Liberal Alliance,"Thomas Thorby Bang, Helsinge",0,Gribskov Kommune,Nej,Nej
kommunalvalg,I. Liberal Alliance,"Thomas Vedsted, Gram",0,Haderslev Kommune,Nej,Nej
kommunalvalg,I. Liberal Alliance,Thomas Walther,0,Aalborg Kommune,Nej,Nej
kommunalvalg,I. Liberal Alliance,Thor Stahl Jacobsen,0,Lyngby-Taarbæk Kommune,Nej,Nej
kommunalvalg,I. Liberal Alliance,Thorbjørn Jacobsen,0,Struer Kommune,Nej,Nej
kommunalvalg,I. Liberal Alliance,Tim Warner,0,Stevns Kommune,Nej,Nej
kommunalvalg,I. Liberal Alliance,"Tina Buchwald, Blistrup",0,Gribskov Kommune,Nej,Nej
kommunalvalg,I. Liberal Alliance,"Tina Hieronymus, Pandrup",0,Jammerbugt Kommune,Nej,Nej
kommunalvalg,I. Liberal Alliance,Tina Jensen,47,Ikast-Brande Kommune,Nej,Nej
kommunalvalg,I. Liberal Alliance,Tina Refning Larsen,44,Kerteminde Kommune,Nej,Nej
kommunalvalg,I. Liberal Alliance,"Tina Türck, Allindemagle",0,Ringsted Kommune,Nej,Nej
kommunalvalg,I. Liberal Alliance,"Tine Bergmann, Skibby",0,Frederikssund Kommune,Nej,Nej
kommunalvalg,I. Liberal Alliance,"Tobias Daniel Isaksson, Slangerup",0,Frederikssund Kommune,Nej,Nej
kommunalvalg,I. Liberal Alliance,"Tobias Daugaard, Ølsted",0,Hedensted Kommune,Nej,Nej
kommunalvalg,I. Liberal Alliance,Tobias Jakobsen,0,Assens Kommune,Nej,Nej
kommunalvalg,I. Liberal Alliance,"Toke Thaarup Elmøe, Holte",0,Rudersdal Kommune,Nej,Nej
kommunalvalg,I. Liberal Alliance,Tonny Vest,0,Odense Kommune,Nej,Nej
kommunalvalg,I. Liberal Alliance,Torben Falkenberg,0,Lyngby-Taarbæk Kommune,Nej,Nej
kommunalvalg,I. Liberal Alliance,Torben Frydenlund Rasmussen,81,Kerteminde Kommune,Nej,Nej
kommunalvalg,I. Liberal Alliance,Torben Guldbæk,0,Københavns Kommune,Nej,Nej
kommunalvalg,I. Liberal Alliance,"Torben Nielsen, Tinglev",0,Aabenraa Kommune,Nej,Nej
kommunalvalg,I. Liberal Alliance,Torsten Koster,0,Glostrup Kommune,Nej,Nej
kommunalvalg,I. Liberal Alliance,Troels Bennike,0,Lyngby-Taarbæk Kommune,Nej,Nej
kommunalvalg,I. Liberal Alliance,"Troels Dyhr Leighton, Bogø By",0,Vordingborg Kommune,Nej,Nej
kommunalvalg,I. Liberal Alliance,Troels Nyborg Jensen,0,Struer Kommune,Nej,Nej
kommunalvalg,I. Liberal Alliance,"Ulrik Johannsen, Aabenraa",0,Aabenraa Kommune,Nej,Nej
kommunalvalg,I. Liberal Alliance,"Ulrik Lassen, Jersie Strand",0,Solrød Kommune,Nej,Nej
kommunalvalg,I. Liberal Alliance,Ulrik Soll,0,Fredericia Kommune,Nej,Nej
kommunalvalg,I. Liberal Alliance,Uwe Andreas Hermann,0,Lyngby-Taarbæk Kommune,Nej,Nej
kommunalvalg,I. Liberal Alliance,"Victor Johan Andrea, Skanderborg",0,Skanderborg Kommune,Nej,Nej
kommunalvalg,I. Liberal Alliance,Viktor Kronkvist Thomsen,0,Holbæk Kommune,Nej,Nej
kommunalvalg,I. Liberal Alliance,Viktoria Kruse,0,Roskilde Kommune,Nej,Nej
kommunalvalg,I. Liberal Alliance,Villads Bech Pedersen,23,Næstved Kommune,Nej,Nej
kommunalvalg,I. Liberal Alliance,"Villum Christensen, Bisserup",0,Slagelse Kommune,Nej,Nej
kommunalvalg,I. Liberal Alliance,Villy Nielsen,0,Struer Kommune,Nej,Nej
kommunalvalg,I. Liberal Alliance,"Zitta Mogensen, Grevinge",0,Odsherred Kommune,Nej,Nej
kommunalvalg,J. Aarhus Borgernes Stemme,Listestemmer,0,Aarhus Kommune,Nej,Nej
kommunalvalg,J. Aarhus Borgernes Stemme,Torben Askholm Pedersen,0,Aarhus Kommune,Nej,Nej
kommunalvalg,J. Bitten Vivi Jensen,Bitten Vivi Jensen,0,Frederiksberg Kommune,Nej,Nej
kommunalvalg,J. Bitten Vivi Jensen,Listestemmer,0,Frederiksberg Kommune,Nej,Nej
kommunalvalg,J. Bitten Vivi Jensen,Pierre Larsen,0,Frederiksberg Kommune,Nej,Nej
kommunalvalg,J. Bitten Vivi Jensen,Thomas Olsen,0,Frederiksberg Kommune,Nej,Nej
kommunalvalg,J. Borgerlisten,Alex B. Holm,0,Ringkøbing-Skjern Kommune,Nej,Nej
kommunalvalg,J. Borgerlisten,Anja Renate Thomsen,0,Ringkøbing-Skjern Kommune,Nej,Nej
kommunalvalg,J. Borgerlisten,Birgitte Vinding,0,Ringkøbing-Skjern Kommune,Nej,Nej
kommunalvalg,J. Borgerlisten,Jan Holm Rasmussen,0,Ringkøbing-Skjern Kommune,Nej,Nej
kommunalvalg,J. Borgerlisten,Listestemmer,0,Brønderslev Kommune,Nej,Nej
kommunalvalg,J. Borgerlisten,Majbritt Ejstrup Munk,0,Ringkøbing-Skjern Kommune,Nej,Nej
kommunalvalg,J. Borgerlisten,"Marianne Fristrup, Hjallerup",0,Brønderslev Kommune,Nej,Nej
kommunalvalg,J. Borgerlisten,"Mogens Gregersen, Hjallerup",0,Brønderslev Kommune,Nej,Nej
kommunalvalg,J. Borgerlisten,Pernille H. Nielsen,0,Ringkøbing-Skjern Kommune,Nej,Nej
kommunalvalg,J. Borgerlisten,"Simon Aagaard, Dronninglund",0,Brønderslev Kommune,Nej,Nej
kommunalvalg,J. Borgerlisten,"Steen Søgaard Petersen, Hjallerup",0,Brønderslev Kommune,Nej,Nej
kommunalvalg,J. Borgerlisten,"Thomas Kjær, Asaa",0,Brønderslev Kommune,Nej,Nej
kommunalvalg,J. Borgernes Liste 7000,Charlotte Møller-Madsen,0,Fredericia Kommune,Nej,Nej
kommunalvalg,J. Borgernes Liste 7000,Christina Koch Petersen,0,Fredericia Kommune,Nej,Nej
kommunalvalg,J. Borgernes Liste 7000,Karsten Byrgesen,0,Fredericia Kommune,Nej,Nej
kommunalvalg,J. Borgernes Liste 7000,Listestemmer,0,Fredericia Kommune,Nej,Nej
kommunalvalg,J. Borgernes Lokal Liste,Alina Wolf Dohrmann,25,Kolding Kommune,Nej,Nej
kommunalvalg,J. Borgernes Lokal Liste,Brian Skjoldborg Thomsen,24,Kolding Kommune,Nej,Nej
kommunalvalg,J. Borgernes Lokal Liste,Flemming B. Kristiansen,9,Kolding Kommune,Nej,Nej
kommunalvalg,J. Borgernes Lokal Liste,Johnni Mortensen,27,Kolding Kommune,Nej,Nej
kommunalvalg,J. Borgernes Lokal Liste,Jørn Dohrmann,182,Kolding Kommune,Nej,Nej
kommunalvalg,J. Borgernes Lokal Liste,Kristian Sejerup,2,Kolding Kommune,Nej,Nej
kommunalvalg,J. Borgernes Lokal Liste,Listestemmer,30,Kolding Kommune,Nej,Nej
kommunalvalg,J. Den Lunefulde Liste,Lars Johannes Kristensen,0,Svendborg Kommune,Nej,Nej
kommunalvalg,J. Den Lunefulde Liste,Listestemmer,0,Svendborg Kommune,Nej,Nej
kommunalvalg,J. Din Stemme,Anders Bo Jørgensen,0,Lolland Kommune,Nej,Nej
kommunalvalg,J. Din Stemme,Filippa Brehm Nielsen,0,Lolland Kommune,Nej,Nej
kommunalvalg,J. Din Stemme,Henning Alfred Rasmussen,0,Lolland Kommune,Nej,Nej
kommunalvalg,J. Din Stemme,Henriette Sørensen,0,Lolland Kommune,Nej,Nej
kommunalvalg,J. Din Stemme,Listestemmer,0,Lolland Kommune,Nej,Nej
kommunalvalg,J. Din Stemme,Marie-Louise Brehm Nielsen,0,Lolland Kommune,Nej,Nej
kommunalvalg,J. Din Stemme,Martin Kristensen,0,Lolland Kommune,Nej,Nej
kommunalvalg,J. Din Stemme,Ola Matouk,0,Lolland Kommune,Nej,Nej
kommunalvalg,J. Din Stemme,Stanley  Priergaard,0,Lolland Kommune,Nej,Nej
kommunalvalg,J. Din Stemme,Vibeke Steffensen,0,Lolland Kommune,Nej,Nej
kommunalvalg,J. Esbjerg 2.0,Listestemmer,0,Esbjerg Kommune,Nej,Nej
kommunalvalg,J. Esbjerg 2.0,"Michael Brandt-Nielsen, Jerne",0,Esbjerg Kommune,Nej,Nej
kommunalvalg,J. Frie Stemmer - Jens Peter Hansen,"Jens Peter Hansen, Asferg",0,Randers Kommune,Nej,Nej
kommunalvalg,J. Frie Stemmer - Jens Peter Hansen,Listestemmer,0,Randers Kommune,Nej,Nej
kommunalvalg,J. Fælleslisten Bornholm,Jan Jørgensen,0,Bornholms Regionskommune,Nej,Nej
kommunalvalg,J. Fælleslisten Bornholm,Joan Prahl,0,Bornholms Regionskommune,Nej,Nej
kommunalvalg,J. Fælleslisten Bornholm,Jonna Nielsen,0,Bornholms Regionskommune,Nej,Nej
kommunalvalg,J. Fælleslisten Bornholm,Listestemmer,0,Bornholms Regionskommune,Nej,Nej
kommunalvalg,J. Fælleslisten Bornholm,Per Ole Petersen,0,Bornholms Regionskommune,Nej,Nej
kommunalvalg,J. Hampepartiet,Klaus Trier Tuxen,0,Københavns Kommune,Nej,Nej
kommunalvalg,J. Hampepartiet,Listestemmer,0,Københavns Kommune,Nej,Nej
kommunalvalg,J. Hjørring for alle,"Carsten Andersen, Hjørring",32,Hjørring Kommune,Nej,Nej
kommunalvalg,J. Hjørring for alle,Listestemmer,17,Hjørring Kommune,Nej,Nej
kommunalvalg,J. Norddjurs Uden Filter,Jens Warén Larsen,0,Norddjurs Kommune,Nej,Nej
kommunalvalg,J. Norddjurs Uden Filter,Listestemmer,0,Norddjurs Kommune,Nej,Nej
kommunalvalg,J. Partiet Samfundssind for Frihed,Andreas Nilsson,2,Syddjurs Kommune,Nej,Nej
kommunalvalg,J. Partiet Samfundssind for Frihed,Anita Vivian Alexandru,18,Syddjurs Kommune,Nej,Nej
kommunalvalg,J. Partiet Samfundssind for Frihed,Listestemmer,7,Syddjurs Kommune,Nej,Nej
kommunalvalg,J. SocialKonservative,"Jan Løvbjerg, Klejs",0,Hedensted Kommune,Nej,Nej
kommunalvalg,J. SocialKonservative,Listestemmer,0,Hedensted Kommune,Nej,Nej
kommunalvalg,J. Verdensdemokraterne,John Jørgensen,0,Struer Kommune,Nej,Nej
kommunalvalg,J. Verdensdemokraterne,Listestemmer,0,Struer Kommune,Nej,Nej
kommunalvalg,J. borgernes lokalliste,Jan Køpke Christensen,0,Aabenraa Kommune,Nej,Nej
kommunalvalg,J. borgernes lokalliste,Jan Skriver Petersen,0,Aabenraa Kommune,Nej,Nej
kommunalvalg,J. borgernes lokalliste,Jens Væggemose,0,Aabenraa Kommune,Nej,Nej
kommunalvalg,J. borgernes lokalliste,Listestemmer,0,Aabenraa Kommune,Nej,Nej
kommunalvalg,J. borgernes lokalliste,Matthias Alexander Petersen,0,Aabenraa Kommune,Nej,Nej
kommunalvalg,J. borgernes lokalliste,Pia Hansen,0,Aabenraa Kommune,Nej,Nej
kommunalvalg,J. borgernes lokalliste,Poul Berg,0,Aabenraa Kommune,Nej,Nej
kommunalvalg,J. borgernes lokalliste,Torsten Søndergård Larsen,0,Aabenraa Kommune,Nej,Nej
kommunalvalg,J. borgernes lokalliste,Tove Stensbjerg,0,Aabenraa Kommune,Nej,Nej
kommunalvalg,K. Bjarne Holm,Bjarne Holm,13,Hillerød Kommune,Nej,Nej
kommunalvalg,K. Bjarne Holm,Listestemmer,10,Hillerød Kommune,Nej,Nej
kommunalvalg,K. DKP - Danmarks Kommunistiske Parti,Listestemmer,0,Struer Kommune,Nej,Nej
kommunalvalg,K. DKP - Danmarks Kommunistiske Parti,"Tommy Christensen, Linde",0,Struer Kommune,Nej,Nej
kommunalvalg,K. KD - Kristendemokraterne,"Anders Kristian Lyng, Valsgård",18,Mariagerfjord Kommune,Nej,Nej
kommunalvalg,K. KD - Kristendemokraterne,"Charlotte Greibe, Hobro",27,Mariagerfjord Kommune,Nej,Nej
kommunalvalg,K. KD - Kristendemokraterne,Ester Esmarch,0,Aabenraa Kommune,Nej,Nej
kommunalvalg,K. KD - Kristendemokraterne,Listestemmer,22,Aabenraa Kommune,Nej,Nej
kommunalvalg,K. KristenDemokraterne,Alina Mirza,0,Aarhus Kommune,Nej,Nej
kommunalvalg,K. KristenDemokraterne,Anders Friis Knudsen,0,Odense Kommune,Nej,Nej
kommunalvalg,K. KristenDemokraterne,Anders Skaanning Andersen,0,Køge Kommune,Nej,Nej
kommunalvalg,K. KristenDemokraterne,"Brian T.  Andersen, Aulum",0,Herning Kommune,Nej,Nej
kommunalvalg,K. KristenDemokraterne,"Britta Kristensen, Kokkedal",8,Fredensborg Kommune,Nej,Nej
kommunalvalg,K. KristenDemokraterne,Camilla Skovgaard,0,Køge Kommune,Nej,Nej
kommunalvalg,K. KristenDemokraterne,"Cæcilia Nilsson, Karlebo",64,Fredensborg Kommune,Nej,Nej
kommunalvalg,K. KristenDemokraterne,Finn Andersen,0,Ringsted Kommune,Nej,Nej
kommunalvalg,K. KristenDemokraterne,Finn Richardt,0,Køge Kommune,Nej,Nej
kommunalvalg,K. KristenDemokraterne,Hanna-Maria Lyng,0,Odense Kommune,Nej,Nej
kommunalvalg,K. KristenDemokraterne,"Hanne Bødtker, Lind",0,Herning Kommune,Nej,Nej
kommunalvalg,K. KristenDemokraterne,Helle Horn Kramer,0,Køge Kommune,Nej,Nej
kommunalvalg,K. KristenDemokraterne,Jens Jul Nielsen,0,Aarhus Kommune,Nej,Nej
kommunalvalg,K. KristenDemokraterne,"Jesper N. Jensen, Vildbjerg",0,Herning Kommune,Nej,Nej
kommunalvalg,K. KristenDemokraterne,Jørgen Petersen,0,Køge Kommune,Nej,Nej
kommunalvalg,K. KristenDemokraterne,"Karlo Brondbjerg, Herning",0,Herning Kommune,Nej,Nej
kommunalvalg,K. KristenDemokraterne,Listestemmer,10,Odense Kommune,Nej,Nej
kommunalvalg,K. KristenDemokraterne,"Maria B. M. Klausen, Kibæk",0,Herning Kommune,Nej,Nej
kommunalvalg,K. KristenDemokraterne,Meran Karim,0,Køge Kommune,Nej,Nej
kommunalvalg,K. KristenDemokraterne,Mia Laibjørn,0,Ringsted Kommune,Nej,Nej
kommunalvalg,K. KristenDemokraterne,Michael Vedsø Larsen,0,Køge Kommune,Nej,Nej
kommunalvalg,K. KristenDemokraterne,Nanna Thorsted,0,Køge Kommune,Nej,Nej
kommunalvalg,K. KristenDemokraterne,Palle B. Rosenkilde,0,Aarhus Kommune,Nej,Nej
kommunalvalg,K. KristenDemokraterne,Peter Kjær Flyvholm,0,Aarhus Kommune,Nej,Nej
kommunalvalg,K. KristenDemokraterne,Preben Andersen,0,Ringsted Kommune,Nej,Nej
kommunalvalg,K. KristenDemokraterne,Simon Lavdal,0,Odense Kommune,Nej,Nej
kommunalvalg,K. KristenDemokraterne,Steen Bo Petersen,0,Køge Kommune,Nej,Nej
kommunalvalg,K. KristenDemokraterne,"Thomas Markussen, Gjellerup",0,Herning Kommune,Nej,Nej
kommunalvalg,K. Kristendemokraterne,"Anders Due Solgaard, Nexø",0,Bornholms Regionskommune,Nej,Nej
kommunalvalg,K. Kristendemokraterne,"Anne-Marie Jørgensen, Vilsted",99,Vesthimmerlands Kommune,Nej,Nej
kommunalvalg,K. Kristendemokraterne,Axel Ljungquist,0,Brøndby Kommune,Nej,Nej
kommunalvalg,K. Kristendemokraterne,"Bente Ågren Jensen, Aabybro",0,Jammerbugt Kommune,Nej,Nej
kommunalvalg,K. Kristendemokraterne,Bess Serner-Pedersen,0,Københavns Kommune,Nej,Nej
kommunalvalg,K. Kristendemokraterne,"Betina Juhl Tychsen, Rønne",0,Bornholms Regionskommune,Nej,Nej
kommunalvalg,K. Kristendemokraterne,"Birgit Jakobsen, Lindved",0,Hedensted Kommune,Nej,Nej
kommunalvalg,K. Kristendemokraterne,"Bjarne Hartung Kirkegaard, Allinge",0,Bornholms Regionskommune,Nej,Nej
kommunalvalg,K. Kristendemokraterne,"Bjarne Vium Mikkelsen, Lunderskov",23,Kolding Kommune,Nej,Nej
kommunalvalg,K. Kristendemokraterne,"Britta Thomsen, Juelsminde",0,Hedensted Kommune,Nej,Nej
kommunalvalg,K. Kristendemokraterne,Carsten Bjerg,0,Ringkøbing-Skjern Kommune,Nej,Nej
kommunalvalg,K. Kristendemokraterne,"Christophe Ndikuriyo, Vejle",0,Vejle Kommune,Nej,Nej
kommunalvalg,K. Kristendemokraterne,Edvard Rasmussen,0,Ringkøbing-Skjern Kommune,Nej,Nej
kommunalvalg,K. Kristendemokraterne,Eva Guldfred,0,Greve Kommune,Nej,Nej
kommunalvalg,K. Kristendemokraterne,"Hans Ole Bech, Aakirkeby",0,Bornholms Regionskommune,Nej,Nej
kommunalvalg,K. Kristendemokraterne,"Hartvig Mumm, Nyker",0,Bornholms Regionskommune,Nej,Nej
kommunalvalg,K. Kristendemokraterne,Helle Schütt Larsen,19,Rødovre Kommune,Nej,Nej
kommunalvalg,K. Kristendemokraterne,Helle Wulff,0,Frederiksberg Kommune,Nej,Nej
kommunalvalg,K. Kristendemokraterne,"Henriette Frænde, Flejsborg",10,Vesthimmerlands Kommune,Nej,Nej
kommunalvalg,K. Kristendemokraterne,Henrik Andersen,0,Ringkøbing-Skjern Kommune,Nej,Nej
kommunalvalg,K. Kristendemokraterne,Ingrid Lang Pedersen,41,Rødovre Kommune,Nej,Nej
kommunalvalg,K. Kristendemokraterne,"Jakup F. Jacobsen, Fjerritslev",0,Jammerbugt Kommune,Nej,Nej
kommunalvalg,K. Kristendemokraterne,"Jens Chr. Olesen, Christiansfeld",48,Kolding Kommune,Nej,Nej
kommunalvalg,K. Kristendemokraterne,Jens Erik T. Damgaard,0,Ringkøbing-Skjern Kommune,Nej,Nej
kommunalvalg,K. Kristendemokraterne,Jens P. Hansen,0,Greve Kommune,Nej,Nej
kommunalvalg,K. Kristendemokraterne,"Jens Seerup Nielsen, Løsning",0,Hedensted Kommune,Nej,Nej
kommunalvalg,K. Kristendemokraterne,"Jensa Ottosdóttir, Randers",0,Randers Kommune,Nej,Nej
kommunalvalg,K. Kristendemokraterne,Jesper Housgaard,0,Københavns Kommune,Nej,Nej
kommunalvalg,K. Kristendemokraterne,Jesper Truelsen,0,Københavns Kommune,Nej,Nej
kommunalvalg,K. Kristendemokraterne,Jesper Veiby,0,Aalborg Kommune,Nej,Nej
kommunalvalg,K. Kristendemokraterne,"Joakim Viborg Olesen, Haderslev",0,Haderslev Kommune,Nej,Nej
kommunalvalg,K. Kristendemokraterne,"Johannes Latter, Gram",0,Haderslev Kommune,Nej,Nej
kommunalvalg,K. Kristendemokraterne,Johnnie Gregersen,85,Rødovre Kommune,Nej,Nej
kommunalvalg,K. Kristendemokraterne,"Jørgen Bjerregaard, Brovst",0,Jammerbugt Kommune,Nej,Nej
kommunalvalg,K. Kristendemokraterne,"Jørgen Høier, Kolding",25,Kolding Kommune,Nej,Nej
kommunalvalg,K. Kristendemokraterne,Kaj A. Holst,0,Sønderborg Kommune,Nej,Nej
kommunalvalg,K. Kristendemokraterne,"Karl Heinz Tønder, Haderslev",0,Haderslev Kommune,Nej,Nej
kommunalvalg,K. Kristendemokraterne,"Kenneth Lohmann, Hedensted",0,Hedensted Kommune,Nej,Nej
kommunalvalg,K. Kristendemokraterne,"Knud Capion, Daugård",0,Hedensted Kommune,Nej,Nej
kommunalvalg,K. Kristendemokraterne,Knud Gaarn-Larsen,47,Viborg Kommune,Nej,Nej
kommunalvalg,K. Kristendemokraterne,"Knud Hauge, Vejle",0,Vejle Kommune,Nej,Nej
kommunalvalg,K. Kristendemokraterne,Kristian Andersen,0,Ringkøbing-Skjern Kommune,Nej,Nej
kommunalvalg,K. Kristendemokraterne,Kristian Berg Nielsen,0,Aalborg Kommune,Nej,Nej
kommunalvalg,K. Kristendemokraterne,"Kurt Pedersen, Dragstrup",0,Gribskov Kommune,Nej,Nej
kommunalvalg,K. Kristendemokraterne,"Laurids Madsen, Stouby",0,Hedensted Kommune,Nej,Nej
kommunalvalg,K. Kristendemokraterne,Listestemmer,171,Aalborg Kommune,Nej,Nej
kommunalvalg,K. Kristendemokraterne,Lone Guldbæk Karlsen,73,Viborg Kommune,Nej,Nej
kommunalvalg,K. Kristendemokraterne,Magnus Rothmann,0,Aalborg Kommune,Nej,Nej
kommunalvalg,K. Kristendemokraterne,Majbrit P. Rothmann,0,Aalborg Kommune,Nej,Nej
kommunalvalg,K. Kristendemokraterne,Malene Bonde-Petersen,0,Ringkøbing-Skjern Kommune,Nej,Nej
kommunalvalg,K. Kristendemokraterne,"Martin Kaltoft, Rønne",0,Bornholms Regionskommune,Nej,Nej
kommunalvalg,K. Kristendemokraterne,"Martin Pihl Sode, Knudsker",0,Bornholms Regionskommune,Nej,Nej
kommunalvalg,K. Kristendemokraterne,Mathias Mogensen Brosbøl,0,Ringkøbing-Skjern Kommune,Nej,Nej
kommunalvalg,K. Kristendemokraterne,"Max Munch, Assentoft",0,Randers Kommune,Nej,Nej
kommunalvalg,K. Kristendemokraterne,Merete Mogensen,0,Ringkøbing-Skjern Kommune,Nej,Nej
kommunalvalg,K. Kristendemokraterne,"Michael Lund Markussen, Brejning",0,Vejle Kommune,Nej,Nej
kommunalvalg,K. Kristendemokraterne,"Mogens Riis Pedersen, Ibsker",0,Bornholms Regionskommune,Nej,Nej
kommunalvalg,K. Kristendemokraterne,"Niels Chresten Andersen, Rønne",0,Bornholms Regionskommune,Nej,Nej
kommunalvalg,K. Kristendemokraterne,"Nils-Erik Mulvad, Kristrup",0,Randers Kommune,Nej,Nej
kommunalvalg,K. Kristendemokraterne,"Paul Erik Planitzer, Sommersted",0,Haderslev Kommune,Nej,Nej
kommunalvalg,K. Kristendemokraterne,Peter Solidum,0,Aalborg Kommune,Nej,Nej
kommunalvalg,K. Kristendemokraterne,Peter Øhrstrøm,0,Aalborg Kommune,Nej,Nej
kommunalvalg,K. Kristendemokraterne,Poul Harald Holm,0,Sønderborg Kommune,Nej,Nej
kommunalvalg,K. Kristendemokraterne,Preben Pedersen,0,Ringkøbing-Skjern Kommune,Nej,Nej
kommunalvalg,K. Kristendemokraterne,"René Majland Bidstrup, Daugård",0,Hedensted Kommune,Nej,Nej
kommunalvalg,K. Kristendemokraterne,"Rolf Westphal Eriksen, Hornbæk",0,Helsingør Kommune,Nej,Nej
kommunalvalg,K. Kristendemokraterne,Sara Jørgensen,0,Ringkøbing-Skjern Kommune,Nej,Nej
kommunalvalg,K. Kristendemokraterne,Serhii Derkach,0,Ringkøbing-Skjern Kommune,Nej,Nej
kommunalvalg,K. Kristendemokraterne,"Signe Hartung Kjærby, Klemensker",0,Bornholms Regionskommune,Nej,Nej
kommunalvalg,K. Kristendemokraterne,"Simon Marker Pedersen, Kolding",41,Kolding Kommune,Nej,Nej
kommunalvalg,K. Kristendemokraterne,Sofie Amalie Elkjær,0,Københavns Kommune,Nej,Nej
kommunalvalg,K. Kristendemokraterne,"Steen Bjerregaard Jørgensen, Henne",0,Varde Kommune,Nej,Nej
kommunalvalg,K. Kristendemokraterne,Susanne Holm,0,Sønderborg Kommune,Nej,Nej
kommunalvalg,K. Kristendemokraterne,"Søren Dahl Andersen, Langå",0,Randers Kommune,Nej,Nej
kommunalvalg,K. Kristendemokraterne,"Tage Sørensen, Give",0,Vejle Kommune,Nej,Nej
kommunalvalg,K. Kristendemokraterne,Tommy Dalgaard,15,Viborg Kommune,Nej,Nej
kommunalvalg,K. Kristendemokraterne,"Tordur Øregaard, Randers",0,Randers Kommune,Nej,Nej
kommunalvalg,K. Kristendemokraterne,Vita Bendiks Nielsen,0,Ringkøbing-Skjern Kommune,Nej,Nej
kommunalvalg,L. Albertslund-Listen,Emil Ottesen,0,Albertslund Kommune,Nej,Nej
kommunalvalg,L. Albertslund-Listen,Hakan Bascoban Grøn,0,Albertslund Kommune,Nej,Nej
kommunalvalg,L. Albertslund-Listen,Iben Balslev,0,Albertslund Kommune,Nej,Nej
kommunalvalg,L. Albertslund-Listen,Ida Ottesen,0,Albertslund Kommune,Nej,Nej
kommunalvalg,L. Albertslund-Listen,Jenny Kirsten Bedzeti,0,Albertslund Kommune,Nej,Nej
kommunalvalg,L. Albertslund-Listen,Listestemmer,0,Albertslund Kommune,Nej,Nej
kommunalvalg,L. Albertslund-Listen,Mikkel Skovby,0,Albertslund Kommune,Nej,Nej
kommunalvalg,L. Alle Mennesker Er Værdifulde,Iben Røstbjærg Kullberg,15,Sorø Kommune,Nej,Nej
kommunalvalg,L. Alle Mennesker Er Værdifulde,Listestemmer,11,Sorø Kommune,Nej,Nej
kommunalvalg,L. Borgerlisten,Anne Marie Christensen,0,Herning Kommune,Nej,Nej
kommunalvalg,L. Borgerlisten,Bent Larsen,14,Vesthimmerlands Kommune,Nej,Nej
kommunalvalg,L. Borgerlisten,Dennis Krogstrup,5,Vesthimmerlands Kommune,Nej,Nej
kommunalvalg,L. Borgerlisten,Dorthe Ahle,0,Herning Kommune,Nej,Nej
kommunalvalg,L. Borgerlisten,Ernst B. Knudsen,0,Herning Kommune,Nej,Nej
kommunalvalg,L. Borgerlisten,Frank Krogstrup,2,Vesthimmerlands Kommune,Nej,Nej
kommunalvalg,L. Borgerlisten,Frederik Ahle,0,Herning Kommune,Nej,Nej
kommunalvalg,L. Borgerlisten,Henrik Horsted,0,Herning Kommune,Nej,Nej
kommunalvalg,L. Borgerlisten,Jonna Vall,8,Vesthimmerlands Kommune,Nej,Nej
kommunalvalg,L. Borgerlisten,Listestemmer,32,Herning Kommune,Nej,Nej
kommunalvalg,L. Borgerlisten,Lone Nielsen,0,Herning Kommune,Nej,Nej
kommunalvalg,L. Borgerlisten,Niels M. Christensen,53,Vesthimmerlands Kommune,Nej,Nej
kommunalvalg,L. Borgerlisten,Poul-Erik Foldbjerg,0,Herning Kommune,Nej,Nej
kommunalvalg,L. Borgerlisten,Rudi Jensen,2,Vesthimmerlands Kommune,Nej,Nej
kommunalvalg,L. Borgerlisten,Rudy Boes Andersen,0,Herning Kommune,Nej,Nej
kommunalvalg,L. Borgernes Lokalliste Køge,"Bendt Lundsbjerg, Bjæverskov",0,Køge Kommune,Nej,Nej
kommunalvalg,L. Borgernes Lokalliste Køge,"Irene Lintrup, Vemmedrup",0,Køge Kommune,Nej,Nej
kommunalvalg,L. Borgernes Lokalliste Køge,"Kim Andersen, Borup",0,Køge Kommune,Nej,Nej
kommunalvalg,L. Borgernes Lokalliste Køge,Listestemmer,0,Køge Kommune,Nej,Nej
kommunalvalg,L. Borgernes Lokalliste Køge,"Ove Jessen, Vemmedrup",0,Køge Kommune,Nej,Nej
kommunalvalg,L. Den Lille Mands Parti,Klaus Ladegaard,61,Kolding Kommune,Nej,Nej
kommunalvalg,L. Den Lille Mands Parti,Listestemmer,38,Kolding Kommune,Nej,Nej
kommunalvalg,L. Den Sociale Fællesliste,Helle Kanstrup,45,Rebild Kommune,Nej,Nej
kommunalvalg,L. Den Sociale Fællesliste,Lars Hørsman,239,Rebild Kommune,Nej,Nej
kommunalvalg,L. Den Sociale Fællesliste,Listestemmer,131,Rebild Kommune,Nej,Nej
kommunalvalg,L. Den Sociale Fællesliste,Niels Peter Giliamsen,269,Rebild Kommune,Nej,Nej
kommunalvalg,L. Den Sociale Fællesliste,Pernille Oppelstrup,65,Rebild Kommune,Nej,Nej
kommunalvalg,L. Den Sociale Fællesliste,Sandie Jellesen,425,Rebild Kommune,Nej,Nej
kommunalvalg,L. Et Bedre Odense,"Ann Urban, Odense SØ",0,Odense Kommune,Nej,Nej
kommunalvalg,L. Et Bedre Odense,"Carsten Gjørtsvang, Odense C",0,Odense Kommune,Nej,Nej
kommunalvalg,L. Et Bedre Odense,"Cecilie Haug, Odense M",0,Odense Kommune,Nej,Nej
kommunalvalg,L. Et Bedre Odense,"Karsten Wiborg, Odense SV",0,Odense Kommune,Nej,Nej
kommunalvalg,L. Et Bedre Odense,"Kim Skjoldborg, Odense M",0,Odense Kommune,Nej,Nej
kommunalvalg,L. Et Bedre Odense,"Kristian Roe-Holst, Odense C",0,Odense Kommune,Nej,Nej
kommunalvalg,L. Et Bedre Odense,Listestemmer,0,Odense Kommune,Nej,Nej
kommunalvalg,L. Et Bedre Odense,"Sven Riggelsen, Davinde",0,Odense Kommune,Nej,Nej
kommunalvalg,L. Fanø Borgerliste,Arne Clausen,4,Fanø Kommune,Nej,Nej
kommunalvalg,L. Fanø Borgerliste,Lene Mørk,5,Fanø Kommune,Nej,Nej
kommunalvalg,L. Fanø Borgerliste,Listestemmer,4,Fanø Kommune,Nej,Nej
kommunalvalg,L. Fanø Borgerliste,Trine Buhl,69,Fanø Kommune,Nej,Nej
kommunalvalg,L. Fælleslisten,"Bjarke Kristensen, Ikast",149,Ikast-Brande Kommune,Nej,Nej
kommunalvalg,L. Fælleslisten,"Bruno Ostenfeldt, Ejstrupholm",121,Ikast-Brande Kommune,Nej,Nej
kommunalvalg,L. Fælleslisten,"Jonas P. S. Jørgensen, Brande",55,Ikast-Brande Kommune,Nej,Nej
kommunalvalg,L. Fælleslisten,Listestemmer,349,Ikast-Brande Kommune,Nej,Nej
kommunalvalg,L. Fælleslisten,"Lotte Stoltenborg, Uhre",268,Ikast-Brande Kommune,Nej,Nej
kommunalvalg,L. Fælleslisten,"Morten Colbert, Grarup",183,Ikast-Brande Kommune,Nej,Nej
kommunalvalg,L. Fælleslisten,"Nikolaj Hviid, Blåhøj",172,Ikast-Brande Kommune,Nej,Nej
kommunalvalg,L. Fælleslisten,"Otto de Bruijn, Brande",14,Ikast-Brande Kommune,Nej,Nej
kommunalvalg,L. Fælleslisten,"Rune Lyager, Brande",1277,Ikast-Brande Kommune,Nej,Nej
kommunalvalg,L. Guldborgsundlisten,"Camilla Mortensen, Øster Toreby",0,Guldborgsund Kommune,Nej,Nej
kommunalvalg,L. Guldborgsundlisten,"Casper Schneidereit, Sundby",0,Guldborgsund Kommune,Nej,Nej
kommunalvalg,L. Guldborgsundlisten,"Christian Schou, Nykøbing F.",0,Guldborgsund Kommune,Nej,Nej
kommunalvalg,L. Guldborgsundlisten,"Christina Leonhard, Nykøbing F.",0,Guldborgsund Kommune,Nej,Nej
kommunalvalg,L. Guldborgsundlisten,"Elin Søndergård, Marielyst",0,Guldborgsund Kommune,Nej,Nej
kommunalvalg,L. Guldborgsundlisten,"Inger Mølgaard, Nykøbing F.",0,Guldborgsund Kommune,Nej,Nej
kommunalvalg,L. Guldborgsundlisten,"Janne Hansen, Sakskøbing",0,Guldborgsund Kommune,Nej,Nej
kommunalvalg,L. Guldborgsundlisten,"John Brædder, Toreby",0,Guldborgsund Kommune,Nej,Nej
kommunalvalg,L. Guldborgsundlisten,"Lars Jensen, Nørre Alslev",0,Guldborgsund Kommune,Nej,Nej
kommunalvalg,L. Guldborgsundlisten,Listestemmer,0,Guldborgsund Kommune,Nej,Nej
kommunalvalg,L. Guldborgsundlisten,"Mark O. Madsen, Nykøbing F.",0,Guldborgsund Kommune,Nej,Nej
kommunalvalg,L. Guldborgsundlisten,"Martin Lohse, Sakskøbing",0,Guldborgsund Kommune,Nej,Nej
kommunalvalg,L. Guldborgsundlisten,"Mikkel Sarup, Bangsebro",0,Guldborgsund Kommune,Nej,Nej
kommunalvalg,L. Guldborgsundlisten,"Peter Bbaale, Toreby",0,Guldborgsund Kommune,Nej,Nej
kommunalvalg,L. Guldborgsundlisten,"Peter Bring-Larsen, Stubbekøbing",0,Guldborgsund Kommune,Nej,Nej
kommunalvalg,L. Guldborgsundlisten,"Regitze Ljung, Væggerløse",0,Guldborgsund Kommune,Nej,Nej
kommunalvalg,L. Guldborgsundlisten,"René Fjeldsøe Sørensen, Nykøbing F.",0,Guldborgsund Kommune,Nej,Nej
kommunalvalg,L. Guldborgsundlisten,"Susanne Hacke, Nysted",0,Guldborgsund Kommune,Nej,Nej
kommunalvalg,L. Guldborgsundlisten,"Thomas Søndberg Olsen, Stubbekøbing",0,Guldborgsund Kommune,Nej,Nej
kommunalvalg,L. Guldborgsundlisten,"Tom Jensen, Marielyst",0,Guldborgsund Kommune,Nej,Nej
kommunalvalg,L. HavdrupListen,"Bo C. Christiansen, Havdrup",0,Solrød Kommune,Nej,Nej
kommunalvalg,L. HavdrupListen,"Christian Vang, Havdrup",0,Solrød Kommune,Nej,Nej
kommunalvalg,L. HavdrupListen,"Finn Jensen, Havdrup",0,Solrød Kommune,Nej,Nej
kommunalvalg,L. HavdrupListen,"Ina Lindemark, Jersie Landsby",0,Solrød Kommune,Nej,Nej
kommunalvalg,L. HavdrupListen,"Lars Møller Christiansen, Havdrup",0,Solrød Kommune,Nej,Nej
kommunalvalg,L. HavdrupListen,Listestemmer,0,Solrød Kommune,Nej,Nej
kommunalvalg,L. HavdrupListen,"Stine U. Johansen, Havdrup",0,Solrød Kommune,Nej,Nej
kommunalvalg,L. Hvidovrelisten,Arne Bech,0,Hvidovre Kommune,Nej,Nej
kommunalvalg,L. Hvidovrelisten,Elin Palm,0,Hvidovre Kommune,Nej,Nej
kommunalvalg,L. Hvidovrelisten,Finn Blohm,0,Hvidovre Kommune,Nej,Nej
kommunalvalg,L. Hvidovrelisten,Frank Løber,0,Hvidovre Kommune,Nej,Nej
kommunalvalg,L. Hvidovrelisten,Gerhard Grubb Waaentz,0,Hvidovre Kommune,Nej,Nej
kommunalvalg,L. Hvidovrelisten,Listestemmer,0,Hvidovre Kommune,Nej,Nej
kommunalvalg,L. Hvidovrelisten,Louise Blohm,0,Hvidovre Kommune,Nej,Nej
kommunalvalg,L. Hvidovrelisten,Marianne Bo Krowicki,0,Hvidovre Kommune,Nej,Nej
kommunalvalg,L. Hvidovrelisten,Pia Mols,0,Hvidovre Kommune,Nej,Nej
kommunalvalg,L. Hvidovrelisten,Trine Gregersen Steensgaard,0,Hvidovre Kommune,Nej,Nej
kommunalvalg,L. Ib Lunde's Liste,Ib Lunde,0,Hørsholm Kommune,Nej,Nej
kommunalvalg,L. Ib Lunde's Liste,Listestemmer,0,Hørsholm Kommune,Nej,Nej
kommunalvalg,L. Ildsjælene,Christina Simonia Straarup,0,Esbjerg Kommune,Nej,Nej
kommunalvalg,L. Ildsjælene,Listestemmer,0,Esbjerg Kommune,Nej,Nej
kommunalvalg,L. Ildsjælene,Merete Jensen,0,Esbjerg Kommune,Nej,Nej
kommunalvalg,L. Ishøjlisten,Bakhtiar Abdelrahman Mohamad-Amin,0,Ishøj Kommune,Nej,Nej
kommunalvalg,L. Ishøjlisten,Betina Havmand Demir,0,Ishøj Kommune,Nej,Nej
kommunalvalg,L. Ishøjlisten,Gitte Iskov,0,Ishøj Kommune,Nej,Nej
kommunalvalg,L. Ishøjlisten,Helene Bendiksen,0,Ishøj Kommune,Nej,Nej
kommunalvalg,L. Ishøjlisten,Johnnie Flindt,0,Ishøj Kommune,Nej,Nej
kommunalvalg,L. Ishøjlisten,Jonas Holm,0,Ishøj Kommune,Nej,Nej
kommunalvalg,L. Ishøjlisten,Listestemmer,0,Ishøj Kommune,Nej,Nej
kommunalvalg,L. Ishøjlisten,Malene Nielsen,0,Ishøj Kommune,Nej,Nej
kommunalvalg,L. Ishøjlisten,Milishia Moradi,0,Ishøj Kommune,Nej,Nej
kommunalvalg,L. Ishøjlisten,Ole Bjørstorp,0,Ishøj Kommune,Nej,Nej
kommunalvalg,L. Ishøjlisten,Peter Stenberg,0,Ishøj Kommune,Nej,Nej
kommunalvalg,L. Ishøjlisten,Selcuk Mehmet Ozcan,0,Ishøj Kommune,Nej,Nej
kommunalvalg,L. Ishøjlisten,Seyit Ahmet Ozkan,0,Ishøj Kommune,Nej,Nej
kommunalvalg,L. Ishøjlisten,Zinije R. Feim,0,Ishøj Kommune,Nej,Nej
kommunalvalg,L. Kalundborg Listen,Anja Wuust,0,Kalundborg Kommune,Nej,Nej
kommunalvalg,L. Kalundborg Listen,Gunver Jensen,0,Kalundborg Kommune,Nej,Nej
kommunalvalg,L. Kalundborg Listen,Jonas Anhøj Henriksen,0,Kalundborg Kommune,Nej,Nej
kommunalvalg,L. Kalundborg Listen,Listestemmer,0,Kalundborg Kommune,Nej,Nej
kommunalvalg,L. Kalundborg Listen,Rikke Jensen,0,Kalundborg Kommune,Nej,Nej
kommunalvalg,L. Kludder og borgernes liste,Listestemmer,15,Rødovre Kommune,Nej,Nej
kommunalvalg,L. Kludder og borgernes liste,"M. Simoni, Rødovre",15,Rødovre Kommune,Nej,Nej
kommunalvalg,L. Land- og Bylisten,Dan Søgaard Ditlevsen,0,Lemvig Kommune,Nej,Nej
kommunalvalg,L. Land- og Bylisten,Jonas Munkholm Jensen,0,Lemvig Kommune,Nej,Nej
kommunalvalg,L. Land- og Bylisten,Listestemmer,0,Lemvig Kommune,Nej,Nej
kommunalvalg,L. Land- og Bylisten,Martin Sig Kristensen,0,Lemvig Kommune,Nej,Nej
kommunalvalg,L. Land- og Bylisten,Michael Mølgaard,0,Lemvig Kommune,Nej,Nej
kommunalvalg,L. Land- og Bylisten,Ole Nicolajsen,0,Lemvig Kommune,Nej,Nej
kommunalvalg,L. Land- og Bylisten,Peder Frølund Buch,0,Lemvig Kommune,Nej,Nej
kommunalvalg,L. Landsbylisten,"Klaus Bodholt Andreasen, Vigersted",0,Ringsted Kommune,Nej,Nej
kommunalvalg,L. Landsbylisten,Listestemmer,0,Ringsted Kommune,Nej,Nej
kommunalvalg,L. Listen ByogLand,Carina Bloch Simonsen,0,Gribskov Kommune,Nej,Nej
kommunalvalg,L. Listen ByogLand,Christoffer Bloch Simonsen,0,Gribskov Kommune,Nej,Nej
kommunalvalg,L. Listen ByogLand,Listestemmer,0,Gribskov Kommune,Nej,Nej
kommunalvalg,L. Listen ByogLand,Marianne Kildemark Tilsbæk,0,Gribskov Kommune,Nej,Nej
kommunalvalg,L. Listen ByogLand,Mikkel Christian Iversholt,0,Gribskov Kommune,Nej,Nej
kommunalvalg,L. Listen ByogLand,Steen Pedersen,0,Gribskov Kommune,Nej,Nej
kommunalvalg,L. Lokaldemokraterne,Betiel Meconnen,0,Helsingør Kommune,Nej,Nej
kommunalvalg,L. Lokaldemokraterne,Casper Bech,0,Helsingør Kommune,Nej,Nej
kommunalvalg,L. Lokaldemokraterne,Frederik Müller,0,Helsingør Kommune,Nej,Nej
kommunalvalg,L. Lokaldemokraterne,Jeanne Hedin,0,Helsingør Kommune,Nej,Nej
kommunalvalg,L. Lokaldemokraterne,Jørgen Busch Christensen,0,Helsingør Kommune,Nej,Nej
kommunalvalg,L. Lokaldemokraterne,Kristian Marker Frederiksen,0,Helsingør Kommune,Nej,Nej
kommunalvalg,L. Lokaldemokraterne,Lars Andersen,0,Helsingør Kommune,Nej,Nej
kommunalvalg,L. Lokaldemokraterne,Listestemmer,0,Helsingør Kommune,Nej,Nej
kommunalvalg,L. Lokaldemokraterne,Marcus Andersen,0,Helsingør Kommune,Nej,Nej
kommunalvalg,L. Lokaldemokraterne,Michael Dam,0,Helsingør Kommune,Nej,Nej
kommunalvalg,L. Lokaldemokraterne,Padideh Haghi,0,Helsingør Kommune,Nej,Nej
kommunalvalg,L. Lokaldemokraterne,Rasmus Melgaard,0,Helsingør Kommune,Nej,Nej
kommunalvalg,L. Lokallisten,Anne Christiansen,0,Rudersdal Kommune,Nej,Nej
kommunalvalg,L. Lokallisten,Dennis Pihl Hansen,79,Faxe Kommune,Nej,Nej
kommunalvalg,L. Lokallisten,Emiline Christensen,0,Rudersdal Kommune,Nej,Nej
kommunalvalg,L. Lokallisten,Khaled Mustapha,0,Rudersdal Kommune,Nej,Nej
kommunalvalg,L. Lokallisten,Lena Krolmark,60,Faxe Kommune,Nej,Nej
kommunalvalg,L. Lokallisten,Line Mørkegaard,499,Faxe Kommune,Nej,Nej
kommunalvalg,L. Lokallisten,Listestemmer,169,Rudersdal Kommune,Nej,Nej
kommunalvalg,L. Lokallisten,Luc de Visme,0,Rudersdal Kommune,Nej,Nej
kommunalvalg,L. Lokallisten,Mogens Wolf Johansen,0,Rudersdal Kommune,Nej,Nej
kommunalvalg,L. Lokallisten,Morten Noppenau,0,Rudersdal Kommune,Nej,Nej
kommunalvalg,L. Lokallisten,René Tuekær,560,Faxe Kommune,Nej,Nej
kommunalvalg,L. Lokallisten,Sanna Lund,0,Rudersdal Kommune,Nej,Nej
kommunalvalg,L. Lokallisten,Steen K. Gunnarson,73,Faxe Kommune,Nej,Nej
kommunalvalg,L. Lokallisten - København,Birthe Sørensen,0,Københavns Kommune,Nej,Nej
kommunalvalg,L. Lokallisten - København,Elsebeth Wehage,0,Københavns Kommune,Nej,Nej
kommunalvalg,L. Lokallisten - København,Jesper Balle,0,Københavns Kommune,Nej,Nej
kommunalvalg,L. Lokallisten - København,Listestemmer,0,Københavns Kommune,Nej,Nej
kommunalvalg,L. Lokallisten - København,Pelle Jandrup,0,Københavns Kommune,Nej,Nej
kommunalvalg,L. Lokallisten Bedre Borgerinddragelse,Listestemmer,0,Furesø Kommune,Nej,Nej
kommunalvalg,L. Lokallisten Bedre Borgerinddragelse,Mikkel Meinike,0,Furesø Kommune,Nej,Nej
kommunalvalg,L. Lokallisten Faaborg-Midtfyn,"Anne Inez Jensen, Faaborg",0,Faaborg-Midtfyn Kommune,Nej,Nej
kommunalvalg,L. Lokallisten Faaborg-Midtfyn,"Bjarne Herhold, Faaborg",0,Faaborg-Midtfyn Kommune,Nej,Nej
kommunalvalg,L. Lokallisten Faaborg-Midtfyn,"Claus Gundersen, V. Hæsinge",0,Faaborg-Midtfyn Kommune,Nej,Nej
kommunalvalg,L. Lokallisten Faaborg-Midtfyn,"Gurli Rindebæk, Faaborg",0,Faaborg-Midtfyn Kommune,Nej,Nej
kommunalvalg,L. Lokallisten Faaborg-Midtfyn,"Heide Munk, Gislev",0,Faaborg-Midtfyn Kommune,Nej,Nej
kommunalvalg,L. Lokallisten Faaborg-Midtfyn,"Keld Storm, Korinth",0,Faaborg-Midtfyn Kommune,Nej,Nej
kommunalvalg,L. Lokallisten Faaborg-Midtfyn,"Kim Petersen, Espe",0,Faaborg-Midtfyn Kommune,Nej,Nej
kommunalvalg,L. Lokallisten Faaborg-Midtfyn,Listestemmer,0,Faaborg-Midtfyn Kommune,Nej,Nej
kommunalvalg,L. Lokallisten Faaborg-Midtfyn,"Ole Pedersen, Horne",0,Faaborg-Midtfyn Kommune,Nej,Nej
kommunalvalg,L. Lokallisten Faaborg-Midtfyn,"Peder Månsson, Korinth",0,Faaborg-Midtfyn Kommune,Nej,Nej
kommunalvalg,L. Lokallisten Faaborg-Midtfyn,"Torben Krogsgaard, Nr. Lyndelse",0,Faaborg-Midtfyn Kommune,Nej,Nej
kommunalvalg,L. Lokallisten Faaborg-Midtfyn,"Torben Wolff, Faaborg",0,Faaborg-Midtfyn Kommune,Nej,Nej
kommunalvalg,L. Lokallisten Gladsaxe,Anne Holtet,0,Gladsaxe Kommune,Nej,Nej
kommunalvalg,L. Lokallisten Gladsaxe,John Ellehammer,0,Gladsaxe Kommune,Nej,Nej
kommunalvalg,L. Lokallisten Gladsaxe,Kasper Bjerg,0,Gladsaxe Kommune,Nej,Nej
kommunalvalg,L. Lokallisten Gladsaxe,Lene Svendborg,0,Gladsaxe Kommune,Nej,Nej
kommunalvalg,L. Lokallisten Gladsaxe,Lise Tønner,0,Gladsaxe Kommune,Nej,Nej
kommunalvalg,L. Lokallisten Gladsaxe,Listestemmer,0,Gladsaxe Kommune,Nej,Nej
kommunalvalg,L. Lokallisten Gladsaxe,Marianne Larsen,0,Gladsaxe Kommune,Nej,Nej
kommunalvalg,L. Lokallisten Gladsaxe,Pernille Klein,0,Gladsaxe Kommune,Nej,Nej
kommunalvalg,L. Lokallisten Gladsaxe,Peter Lawrence Brooker,0,Gladsaxe Kommune,Nej,Nej
kommunalvalg,L. Lokallisten Langeland,Kirsten Havemann,54,Langeland Kommune,Nej,Nej
kommunalvalg,L. Lokallisten Langeland,Listestemmer,52,Langeland Kommune,Nej,Nej
kommunalvalg,L. Lokallisten Langeland,Michelle Birkedal Smidt,77,Langeland Kommune,Nej,Nej
kommunalvalg,L. Lokallisten Langeland,Preben Jørgensen,7,Langeland Kommune,Nej,Nej
kommunalvalg,L. Lokallisten Langeland,Reidar Foehling,5,Langeland Kommune,Nej,Nej
kommunalvalg,L. Lokallisten Langeland,Søren Ramsing,360,Langeland Kommune,Nej,Nej
kommunalvalg,L. Lokallisten Langeland,Torbjørn Hansen,13,Langeland Kommune,Nej,Nej
kommunalvalg,L. Lokallisten Levende Landsbyer Lejre,"Bettina Hinrichsen, Hvalsø",0,Lejre Kommune,Nej,Nej
kommunalvalg,L. Lokallisten Levende Landsbyer Lejre,"Birgitte Schytte, Kirke Såby",0,Lejre Kommune,Nej,Nej
kommunalvalg,L. Lokallisten Levende Landsbyer Lejre,"Bo Boje, Kirke Såby",0,Lejre Kommune,Nej,Nej
kommunalvalg,L. Lokallisten Levende Landsbyer Lejre,"Desi Poulsen, Højby, Lejre",0,Lejre Kommune,Nej,Nej
kommunalvalg,L. Lokallisten Levende Landsbyer Lejre,"Henrik Poulsen, Lejre",0,Lejre Kommune,Nej,Nej
kommunalvalg,L. Lokallisten Levende Landsbyer Lejre,"Jeannette Mørch Miran, Højby, Lejre",0,Lejre Kommune,Nej,Nej
kommunalvalg,L. Lokallisten Levende Landsbyer Lejre,"Jesper Reumert, Kirke Såby",0,Lejre Kommune,Nej,Nej
kommunalvalg,L. Lokallisten Levende Landsbyer Lejre,"Jon Lorentsfeldt, Kirke Hyllinge",0,Lejre Kommune,Nej,Nej
kommunalvalg,L. Lokallisten Levende Landsbyer Lejre,"Kim Hansen, Hvalsø",0,Lejre Kommune,Nej,Nej
kommunalvalg,L. Lokallisten Levende Landsbyer Lejre,"Lis Sigersted, Kirke Hyllinge",0,Lejre Kommune,Nej,Nej
kommunalvalg,L. Lokallisten Levende Landsbyer Lejre,Listestemmer,0,Lejre Kommune,Nej,Nej
kommunalvalg,L. Lokallisten Levende Landsbyer Lejre,"Lone Stampe, Kirke Såby",0,Lejre Kommune,Nej,Nej
kommunalvalg,L. Lokallisten Levende Landsbyer Lejre,"Mette Schaufuss, Kirke Såby",0,Lejre Kommune,Nej,Nej
kommunalvalg,L. Lokallisten Levende Landsbyer Lejre,"Michaeel Emborg, Kirke Såby",0,Lejre Kommune,Nej,Nej
kommunalvalg,L. Lokallisten Levende Landsbyer Lejre,"Niels Boye, Kirke Såby",0,Lejre Kommune,Nej,Nej
kommunalvalg,L. Lokallisten Levende Landsbyer Lejre,"Pernille Sofia Glyngø, Kirke Såby",0,Lejre Kommune,Nej,Nej
kommunalvalg,L. Lokallisten Levende Landsbyer Lejre,"Søren Tønning, Ejby",0,Lejre Kommune,Nej,Nej
kommunalvalg,L. Lokallisten Lolland,"Benni Petersen, Nakskov",0,Lolland Kommune,Nej,Nej
kommunalvalg,L. Lokallisten Lolland,"Bjarne Hansen, Horslunde",0,Lolland Kommune,Nej,Nej
kommunalvalg,L. Lokallisten Lolland,"Brian Hansen, Nakskov",0,Lolland Kommune,Nej,Nej
kommunalvalg,L. Lokallisten Lolland,"Henriette Hansen, Søllested",0,Lolland Kommune,Nej,Nej
kommunalvalg,L. Lokallisten Lolland,"Henrik Rasmussen, Nørreballe",0,Lolland Kommune,Nej,Nej
kommunalvalg,L. Lokallisten Lolland,"Jens Erik Kistrup, Søllested",0,Lolland Kommune,Nej,Nej
kommunalvalg,L. Lokallisten Lolland,"Leif Utermöhl, Sandby",0,Lolland Kommune,Nej,Nej
kommunalvalg,L. Lokallisten Lolland,Listestemmer,0,Lolland Kommune,Nej,Nej
kommunalvalg,L. Lokallisten Lolland,"Per Rasmussen, Dannemare",0,Lolland Kommune,Nej,Nej
kommunalvalg,L. Lokallisten Lolland,"Per Skov Madsen, Askø",0,Lolland Kommune,Nej,Nej
kommunalvalg,L. Lokallisten Lolland,"René Frederiksen, Nakskov",0,Lolland Kommune,Nej,Nej
kommunalvalg,L. Lokallisten Lolland,"Stig Øhl, Holeby",0,Lolland Kommune,Nej,Nej
kommunalvalg,L. Lokallisten Ny Egedal,"Bent Dolowy Hansen, Søsum",0,Egedal Kommune,Nej,Nej
kommunalvalg,L. Lokallisten Ny Egedal,"Claus Bruncke, Ølstykke",0,Egedal Kommune,Nej,Nej
kommunalvalg,L. Lokallisten Ny Egedal,"Frederik Stub, Smørum",0,Egedal Kommune,Nej,Nej
kommunalvalg,L. Lokallisten Ny Egedal,"Frederikke Pudselykke, Veksø",0,Egedal Kommune,Nej,Nej
kommunalvalg,L. Lokallisten Ny Egedal,"Freja Vesterløkke, Slagslunde",0,Egedal Kommune,Nej,Nej
kommunalvalg,L. Lokallisten Ny Egedal,"Illa Jepsen, Ølstykke",0,Egedal Kommune,Nej,Nej
kommunalvalg,L. Lokallisten Ny Egedal,"Janus Veje, Stenløse",0,Egedal Kommune,Nej,Nej
kommunalvalg,L. Lokallisten Ny Egedal,"Jørgen Clausen, Buresø",0,Egedal Kommune,Nej,Nej
kommunalvalg,L. Lokallisten Ny Egedal,"Karl Vilhelm Nielsen, Smørum",0,Egedal Kommune,Nej,Nej
kommunalvalg,L. Lokallisten Ny Egedal,"Kim Larsen, Ølstykke",0,Egedal Kommune,Nej,Nej
kommunalvalg,L. Lokallisten Ny Egedal,"Lars Winther Andersen, Stenløse",0,Egedal Kommune,Nej,Nej
kommunalvalg,L. Lokallisten Ny Egedal,Listestemmer,0,Egedal Kommune,Nej,Nej
kommunalvalg,L. Lokallisten Ny Egedal,"Mikkel Seierø, Ølstykke",0,Egedal Kommune,Nej,Nej
kommunalvalg,L. Lokallisten Ny Egedal,"Niels Lindhardt Johansen, Ganløse",0,Egedal Kommune,Nej,Nej
kommunalvalg,L. Lokallisten Ny Egedal,"Ole Eckhaus, Smørum",0,Egedal Kommune,Nej,Nej
kommunalvalg,L. Lokallisten Ny Egedal,"Paskar Paramasamy, Smørum",0,Egedal Kommune,Nej,Nej
kommunalvalg,L. Lokallisten Ny Egedal,"Susanne Kongsaa, Ølstykke",0,Egedal Kommune,Nej,Nej
kommunalvalg,L. Lokallisten Ny Egedal,"Tobias Fisch Albrechtsen, Ganløse",0,Egedal Kommune,Nej,Nej
kommunalvalg,L. Lokallisten Ny Egedal,"Ulrik John Nielsen, Ganløse",0,Egedal Kommune,Nej,Nej
kommunalvalg,L. Lokallisten Roskilde,"Anne Fabricius Murmann, Trekroner",0,Roskilde Kommune,Nej,Nej
kommunalvalg,L. Lokallisten Roskilde,"Bo H. Jensen, Jyllinge",0,Roskilde Kommune,Nej,Nej
kommunalvalg,L. Lokallisten Roskilde,"David Løth, Roskilde",0,Roskilde Kommune,Nej,Nej
kommunalvalg,L. Lokallisten Roskilde,"Jonas Gotfredsen, Roskilde",0,Roskilde Kommune,Nej,Nej
kommunalvalg,L. Lokallisten Roskilde,"Laura Borre, Roskilde",0,Roskilde Kommune,Nej,Nej
kommunalvalg,L. Lokallisten Roskilde,Listestemmer,0,Roskilde Kommune,Nej,Nej
kommunalvalg,L. Lokallisten Roskilde,"Mette Kristensen, Svogerslev",0,Roskilde Kommune,Nej,Nej
kommunalvalg,L. Lokallisten Roskilde,"Nanna Feld, Viby Sj.",0,Roskilde Kommune,Nej,Nej
kommunalvalg,L. Lokallisten Roskilde,"Niels Kramme Pedersen, Svogerslev",0,Roskilde Kommune,Nej,Nej
kommunalvalg,L. Lokallisten Roskilde,"Nikolaj Vandrup, Trekroner",0,Roskilde Kommune,Nej,Nej
kommunalvalg,L. Lokallisten Roskilde,"Signe Plambæk, Roskilde",0,Roskilde Kommune,Nej,Nej
kommunalvalg,L. Lokallisten Roskilde,"Trine Borre, Roskilde",0,Roskilde Kommune,Nej,Nej
kommunalvalg,L. Lokallisten Ærø,Anne Hejse,14,Ærø Kommune,Nej,Nej
kommunalvalg,L. Lokallisten Ærø,Carsten Wolff Hansen,2,Ærø Kommune,Nej,Nej
kommunalvalg,L. Lokallisten Ærø,Gitte Slejborg,22,Ærø Kommune,Nej,Nej
kommunalvalg,L. Lokallisten Ærø,Helle Henrikka Mattsson,14,Ærø Kommune,Nej,Nej
kommunalvalg,L. Lokallisten Ærø,Listestemmer,32,Ærø Kommune,Nej,Nej
kommunalvalg,L. Lokallisten Ærø,Sine Agerholm,102,Ærø Kommune,Nej,Nej
kommunalvalg,L. Lokalt Fokus,Enyah Zeliina Torsbakke,0,Odsherred Kommune,Nej,Nej
kommunalvalg,L. Lokalt Fokus,Kenn Vagn Larsen,0,Odsherred Kommune,Nej,Nej
kommunalvalg,L. Lokalt Fokus,Kim Christiansen,0,Odsherred Kommune,Nej,Nej
kommunalvalg,L. Lokalt Fokus,Kim Rune Jensen,0,Odsherred Kommune,Nej,Nej
kommunalvalg,L. Lokalt Fokus,Listestemmer,0,Odsherred Kommune,Nej,Nej
kommunalvalg,L. Lokalt Fokus,Maria Liv Holck,0,Odsherred Kommune,Nej,Nej
kommunalvalg,L. Lokalt Fokus,Maria Slott Petersen,0,Odsherred Kommune,Nej,Nej
kommunalvalg,L. Lokalt Fokus,Sandy Destiny Valentin,0,Odsherred Kommune,Nej,Nej
kommunalvalg,L. Louise Isager,Listestemmer,0,Silkeborg Kommune,Nej,Nej
kommunalvalg,L. Louise Isager,Louise Isager,0,Silkeborg Kommune,Nej,Nej
kommunalvalg,L. Læsø Borgerliste,Henning Malmmose Johansen,15,Læsø Kommune,Nej,Nej
kommunalvalg,L. Læsø Borgerliste,Jess Jessen-Klixbüll,19,Læsø Kommune,Nej,Nej
kommunalvalg,L. Læsø Borgerliste,Listestemmer,6,Læsø Kommune,Nej,Nej
kommunalvalg,L. Læsø Borgerliste,Marianne Gade,7,Læsø Kommune,Nej,Nej
kommunalvalg,L. Miljølisten Horsens,Anni Jakobsen,0,Horsens Kommune,Nej,Nej
kommunalvalg,L. Miljølisten Horsens,Listestemmer,0,Horsens Kommune,Nej,Nej
kommunalvalg,L. Skive-Listen,"Gorm Wæhrens, Fur",0,Skive Kommune,Nej,Nej
kommunalvalg,L. Skive-Listen,"Hassan Mahmoud Albarawi, Skive",0,Skive Kommune,Nej,Nej
kommunalvalg,L. Skive-Listen,"Lars Offersen, Skive",0,Skive Kommune,Nej,Nej
kommunalvalg,L. Skive-Listen,"Lars Thoft Thomsen, Skive",0,Skive Kommune,Nej,Nej
kommunalvalg,L. Skive-Listen,"Leif Winther, Skive",0,Skive Kommune,Nej,Nej
kommunalvalg,L. Skive-Listen,"Lilian Iben Barnwell, Ørslevkloster",0,Skive Kommune,Nej,Nej
kommunalvalg,L. Skive-Listen,Listestemmer,0,Skive Kommune,Nej,Nej
kommunalvalg,L. Skive-Listen,"Marianne Bro, Vinde",0,Skive Kommune,Nej,Nej
kommunalvalg,L. Skive-Listen,"Ole Lindhard, Skive",0,Skive Kommune,Nej,Nej
kommunalvalg,L. Skive-Listen,"Per Jeppesen, Skive",0,Skive Kommune,Nej,Nej
kommunalvalg,L. Skive-Listen,"Ruth Kristensen, Skive",0,Skive Kommune,Nej,Nej
kommunalvalg,L. Skive-Listen,"Zenia Jacobsen, Rønbjerg",0,Skive Kommune,Nej,Nej
kommunalvalg,L. Storebæltslisten,Anders Nielsen,0,Slagelse Kommune,Nej,Nej
kommunalvalg,L. Storebæltslisten,Anette Voss,0,Slagelse Kommune,Nej,Nej
kommunalvalg,L. Storebæltslisten,Kasper Jørgensen,0,Slagelse Kommune,Nej,Nej
kommunalvalg,L. Storebæltslisten,Listestemmer,0,Slagelse Kommune,Nej,Nej
kommunalvalg,L. Storebæltslisten,Nageib Hanin,0,Slagelse Kommune,Nej,Nej
kommunalvalg,L. Storebæltslisten,Peter Sonne,0,Slagelse Kommune,Nej,Nej
kommunalvalg,L. Storebæltslisten,Tina Lyngbye,0,Slagelse Kommune,Nej,Nej
kommunalvalg,L. Storebæltslisten,Troels Christensen,0,Slagelse Kommune,Nej,Nej
kommunalvalg,L. Sydamagerlisten,Andreas Søderman,7,Dragør Kommune,Nej,Nej
kommunalvalg,L. Sydamagerlisten,Finn Venningbo,8,Dragør Kommune,Nej,Nej
kommunalvalg,L. Sydamagerlisten,Flemming Blønd,106,Dragør Kommune,Nej,Nej
kommunalvalg,L. Sydamagerlisten,Helle Strange Olsen,12,Dragør Kommune,Nej,Nej
kommunalvalg,L. Sydamagerlisten,Jens Peter Høegh,5,Dragør Kommune,Nej,Nej
kommunalvalg,L. Sydamagerlisten,Lars Augsburg,14,Dragør Kommune,Nej,Nej
kommunalvalg,L. Sydamagerlisten,Leif C. Glyager,7,Dragør Kommune,Nej,Nej
kommunalvalg,L. Sydamagerlisten,Listestemmer,96,Dragør Kommune,Nej,Nej
kommunalvalg,L. Sydamagerlisten,Michael Rachlin,22,Dragør Kommune,Nej,Nej
kommunalvalg,L. Sydamagerlisten,Thomas Vibroe Wærling,31,Dragør Kommune,Nej,Nej
kommunalvalg,L. Sydamagerlisten,Tommas Brogaard,8,Dragør Kommune,Nej,Nej
kommunalvalg,L. Vendelbo-Listen,"Anne V. Lauritsen, Rakkeby",138,Hjørring Kommune,Nej,Nej
kommunalvalg,L. Vendelbo-Listen,"Asta Bjerre, Bollehede",3,Hjørring Kommune,Nej,Nej
kommunalvalg,L. Vendelbo-Listen,"Birthe Andersen, Hjørring",4,Hjørring Kommune,Nej,Nej
kommunalvalg,L. Vendelbo-Listen,"Erik Høgh-Sørensen, Sindal",503,Hjørring Kommune,Nej,Nej
kommunalvalg,L. Vendelbo-Listen,"Frank Jørgensen, Fjerritslev",0,Jammerbugt Kommune,Nej,Nej
kommunalvalg,L. Vendelbo-Listen,"Gunnar E. Nielsen, Hjørring",1,Hjørring Kommune,Nej,Nej
kommunalvalg,L. Vendelbo-Listen,"Jane Borring Larsen, Hjørring",4,Hjørring Kommune,Nej,Nej
kommunalvalg,L. Vendelbo-Listen,"Jesper Riis Hansen, Aabybro",0,Jammerbugt Kommune,Nej,Nej
kommunalvalg,L. Vendelbo-Listen,"John Bjerg, Pandrup",0,Jammerbugt Kommune,Nej,Nej
kommunalvalg,L. Vendelbo-Listen,"Kristian Jensen, Bindslev",20,Hjørring Kommune,Nej,Nej
kommunalvalg,L. Vendelbo-Listen,"Lindhardt Højen, Kaas",0,Jammerbugt Kommune,Nej,Nej
kommunalvalg,L. Vendelbo-Listen,Listestemmer,186,Hjørring Kommune,Nej,Nej
kommunalvalg,L. Vendelbo-Listen,"Marthin Stadsvold, Løkken",8,Hjørring Kommune,Nej,Nej
kommunalvalg,L. Vendelbo-Listen,"Mette Præstegaard, Hirtshals",18,Hjørring Kommune,Nej,Nej
kommunalvalg,L. Vendelbo-Listen,"Ole Flemming Jespersen, Hjørring",1,Hjørring Kommune,Nej,Nej
kommunalvalg,L. Vendelbo-Listen,"Ole Moltsen, Tårs",7,Hjørring Kommune,Nej,Nej
kommunalvalg,L. Vendelbo-Listen,"Ove Birk, Hjørring",11,Hjørring Kommune,Nej,Nej
kommunalvalg,L. Vendelbo-Listen,"Per Kanstrup, Vrå",41,Hjørring Kommune,Nej,Nej
kommunalvalg,L. Vendelbo-Listen,"Simon Hoekstra, Tolne",9,Hjørring Kommune,Nej,Nej
kommunalvalg,L. Vendelbo-Listen,"Søren Pagh Albers, V. Thorup",0,Jammerbugt Kommune,Nej,Nej
kommunalvalg,L. Vendelbo-Listen,"Tania Lange, Hjørring",103,Hjørring Kommune,Nej,Nej
kommunalvalg,L. Vi Lokale Demokrater,Carsten Kudsk,0,Nyborg Kommune,Nej,Nej
kommunalvalg,L. Vi Lokale Demokrater,"Irene Jeppesen, Vissenbjerg",0,Assens Kommune,Nej,Nej
kommunalvalg,L. Vi Lokale Demokrater,Kennet Ravn,0,Nyborg Kommune,Nej,Nej
kommunalvalg,L. Vi Lokale Demokrater,Lisa Ravn,0,Nyborg Kommune,Nej,Nej
kommunalvalg,L. Vi Lokale Demokrater,Listestemmer,0,Nyborg Kommune,Nej,Nej
kommunalvalg,L. Vordingborg Borgerliste,"Alex Mortensen, Stege",0,Vordingborg Kommune,Nej,Nej
kommunalvalg,L. Vordingborg Borgerliste,"Claus Jørgensen, Stensved",0,Vordingborg Kommune,Nej,Nej
kommunalvalg,L. Vordingborg Borgerliste,"Dorte Mikkelsen, Stege",0,Vordingborg Kommune,Nej,Nej
kommunalvalg,L. Vordingborg Borgerliste,"Helle Jørgensen, Stensved",0,Vordingborg Kommune,Nej,Nej
kommunalvalg,L. Vordingborg Borgerliste,"Holger H. Christensen, Præstø",0,Vordingborg Kommune,Nej,Nej
kommunalvalg,L. Vordingborg Borgerliste,"Jeanette Wentzel, Stege",0,Vordingborg Kommune,Nej,Nej
kommunalvalg,L. Vordingborg Borgerliste,"Jørn Rasmussen, Vordingborg",0,Vordingborg Kommune,Nej,Nej
kommunalvalg,L. Vordingborg Borgerliste,Listestemmer,0,Vordingborg Kommune,Nej,Nej
kommunalvalg,L. Vordingborg Borgerliste,"Marck Crillesen, Stege",0,Vordingborg Kommune,Nej,Nej
kommunalvalg,L. Vordingborg Borgerliste,"Tom Nielsen, Stege",0,Vordingborg Kommune,Nej,Nej
kommunalvalg,L. Vores Lokalliste,"Eric Valentin Lerche, Karlslunde",0,Greve Kommune,Nej,Nej
kommunalvalg,L. Vores Lokalliste,"Eyrun Helga Gunnarsdottir, Mosede",0,Greve Kommune,Nej,Nej
kommunalvalg,L. Vores Lokalliste,"Jannie Brandt, Greve Midtby",0,Greve Kommune,Nej,Nej
kommunalvalg,L. Vores Lokalliste,"Jørgen Gustavsen, Greve Midtby",0,Greve Kommune,Nej,Nej
kommunalvalg,L. Vores Lokalliste,"Liselott Blixt, Mosede",0,Greve Kommune,Nej,Nej
kommunalvalg,L. Vores Lokalliste,Listestemmer,0,Greve Kommune,Nej,Nej
kommunalvalg,L. Vores Lokalliste,"Per Jæger, Tune",0,Greve Kommune,Nej,Nej
kommunalvalg,M. Moderaterne,Abdinoor Adam Hassan,0,Odense Kommune,Nej,Nej
kommunalvalg,M. Moderaterne,Abdul Rehman Khan,0,Ishøj Kommune,Nej,Nej
kommunalvalg,M. Moderaterne,Ali Qais,0,Tårnby Kommune,Nej,Nej
kommunalvalg,M. Moderaterne,"Allan Sørensen, Nørremarken",0,Vejle Kommune,Nej,Nej
kommunalvalg,M. Moderaterne,Anders Axelsen,0,Københavns Kommune,Nej,Nej
kommunalvalg,M. Moderaterne,"Anders G. Jacobsen, Holstebro",0,Holstebro Kommune,Nej,Nej
kommunalvalg,M. Moderaterne,Anders Olsen,0,Ishøj Kommune,Nej,Nej
kommunalvalg,M. Moderaterne,Anders Skafte Hansen,0,Skive Kommune,Nej,Nej
kommunalvalg,M. Moderaterne,Andreas Lausen,0,Middelfart Kommune,Nej,Nej
kommunalvalg,M. Moderaterne,Andreas Møller,0,Odense Kommune,Nej,Nej
kommunalvalg,M. Moderaterne,Andreas Raben,0,Københavns Kommune,Nej,Nej
kommunalvalg,M. Moderaterne,"Andreas Simonsen Sinding, Vejle",0,Vejle Kommune,Nej,Nej
kommunalvalg,M. Moderaterne,Anette Bang Hendry,92,Hillerød Kommune,Nej,Nej
kommunalvalg,M. Moderaterne,Anna Peuliche Vogelsang,0,Roskilde Kommune,Nej,Nej
kommunalvalg,M. Moderaterne,"Anne-Lise Becker, Sakskøbing",0,Guldborgsund Kommune,Nej,Nej
kommunalvalg,M. Moderaterne,Annette Hansen,0,Rudersdal Kommune,Nej,Nej
kommunalvalg,M. Moderaterne,Annika Noëlle Brandt Madolid Knudsen,0,Tårnby Kommune,Nej,Nej
kommunalvalg,M. Moderaterne,"Arnbjørn Vatnhamar, Gjesing",0,Skanderborg Kommune,Nej,Nej
kommunalvalg,M. Moderaterne,Asger Hagelund,0,Københavns Kommune,Nej,Nej
kommunalvalg,M. Moderaterne,"Asger Jørnow, Sorø",35,Sorø Kommune,Nej,Nej
kommunalvalg,M. Moderaterne,Benjamin Fick,23,Rødovre Kommune,Nej,Nej
kommunalvalg,M. Moderaterne,"Bent Olsen, Vejle Øst",0,Vejle Kommune,Nej,Nej
kommunalvalg,M. Moderaterne,Bent Vestergaard,0,Silkeborg Kommune,Nej,Nej
kommunalvalg,M. Moderaterne,Bergur Løkke Rasmussen,0,Helsingør Kommune,Nej,Nej
kommunalvalg,M. Moderaterne,"Betina Andersen, Stenlille",20,Sorø Kommune,Nej,Nej
kommunalvalg,M. Moderaterne,"Betina Asbæk, Skovshoved",269,Gentofte Kommune,Nej,Nej
kommunalvalg,M. Moderaterne,Birgitte Raben Sørensen,0,Fredericia Kommune,Nej,Nej
kommunalvalg,M. Moderaterne,"Bjarne Andersen, Børkop",0,Vejle Kommune,Nej,Nej
kommunalvalg,M. Moderaterne,"Bjarne Block, Egtved",0,Vejle Kommune,Nej,Nej
kommunalvalg,M. Moderaterne,Bjarne Damberg,0,Furesø Kommune,Nej,Nej
kommunalvalg,M. Moderaterne,"Bjarne Pedersen, Gilleleje",0,Gribskov Kommune,Nej,Nej
kommunalvalg,M. Moderaterne,Brian Perri,0,Holbæk Kommune,Nej,Nej
kommunalvalg,M. Moderaterne,"Børge Løve, Strøby",0,Stevns Kommune,Nej,Nej
kommunalvalg,M. Moderaterne,Camilla Schuster Nygaard,164,Langeland Kommune,Nej,Nej
kommunalvalg,M. Moderaterne,Carina Rasmussen,0,Bornholms Regionskommune,Nej,Nej
kommunalvalg,M. Moderaterne,Carl Emil Møgelvang Nielsen,0,Helsingør Kommune,Nej,Nej
kommunalvalg,M. Moderaterne,Carsten Provstgaard,0,Hvidovre Kommune,Nej,Nej
kommunalvalg,M. Moderaterne,Casper Bech Nielsen,0,Allerød Kommune,Nej,Nej
kommunalvalg,M. Moderaterne,Casper Hedegaard,0,Københavns Kommune,Nej,Nej
kommunalvalg,M. Moderaterne,Cecilie Fisker,0,Frederiksberg Kommune,Nej,Nej
kommunalvalg,M. Moderaterne,"Cecilie Winther Kristensen, Systofte",0,Guldborgsund Kommune,Nej,Nej
kommunalvalg,M. Moderaterne,Charlotte Haagendrup,0,Egedal Kommune,Nej,Nej
kommunalvalg,M. Moderaterne,Charlotte Mia Kongshammer,0,Lyngby-Taarbæk Kommune,Nej,Nej
kommunalvalg,M. Moderaterne,"Chris Holmsgaard, Aalborg",0,Aalborg Kommune,Nej,Nej
kommunalvalg,M. Moderaterne,"Christian Palmelund, Osted",0,Lejre Kommune,Nej,Nej
kommunalvalg,M. Moderaterne,Claus Ladefoged,0,Rudersdal Kommune,Nej,Nej
kommunalvalg,M. Moderaterne,"Claus Wiese, Skanderborg",0,Skanderborg Kommune,Nej,Nej
kommunalvalg,M. Moderaterne,"Conny Bruun, Vejby",0,Gribskov Kommune,Nej,Nej
kommunalvalg,M. Moderaterne,David Rosenstrøm,0,Rudersdal Kommune,Nej,Nej
kommunalvalg,M. Moderaterne,Deniz Kücükavci,0,Herlev Kommune,Nej,Nej
kommunalvalg,M. Moderaterne,"Dennis Holm, Skælskør",0,Slagelse Kommune,Nej,Nej
kommunalvalg,M. Moderaterne,Dennis Soleymani,0,Odense Kommune,Nej,Nej
kommunalvalg,M. Moderaterne,"Ditte Ravn Kaagaard, Volsted",0,Aalborg Kommune,Nej,Nej
kommunalvalg,M. Moderaterne,Dorthe Beck-Nyling,0,Københavns Kommune,Nej,Nej
kommunalvalg,M. Moderaterne,Ellen Emilie,0,Københavns Kommune,Nej,Nej
kommunalvalg,M. Moderaterne,"Elsebeth Trap, Nivå",31,Fredensborg Kommune,Nej,Nej
kommunalvalg,M. Moderaterne,"Emil Roest, Vordingborg",0,Vordingborg Kommune,Nej,Nej
kommunalvalg,M. Moderaterne,Emin Bülent Kaya,0,Køge Kommune,Nej,Nej
kommunalvalg,M. Moderaterne,Erik Moesby Nordstrøm,0,Furesø Kommune,Nej,Nej
kommunalvalg,M. Moderaterne,Evis Sadikaj,0,Odense Kommune,Nej,Nej
kommunalvalg,M. Moderaterne,"Fayez Safia, Nørresundby",0,Aalborg Kommune,Nej,Nej
kommunalvalg,M. Moderaterne,"Flemming Eilstrup Jonassen, Brøndbyvester",0,Brøndby Kommune,Nej,Nej
kommunalvalg,M. Moderaterne,Flemming Jahns,0,Odense Kommune,Nej,Nej
kommunalvalg,M. Moderaterne,"Flemming Trojel, Vejby",0,Gribskov Kommune,Nej,Nej
kommunalvalg,M. Moderaterne,Frank Reeckmann,0,Frederikshavn Kommune,Nej,Nej
kommunalvalg,M. Moderaterne,Freddy Meng,0,Silkeborg Kommune,Nej,Nej
kommunalvalg,M. Moderaterne,Frederik Lau Petersen,107,Rødovre Kommune,Nej,Nej
kommunalvalg,M. Moderaterne,"Frida Bruun, Føvling",0,Vejen Kommune,Nej,Nej
kommunalvalg,M. Moderaterne,"Frida Qvist Kristensen, Skælskør",0,Slagelse Kommune,Nej,Nej
kommunalvalg,M. Moderaterne,Gitte Bjerremand Andersen,0,Billund Kommune,Nej,Nej
kommunalvalg,M. Moderaterne,Gitte Møller,0,Roskilde Kommune,Nej,Nej
kommunalvalg,M. Moderaterne,"Gustav Søndergaard, Frederiksbjerg",0,Aarhus Kommune,Nej,Nej
kommunalvalg,M. Moderaterne,"Hameed Akhtar Bakhsh, Nivå",10,Fredensborg Kommune,Nej,Nej
kommunalvalg,M. Moderaterne,Hans-Jørgen Jagd,0,Fredericia Kommune,Nej,Nej
kommunalvalg,M. Moderaterne,Helle Sjelle,0,Frederiksberg Kommune,Nej,Nej
kommunalvalg,M. Moderaterne,Henrik Bartels Christensen,0,Billund Kommune,Nej,Nej
kommunalvalg,M. Moderaterne,"Henrik Bro Lund, Ribe",0,Esbjerg Kommune,Nej,Nej
kommunalvalg,M. Moderaterne,Henrik D. Mikkelsen,0,Egedal Kommune,Nej,Nej
kommunalvalg,M. Moderaterne,Henrik Gravesen,0,Holbæk Kommune,Nej,Nej
kommunalvalg,M. Moderaterne,Henrik Herman,0,Rudersdal Kommune,Nej,Nej
kommunalvalg,M. Moderaterne,Henrik Jørgensen,184,Hillerød Kommune,Nej,Nej
kommunalvalg,M. Moderaterne,"Henrik Lindholt Nielsen, Holstebro",0,Holstebro Kommune,Nej,Nej
kommunalvalg,M. Moderaterne,"Henrik Maximus Hougaard, Holstebro",0,Holstebro Kommune,Nej,Nej
kommunalvalg,M. Moderaterne,Henrik Rejnholt Andersen,0,Randers Kommune,Nej,Nej
kommunalvalg,M. Moderaterne,Henrik Rützou Aakast,76,Faxe Kommune,Nej,Nej
kommunalvalg,M. Moderaterne,"Henrik Vest, Løjt Kirkeby",0,Aabenraa Kommune,Nej,Nej
kommunalvalg,M. Moderaterne,"Ida Lildballe, Jels",0,Vejen Kommune,Nej,Nej
kommunalvalg,M. Moderaterne,Inge Feigh,13,Faxe Kommune,Nej,Nej
kommunalvalg,M. Moderaterne,Injam Khokhar,77,Rødovre Kommune,Nej,Nej
kommunalvalg,M. Moderaterne,Irene Rosén,0,Køge Kommune,Nej,Nej
kommunalvalg,M. Moderaterne,Iulian Lucau,0,Odense Kommune,Nej,Nej
kommunalvalg,M. Moderaterne,Ivar Nørlund,0,Billund Kommune,Nej,Nej
kommunalvalg,M. Moderaterne,"Jacob Kronby Schulze, Brøndbyøster",0,Brøndby Kommune,Nej,Nej
kommunalvalg,M. Moderaterne,Jacob Lillelund Bech,0,Roskilde Kommune,Nej,Nej
kommunalvalg,M. Moderaterne,Jakob Trier,0,Gladsaxe Kommune,Nej,Nej
kommunalvalg,M. Moderaterne,Jan Carlsen,0,Roskilde Kommune,Nej,Nej
kommunalvalg,M. Moderaterne,Jan Mbayani Aagaard Munk,0,Randers Kommune,Nej,Nej
kommunalvalg,M. Moderaterne,Jan Sahlgren,12,Dragør Kommune,Nej,Nej
kommunalvalg,M. Moderaterne,Jens Damsgaard Christiansen,0,Odsherred Kommune,Nej,Nej
kommunalvalg,M. Moderaterne,Jens Kirkeby,0,Herning Kommune,Nej,Nej
kommunalvalg,M. Moderaterne,Jens Müller,0,Roskilde Kommune,Nej,Nej
kommunalvalg,M. Moderaterne,"Jens Nygaard, Sorø",8,Sorø Kommune,Nej,Nej
kommunalvalg,M. Moderaterne,"Jens Winther, Ørting",35,Odder Kommune,Nej,Nej
kommunalvalg,M. Moderaterne,"Jeppe von Berg, Viborg",63,Viborg Kommune,Nej,Nej
kommunalvalg,M. Moderaterne,"Jesper Blomberg, Nykøbing F.",0,Guldborgsund Kommune,Nej,Nej
kommunalvalg,M. Moderaterne,"Jesper H. Gottlieb, Frederiksværk",0,Halsnæs Kommune,Nej,Nej
kommunalvalg,M. Moderaterne,Jesper Møllmann,36,Langeland Kommune,Nej,Nej
kommunalvalg,M. Moderaterne,"Jesper Puggaard de Oliveira Hansen, Broager",0,Sønderborg Kommune,Nej,Nej
kommunalvalg,M. Moderaterne,Jesper Slott,0,Middelfart Kommune,Nej,Nej
kommunalvalg,M. Moderaterne,"Johnni Winther, Vodskov",0,Aalborg Kommune,Nej,Nej
kommunalvalg,M. Moderaterne,"Johnny Andersen, Nykøbing F.",0,Guldborgsund Kommune,Nej,Nej
kommunalvalg,M. Moderaterne,"Johnny Braginski, Vejby",0,Gribskov Kommune,Nej,Nej
kommunalvalg,M. Moderaterne,"Johnny Lassen, Sønderhav",0,Aabenraa Kommune,Nej,Nej
kommunalvalg,M. Moderaterne,Jonas Bondrop,0,Herning Kommune,Nej,Nej
kommunalvalg,M. Moderaterne,Jonas H. Petersen,0,Odense Kommune,Nej,Nej
kommunalvalg,M. Moderaterne,"Josee Linnemann, Fredensborg",126,Fredensborg Kommune,Nej,Nej
kommunalvalg,M. Moderaterne,"Jørgen Kragh, Holløse",0,Gribskov Kommune,Nej,Nej
kommunalvalg,M. Moderaterne,"Jørgen Larsen, Dianalund",14,Sorø Kommune,Nej,Nej
kommunalvalg,M. Moderaterne,"Jørgen Larsen, Hårlev",0,Stevns Kommune,Nej,Nej
kommunalvalg,M. Moderaterne,Jørn Hulgard,0,Køge Kommune,Nej,Nej
kommunalvalg,M. Moderaterne,"Kamila Holt, Munkebo",45,Kerteminde Kommune,Nej,Nej
kommunalvalg,M. Moderaterne,"Kamilla Brøckner Barslund, Helsinge",0,Gribskov Kommune,Nej,Nej
kommunalvalg,M. Moderaterne,"Karan Khosla, Gentofte",78,Gentofte Kommune,Nej,Nej
kommunalvalg,M. Moderaterne,"Karina Holst, Ballerup",0,Ballerup Kommune,Nej,Nej
kommunalvalg,M. Moderaterne,Karl Peter Warming,7,Langeland Kommune,Nej,Nej
kommunalvalg,M. Moderaterne,Kasper Haagensen,0,Lyngby-Taarbæk Kommune,Nej,Nej
kommunalvalg,M. Moderaterne,Kasper Kristensen,110,Næstved Kommune,Nej,Nej
kommunalvalg,M. Moderaterne,Kasper Kruse,0,Frederikshavn Kommune,Nej,Nej
kommunalvalg,M. Moderaterne,"Kasper Nygaard, Pedersborg",265,Sorø Kommune,Nej,Nej
kommunalvalg,M. Moderaterne,Kasper-Peder Von Bach,0,Odense Kommune,Nej,Nej
kommunalvalg,M. Moderaterne,"Kenneth Erichsen, Ruds vedby",17,Sorø Kommune,Nej,Nej
kommunalvalg,M. Moderaterne,"Kim B. Sørensen, Flakkebjerg",0,Slagelse Kommune,Nej,Nej
kommunalvalg,M. Moderaterne,Kim Laursen,0,Københavns Kommune,Nej,Nej
kommunalvalg,M. Moderaterne,"Kim Nielsen, Ballerup",0,Ballerup Kommune,Nej,Nej
kommunalvalg,M. Moderaterne,Kirstine van Sabben,0,Bornholms Regionskommune,Nej,Nej
kommunalvalg,M. Moderaterne,"Kit Kielstrup, Børkop",0,Vejle Kommune,Nej,Nej
kommunalvalg,M. Moderaterne,Kit Svendsen,134,Rødovre Kommune,Nej,Nej
kommunalvalg,M. Moderaterne,"Klavs A. Holm, Hellerup",173,Gentofte Kommune,Nej,Nej
kommunalvalg,M. Moderaterne,"Kristian Kremmer, Sakskøbing",0,Guldborgsund Kommune,Nej,Nej
kommunalvalg,M. Moderaterne,Kristopher Sørensen,0,Roskilde Kommune,Nej,Nej
kommunalvalg,M. Moderaterne,Kurt Pii,0,Frederiksberg Kommune,Nej,Nej
kommunalvalg,M. Moderaterne,Lars Abel,0,Gladsaxe Kommune,Nej,Nej
kommunalvalg,M. Moderaterne,"Lars Blach Jensen, Stege",0,Vordingborg Kommune,Nej,Nej
kommunalvalg,M. Moderaterne,"Lars Bloch, Frederiksværk",0,Halsnæs Kommune,Nej,Nej
kommunalvalg,M. Moderaterne,Lars Christian Funk,0,Bornholms Regionskommune,Nej,Nej
kommunalvalg,M. Moderaterne,Lars Hansen,0,Herlev Kommune,Nej,Nej
kommunalvalg,M. Moderaterne,Lars Kiib Hecht,4,Dragør Kommune,Nej,Nej
kommunalvalg,M. Moderaterne,Lars Lindskov,0,Roskilde Kommune,Nej,Nej
kommunalvalg,M. Moderaterne,Lars Møller,0,Fredericia Kommune,Nej,Nej
kommunalvalg,M. Moderaterne,Lars Schmidt,87,Hillerød Kommune,Nej,Nej
kommunalvalg,M. Moderaterne,"Lars Stegman, Hundested",0,Halsnæs Kommune,Nej,Nej
kommunalvalg,M. Moderaterne,Lasse Oszadlik,0,Bornholms Regionskommune,Nej,Nej
kommunalvalg,M. Moderaterne,Laura Jensen,126,Hjørring Kommune,Nej,Nej
kommunalvalg,M. Moderaterne,"Leif Griffenfeldt Carlsen, Vallø",0,Stevns Kommune,Nej,Nej
kommunalvalg,M. Moderaterne,"Lene Bach Nørgaard, Karup",99,Viborg Kommune,Nej,Nej
kommunalvalg,M. Moderaterne,"Lene-Theresa Hansen, Skodborg",0,Vejen Kommune,Nej,Nej
kommunalvalg,M. Moderaterne,Line Christoffersen,0,Høje-Taastrup Kommune,Nej,Nej
kommunalvalg,M. Moderaterne,"Line Vind, Frederiksberg",14,Sorø Kommune,Nej,Nej
kommunalvalg,M. Moderaterne,Lis Nordstrøm,0,Furesø Kommune,Nej,Nej
kommunalvalg,M. Moderaterne,Lisbeth Dam Larsen,80,Dragør Kommune,Nej,Nej
kommunalvalg,M. Moderaterne,Listestemmer,1334,Aalborg Kommune,Nej,Nej
kommunalvalg,M. Moderaterne,Lizzi Tvede Waagstein,0,Roskilde Kommune,Nej,Nej
kommunalvalg,M. Moderaterne,"Lone Hansen, Esbjerg",0,Esbjerg Kommune,Nej,Nej
kommunalvalg,M. Moderaterne,Lone Haugaard,0,Frederikshavn Kommune,Nej,Nej
kommunalvalg,M. Moderaterne,"Louise Aggebo, Helsinge",0,Gribskov Kommune,Nej,Nej
kommunalvalg,M. Moderaterne,Louise Gøtterup,0,Helsingør Kommune,Nej,Nej
kommunalvalg,M. Moderaterne,Mads Freund,0,Frederiksberg Kommune,Nej,Nej
kommunalvalg,M. Moderaterne,"Mads Konge, Slagelse",0,Slagelse Kommune,Nej,Nej
kommunalvalg,M. Moderaterne,Mads Søe Daugaard,0,Kalundborg Kommune,Nej,Nej
kommunalvalg,M. Moderaterne,"Maj Grundtvig Theander, Humlebæk",118,Fredensborg Kommune,Nej,Nej
kommunalvalg,M. Moderaterne,Maj-Britt Frisch,0,Allerød Kommune,Nej,Nej
kommunalvalg,M. Moderaterne,"Malene Ringberg, Hørning",0,Skanderborg Kommune,Nej,Nej
kommunalvalg,M. Moderaterne,Marcus Sabri,0,Helsingør Kommune,Nej,Nej
kommunalvalg,M. Moderaterne,Maria Falk Røjsmose,0,Odense Kommune,Nej,Nej
kommunalvalg,M. Moderaterne,Martin Albeck,0,Hvidovre Kommune,Nej,Nej
kommunalvalg,M. Moderaterne,"Martin Risgaard, Viby",0,Aarhus Kommune,Nej,Nej
kommunalvalg,M. Moderaterne,"Martin Sanderhoff, Bjerringbro",167,Viborg Kommune,Nej,Nej
kommunalvalg,M. Moderaterne,"Mary Viller, Strøby Egede",0,Stevns Kommune,Nej,Nej
kommunalvalg,M. Moderaterne,"Masoud Watandost, Vejle",0,Vejle Kommune,Nej,Nej
kommunalvalg,M. Moderaterne,Mathias Precht,0,Tårnby Kommune,Nej,Nej
kommunalvalg,M. Moderaterne,Mathilde Frank,0,Odense Kommune,Nej,Nej
kommunalvalg,M. Moderaterne,Max Minor,0,Glostrup Kommune,Nej,Nej
kommunalvalg,M. Moderaterne,Mette Munck,0,Rudersdal Kommune,Nej,Nej
kommunalvalg,M. Moderaterne,Mia Linda Møller,205,Næstved Kommune,Nej,Nej
kommunalvalg,M. Moderaterne,Michael Augustine,0,Kalundborg Kommune,Nej,Nej
kommunalvalg,M. Moderaterne,Michael Filtenborg,0,Odense Kommune,Nej,Nej
kommunalvalg,M. Moderaterne,Michelle Bech Friis,0,Randers Kommune,Nej,Nej
kommunalvalg,M. Moderaterne,Michelle Silke Hauptmann,0,Holbæk Kommune,Nej,Nej
kommunalvalg,M. Moderaterne,"Mikael Kaae Andersen, Nørresundby",0,Aalborg Kommune,Nej,Nej
kommunalvalg,M. Moderaterne,Mikael Munk,0,Rudersdal Kommune,Nej,Nej
kommunalvalg,M. Moderaterne,"Miriam Holm, Esbjerg",0,Esbjerg Kommune,Nej,Nej
kommunalvalg,M. Moderaterne,"Mogens Grunnet, Humlebæk",12,Fredensborg Kommune,Nej,Nej
kommunalvalg,M. Moderaterne,"Mogens Haugaard, Rødvig",0,Stevns Kommune,Nej,Nej
kommunalvalg,M. Moderaterne,"Mohammad Rona, Aalborg",0,Aalborg Kommune,Nej,Nej
kommunalvalg,M. Moderaterne,Morten Arvidsson,0,Frederikshavn Kommune,Nej,Nej
kommunalvalg,M. Moderaterne,Morten Hell,302,Kolding Kommune,Nej,Nej
kommunalvalg,M. Moderaterne,"Morten Philipps, Hansted",0,Horsens Kommune,Nej,Nej
kommunalvalg,M. Moderaterne,Nicklas Spånberg,0,Hørsholm Kommune,Nej,Nej
kommunalvalg,M. Moderaterne,Nico Blier-Silvestri,0,Københavns Kommune,Nej,Nej
kommunalvalg,M. Moderaterne,Nicolai Eriksen,0,Lyngby-Taarbæk Kommune,Nej,Nej
kommunalvalg,M. Moderaterne,"Nicolai Molin, Ballerup",0,Ballerup Kommune,Nej,Nej
kommunalvalg,M. Moderaterne,Nikolaj C. Andersen,0,Frederikshavn Kommune,Nej,Nej
kommunalvalg,M. Moderaterne,Nikolaj Wesley Simonsen,0,Egedal Kommune,Nej,Nej
kommunalvalg,M. Moderaterne,Noor Hamoody,0,Tårnby Kommune,Nej,Nej
kommunalvalg,M. Moderaterne,"Ole J. J. Jensen, Ringe",0,Faaborg-Midtfyn Kommune,Nej,Nej
kommunalvalg,M. Moderaterne,Paw Rytter,90,Hjørring Kommune,Nej,Nej
kommunalvalg,M. Moderaterne,Peder Helt,0,Høje-Taastrup Kommune,Nej,Nej
kommunalvalg,M. Moderaterne,Per Birkedal,0,Holbæk Kommune,Nej,Nej
kommunalvalg,M. Moderaterne,Per Rask Jensen,0,Varde Kommune,Nej,Nej
kommunalvalg,M. Moderaterne,Pernille Christensen,0,Gladsaxe Kommune,Nej,Nej
kommunalvalg,M. Moderaterne,"Pernille Kromann Sams, Annisse",0,Gribskov Kommune,Nej,Nej
kommunalvalg,M. Moderaterne,Pernille Schnoor,0,Hørsholm Kommune,Nej,Nej
kommunalvalg,M. Moderaterne,"Pernille Søndergaard, Helsinge",0,Gribskov Kommune,Nej,Nej
kommunalvalg,M. Moderaterne,Peter A. Breum,0,Gladsaxe Kommune,Nej,Nej
kommunalvalg,M. Moderaterne,Peter Johansen,0,Rudersdal Kommune,Nej,Nej
kommunalvalg,M. Moderaterne,"Peter Maindal, Felstedskov",0,Aabenraa Kommune,Nej,Nej
kommunalvalg,M. Moderaterne,Peter Steiness,20,Næstved Kommune,Nej,Nej
kommunalvalg,M. Moderaterne,"Polly Bak Dutschke, Aarhus",0,Aarhus Kommune,Nej,Nej
kommunalvalg,M. Moderaterne,"Poul Holm Christensen, Harlev J",0,Aarhus Kommune,Nej,Nej
kommunalvalg,M. Moderaterne,"Preben Thorsen, Dybbøl",0,Sønderborg Kommune,Nej,Nej
kommunalvalg,M. Moderaterne,Preben Tornø Fussing,0,Herlev Kommune,Nej,Nej
kommunalvalg,M. Moderaterne,Rasmus Abrahamsen,0,Greve Kommune,Nej,Nej
kommunalvalg,M. Moderaterne,"Rasmus Meggele Stein, Rødvig",0,Stevns Kommune,Nej,Nej
kommunalvalg,M. Moderaterne,Rene Skov,0,Odsherred Kommune,Nej,Nej
kommunalvalg,M. Moderaterne,René Arnt,0,Høje-Taastrup Kommune,Nej,Nej
kommunalvalg,M. Moderaterne,"René Christensen, Systofte",0,Guldborgsund Kommune,Nej,Nej
kommunalvalg,M. Moderaterne,Rikke Kirstine Lomholt,35,Hjørring Kommune,Nej,Nej
kommunalvalg,M. Moderaterne,"Rolf Clausen, Fulby",10,Sorø Kommune,Nej,Nej
kommunalvalg,M. Moderaterne,"Rolf Gravesen, Nørresundby",0,Aalborg Kommune,Nej,Nej
kommunalvalg,M. Moderaterne,Rose Fassihi Karimi,0,Greve Kommune,Nej,Nej
kommunalvalg,M. Moderaterne,Sabrina Bach Meldgaard,81,Hillerød Kommune,Nej,Nej
kommunalvalg,M. Moderaterne,"Sanne Andreasen, Græsted",0,Gribskov Kommune,Nej,Nej
kommunalvalg,M. Moderaterne,"Sara Pernille Jespersen, Malling",0,Aarhus Kommune,Nej,Nej
kommunalvalg,M. Moderaterne,Sarah Jeno,0,Egedal Kommune,Nej,Nej
kommunalvalg,M. Moderaterne,"Serhat Kücükkart, Ballerup",0,Ballerup Kommune,Nej,Nej
kommunalvalg,M. Moderaterne,Simon Boje Groth,0,Københavns Kommune,Nej,Nej
kommunalvalg,M. Moderaterne,Simon Ødegaard Simonsen,0,Randers Kommune,Nej,Nej
kommunalvalg,M. Moderaterne,Simone Spånberg,0,Helsingør Kommune,Nej,Nej
kommunalvalg,M. Moderaterne,"Sinisa Lozo, Brabrand",0,Aarhus Kommune,Nej,Nej
kommunalvalg,M. Moderaterne,Smita Salagare,0,Odense Kommune,Nej,Nej
kommunalvalg,M. Moderaterne,Stephen Mose Aaskov,0,Frederikssund Kommune,Nej,Nej
kommunalvalg,M. Moderaterne,"Susan Kronborg, Skanderborg",0,Skanderborg Kommune,Nej,Nej
kommunalvalg,M. Moderaterne,Susanne Bartholdy,0,Rudersdal Kommune,Nej,Nej
kommunalvalg,M. Moderaterne,Susanne Heckmann,0,Ishøj Kommune,Nej,Nej
kommunalvalg,M. Moderaterne,"Søren B. Arvidsen, Grenaa",0,Norddjurs Kommune,Nej,Nej
kommunalvalg,M. Moderaterne,"Søren Christian Mikkelsen, Skals",176,Viborg Kommune,Nej,Nej
kommunalvalg,M. Moderaterne,"Søren Gotfredsen, Sorø",24,Sorø Kommune,Nej,Nej
kommunalvalg,M. Moderaterne,Søren Hyldgaard,0,Rudersdal Kommune,Nej,Nej
kommunalvalg,M. Moderaterne,Søren Klem,0,Helsingør Kommune,Nej,Nej
kommunalvalg,M. Moderaterne,Søren Vanting,0,Hedensted Kommune,Nej,Nej
kommunalvalg,M. Moderaterne,"Theis Clamer Hansen, Helsinge",0,Gribskov Kommune,Nej,Nej
kommunalvalg,M. Moderaterne,Thomas Elong,1161,Hillerød Kommune,Nej,Nej
kommunalvalg,M. Moderaterne,Thomas Frisch,0,Allerød Kommune,Nej,Nej
kommunalvalg,M. Moderaterne,Thomas Jean Nielsen,0,Frederiksberg Kommune,Nej,Nej
kommunalvalg,M. Moderaterne,"Thomas Kierkgaard, Ribe",0,Esbjerg Kommune,Nej,Nej
kommunalvalg,M. Moderaterne,Thomas Kok,0,Helsingør Kommune,Nej,Nej
kommunalvalg,M. Moderaterne,Thomas Kramer,233,Kolding Kommune,Nej,Nej
kommunalvalg,M. Moderaterne,Thomas Sichelkow,0,Københavns Kommune,Nej,Nej
kommunalvalg,M. Moderaterne,Thomas Skovgaard,0,Brønderslev Kommune,Nej,Nej
kommunalvalg,M. Moderaterne,"Thomas Stecher, Stege",0,Vordingborg Kommune,Nej,Nej
kommunalvalg,M. Moderaterne,"Tine Grønfeldt Lindbæk, Rødekro",0,Aabenraa Kommune,Nej,Nej
kommunalvalg,M. Moderaterne,"Toni Hindsgaul Madsen, Skovlunde",0,Ballerup Kommune,Nej,Nej
kommunalvalg,M. Moderaterne,"Torben Conduah Hansen, Glim",0,Lejre Kommune,Nej,Nej
kommunalvalg,M. Moderaterne,"Torben Folke Månsson, Kalvehave",0,Vordingborg Kommune,Nej,Nej
kommunalvalg,M. Moderaterne,Torben Møller Wad Nørgaard,0,Rudersdal Kommune,Nej,Nej
kommunalvalg,M. Moderaterne,Torbjørn Barfod,0,Allerød Kommune,Nej,Nej
kommunalvalg,M. Moderaterne,"Trine Timmerby, Esbjerg",0,Esbjerg Kommune,Nej,Nej
kommunalvalg,M. Moderaterne,"Uffe Bie, Brædstrup",0,Horsens Kommune,Nej,Nej
kommunalvalg,M. Moderaterne,Ulrik Nielsen,0,Glostrup Kommune,Nej,Nej
kommunalvalg,M. Moderaterne,Ulrik Thomsen,0,Hedensted Kommune,Nej,Nej
kommunalvalg,M. Moderaterne,Vibeke Henriksen,107,Kolding Kommune,Nej,Nej
kommunalvalg,M. Moderaterne,"Zishan Ali, Ballerup",0,Ballerup Kommune,Nej,Nej
kommunalvalg,M. Moderaterne,"Özkan Kocak, Brøndby Strand",0,Brøndby Kommune,Nej,Nej
kommunalvalg,N. Bedre By Nyborg,Betty Glosted,0,Nyborg Kommune,Nej,Nej
kommunalvalg,N. Bedre By Nyborg,Listestemmer,0,Nyborg Kommune,Nej,Nej
kommunalvalg,N. Bedre By Nyborg,Uffe Holst Jensen,0,Nyborg Kommune,Nej,Nej
kommunalvalg,N. Billund International,Ashwini Shastri,0,Billund Kommune,Nej,Nej
kommunalvalg,N. Billund International,Bret R. Schafbuch,0,Billund Kommune,Nej,Nej
kommunalvalg,N. Billund International,Listestemmer,0,Billund Kommune,Nej,Nej
kommunalvalg,N. Billund International,Ricco Scheepers,0,Billund Kommune,Nej,Nej
kommunalvalg,N. Billund International,Simone Giuseppe Uggeri,0,Billund Kommune,Nej,Nej
kommunalvalg,N. Deltagerlisten,Listestemmer,0,Silkeborg Kommune,Nej,Nej
kommunalvalg,N. Deltagerlisten,"Vagn Larsen, Alderslyst",0,Silkeborg Kommune,Nej,Nej
kommunalvalg,N. Demokraterne - hele Danmark skal leve,Lave Knud Broch,0,Københavns Kommune,Nej,Nej
kommunalvalg,N. Demokraterne - hele Danmark skal leve,Listestemmer,0,Københavns Kommune,Nej,Nej
kommunalvalg,N. Demokraterne - hele Danmark skal leve,Michaell Ravn,0,Københavns Kommune,Nej,Nej
kommunalvalg,N. Det Nære Parti,Kenny Olsson,0,Ringsted Kommune,Nej,Nej
kommunalvalg,N. Det Nære Parti,Listestemmer,0,Ringsted Kommune,Nej,Nej
kommunalvalg,N. Det Nære Parti,Sara Jørgensen,0,Ringsted Kommune,Nej,Nej
kommunalvalg,N. Fair Forvaltning,Lars Folmann,342,Faxe Kommune,Nej,Nej
kommunalvalg,N. Fair Forvaltning,Listestemmer,89,Faxe Kommune,Nej,Nej
kommunalvalg,N. Fair Forvaltning,Madeleine Hansen,62,Faxe Kommune,Nej,Nej
kommunalvalg,N. Fair Forvaltning,Valdemar Haab,36,Faxe Kommune,Nej,Nej
kommunalvalg,N. Folkestyret.dk,Gert Lassen,0,Gribskov Kommune,Nej,Nej
kommunalvalg,N. Folkestyret.dk,Listestemmer,0,Gribskov Kommune,Nej,Nej
kommunalvalg,N. Natur- og Velfærdslisten,"Bjørn M. Sørensen, Ørsted",0,Norddjurs Kommune,Nej,Nej
kommunalvalg,N. Natur- og Velfærdslisten,"Flemming Mogensen, Karlby",0,Norddjurs Kommune,Nej,Nej
kommunalvalg,N. Natur- og Velfærdslisten,"Lise Caprani, Tvedhuse",0,Norddjurs Kommune,Nej,Nej
kommunalvalg,N. Natur- og Velfærdslisten,Listestemmer,0,Norddjurs Kommune,Nej,Nej
kommunalvalg,N. Natur- og Velfærdslisten,"Nanna Sofie Flindt-Larsen, Grenaa",0,Norddjurs Kommune,Nej,Nej
kommunalvalg,N. Natur- og Velfærdslisten,"Peder Toft, Lyngby",0,Norddjurs Kommune,Nej,Nej
kommunalvalg,N. Natur- og Velfærdslisten,"Steen Knoblauch, Nørager Mark",0,Norddjurs Kommune,Nej,Nej
kommunalvalg,N. Natur- og Velfærdslisten,"Taya Smith, Hemmed Mark",0,Norddjurs Kommune,Nej,Nej
kommunalvalg,N. Natur- og Velfærdslisten,"Ulf Harbo, Glesborg Kær",0,Norddjurs Kommune,Nej,Nej
kommunalvalg,N. Nej til privatisering af kommunale veje,"Agner Madsen, Holmstrup Bakker",0,Aarhus Kommune,Nej,Nej
kommunalvalg,N. Nej til privatisering af kommunale veje,"Anette Boye Høgholm, Lystrup",0,Aarhus Kommune,Nej,Nej
kommunalvalg,N. Nej til privatisering af kommunale veje,"Bent Hansen, Lystrup",0,Aarhus Kommune,Nej,Nej
kommunalvalg,N. Nej til privatisering af kommunale veje,"Bjarne Thaarup, Harlev",0,Aarhus Kommune,Nej,Nej
kommunalvalg,N. Nej til privatisering af kommunale veje,"Jesper Thomassen, Tranbjerg",0,Aarhus Kommune,Nej,Nej
kommunalvalg,N. Nej til privatisering af kommunale veje,Listestemmer,0,Aarhus Kommune,Nej,Nej
kommunalvalg,N. Nej til privatisering af kommunale veje,"Marianne Skytt, Hjortshøj",0,Aarhus Kommune,Nej,Nej
kommunalvalg,N. Nej til privatisering af kommunale veje,"Niels Kurt Nielsen, Mårslet",0,Aarhus Kommune,Nej,Nej
kommunalvalg,N. Nej til privatisering af kommunale veje,"Steen Jørgensen, Brabrand",0,Aarhus Kommune,Nej,Nej
kommunalvalg,N. Nej til privatisering af kommunale veje,"Thomas Thuun Møller, Lystrup",0,Aarhus Kommune,Nej,Nej
kommunalvalg,N. Ny Holbæk,"Flemming Nielsen, Knabstrup",0,Holbæk Kommune,Nej,Nej
kommunalvalg,N. Ny Holbæk,"Henrik Bianchy Jensen, Orø",0,Holbæk Kommune,Nej,Nej
kommunalvalg,N. Ny Holbæk,"Inge Riis Langseth, Holbæk",0,Holbæk Kommune,Nej,Nej
kommunalvalg,N. Ny Holbæk,"John Harpøth, St. Merløse",0,Holbæk Kommune,Nej,Nej
kommunalvalg,N. Ny Holbæk,"Lars Henrik Schandorff, Holbæk",0,Holbæk Kommune,Nej,Nej
kommunalvalg,N. Ny Holbæk,Listestemmer,0,Holbæk Kommune,Nej,Nej
kommunalvalg,N. Ny Holbæk,"Michael Jerndorff, Arnakke",0,Holbæk Kommune,Nej,Nej
kommunalvalg,N. Ny Holbæk,"Mie Thustrup, Arnakke",0,Holbæk Kommune,Nej,Nej
kommunalvalg,N. Ny Holbæk,"Niels Weinreich, Ugerløse",0,Holbæk Kommune,Nej,Nej
kommunalvalg,N. Ny Holbæk,"Ole Lützhøft Petersen, Tølløse",0,Holbæk Kommune,Nej,Nej
kommunalvalg,N. Ny Holbæk,"Peter Hansen, Søstrup",0,Holbæk Kommune,Nej,Nej
kommunalvalg,N. Ny Holbæk,"Søren Liltorp, Svinninge",0,Holbæk Kommune,Nej,Nej
kommunalvalg,N. Nyt Kalundborg,"Frederik Gordon Pedersen, Gørlev",0,Kalundborg Kommune,Nej,Nej
kommunalvalg,N. Nyt Kalundborg,"Jeanette Jensen, Høng",0,Kalundborg Kommune,Nej,Nej
kommunalvalg,N. Nyt Kalundborg,"Jens Kallehave, Kalundborg",0,Kalundborg Kommune,Nej,Nej
kommunalvalg,N. Nyt Kalundborg,Listestemmer,0,Kalundborg Kommune,Nej,Nej
kommunalvalg,N. Nyt Odsherred,Allan Gehlsen,0,Odsherred Kommune,Nej,Nej
kommunalvalg,N. Nyt Odsherred,Anna Louise Attermann,0,Odsherred Kommune,Nej,Nej
kommunalvalg,N. Nyt Odsherred,Claus Starup,0,Odsherred Kommune,Nej,Nej
kommunalvalg,N. Nyt Odsherred,Eddy Tersløse,0,Odsherred Kommune,Nej,Nej
kommunalvalg,N. Nyt Odsherred,Erik Winther,0,Odsherred Kommune,Nej,Nej
kommunalvalg,N. Nyt Odsherred,Finn Hallberg,0,Odsherred Kommune,Nej,Nej
kommunalvalg,N. Nyt Odsherred,Frank Hannibal Rasmussen,0,Odsherred Kommune,Nej,Nej
kommunalvalg,N. Nyt Odsherred,Hanne Caldron,0,Odsherred Kommune,Nej,Nej
kommunalvalg,N. Nyt Odsherred,Henrik Bøje Nielsen,0,Odsherred Kommune,Nej,Nej
kommunalvalg,N. Nyt Odsherred,Henrik Søborg,0,Odsherred Kommune,Nej,Nej
kommunalvalg,N. Nyt Odsherred,Jane Jensby,0,Odsherred Kommune,Nej,Nej
kommunalvalg,N. Nyt Odsherred,Johnny Kristensen,0,Odsherred Kommune,Nej,Nej
kommunalvalg,N. Nyt Odsherred,Karina Vincentz,0,Odsherred Kommune,Nej,Nej
kommunalvalg,N. Nyt Odsherred,Listestemmer,0,Odsherred Kommune,Nej,Nej
kommunalvalg,N. Nyt Odsherred,Mikkel Henriksen,0,Odsherred Kommune,Nej,Nej
kommunalvalg,N. Nyt Odsherred,Nicolas Nielsen,0,Odsherred Kommune,Nej,Nej
kommunalvalg,N. Nyt Odsherred,Rasmus Egeskov,0,Odsherred Kommune,Nej,Nej
kommunalvalg,N. Nyt Odsherred,Ricki Susic,0,Odsherred Kommune,Nej,Nej
kommunalvalg,N. Nyt Odsherred,Søren With,0,Odsherred Kommune,Nej,Nej
kommunalvalg,N. Nyt Odsherred,Tomas Kisbye Frandsen,0,Odsherred Kommune,Nej,Nej
kommunalvalg,N. NÆRdemokraterne,Dennis Hounsgaard Pedersen,0,Varde Kommune,Nej,Nej
kommunalvalg,N. NÆRdemokraterne,Erhardt Jull,0,Varde Kommune,Nej,Nej
kommunalvalg,N. NÆRdemokraterne,Heidi Bundgaard,0,Varde Kommune,Nej,Nej
kommunalvalg,N. NÆRdemokraterne,Jimmy Østergaard,0,Varde Kommune,Nej,Nej
kommunalvalg,N. NÆRdemokraterne,Karsten Kragh,0,Varde Kommune,Nej,Nej
kommunalvalg,N. NÆRdemokraterne,Kitty Gamkinn,0,Varde Kommune,Nej,Nej
kommunalvalg,N. NÆRdemokraterne,Knud Erik Hansen-Vestkær,0,Varde Kommune,Nej,Nej
kommunalvalg,N. NÆRdemokraterne,Linda Jessen,0,Varde Kommune,Nej,Nej
kommunalvalg,N. NÆRdemokraterne,Listestemmer,0,Varde Kommune,Nej,Nej
kommunalvalg,N. NÆRdemokraterne,Rune Gøbel Jacobsen,0,Varde Kommune,Nej,Nej
kommunalvalg,N. Nærdemokratiet,Jeppe Amossen,0,Lejre Kommune,Nej,Nej
kommunalvalg,N. Nærdemokratiet,Listestemmer,0,Lejre Kommune,Nej,Nej
kommunalvalg,N. Nærdemokratiet,Mathias Grip,0,Lejre Kommune,Nej,Nej
kommunalvalg,N. Nærdemokratiet,Mikkel Mojo Møller Johansen,0,Lejre Kommune,Nej,Nej
kommunalvalg,N. Nærdemokratiet,Sine Gormsen,0,Lejre Kommune,Nej,Nej
kommunalvalg,O. Dansk Folkeparti,"Alex Brokholm Pedersen, Trekroner",0,Jammerbugt Kommune,Nej,Nej
kommunalvalg,O. Dansk Folkeparti,Alex Lauridsen,0,Thisted Kommune,Nej,Nej
kommunalvalg,O. Dansk Folkeparti,"Alice Kjeldmann, Rudkøbing",7,Langeland Kommune,Nej,Nej
kommunalvalg,O. Dansk Folkeparti,Allan Blak,0,Lolland Kommune,Nej,Nej
kommunalvalg,O. Dansk Folkeparti,Allan Bolvig,0,Høje-Taastrup Kommune,Nej,Nej
kommunalvalg,O. Dansk Folkeparti,Allan Bøwig,0,Egedal Kommune,Nej,Nej
kommunalvalg,O. Dansk Folkeparti,Allan Lau,0,Nyborg Kommune,Nej,Nej
kommunalvalg,O. Dansk Folkeparti,"Allan Svendsen, Rømø",0,Tønder Kommune,Nej,Nej
kommunalvalg,O. Dansk Folkeparti,Allan Øster Steensen,0,Slagelse Kommune,Nej,Nej
kommunalvalg,O. Dansk Folkeparti,"Andreas Brøsen, Slangerup",0,Frederikssund Kommune,Nej,Nej
kommunalvalg,O. Dansk Folkeparti,"Anette Kildentoft, Undløse",0,Holbæk Kommune,Nej,Nej
kommunalvalg,O. Dansk Folkeparti,"Anette Skafte, Lundtofte",0,Lyngby-Taarbæk Kommune,Nej,Nej
kommunalvalg,O. Dansk Folkeparti,"Anette Svindborg, Øster Jølby",165,Morsø Kommune,Nej,Nej
kommunalvalg,O. Dansk Folkeparti,"Aniska Ulrik, Køge",0,Køge Kommune,Nej,Nej
kommunalvalg,O. Dansk Folkeparti,Anita Høgh Lundahl,0,Vordingborg Kommune,Nej,Nej
kommunalvalg,O. Dansk Folkeparti,Anja Mc Gregor Danton,0,Fredericia Kommune,Nej,Nej
kommunalvalg,O. Dansk Folkeparti,Anja Schlie,0,Gribskov Kommune,Nej,Nej
kommunalvalg,O. Dansk Folkeparti,"Anne Fussing, Egerup",0,Ringsted Kommune,Nej,Nej
kommunalvalg,O. Dansk Folkeparti,"Anne Holmlund, Bjerrede",47,Faxe Kommune,Nej,Nej
kommunalvalg,O. Dansk Folkeparti,Anne Mette Mortensen,0,Aalborg Kommune,Nej,Nej
kommunalvalg,O. Dansk Folkeparti,"Anne Møllegaard Mortensen, Allested-Vejle",0,Faaborg-Midtfyn Kommune,Nej,Nej
kommunalvalg,O. Dansk Folkeparti,"Anne Schmidt, Virum",0,Lyngby-Taarbæk Kommune,Nej,Nej
kommunalvalg,O. Dansk Folkeparti,"Anne-Marie Breum Berg, Hampen",74,Ikast-Brande Kommune,Nej,Nej
kommunalvalg,O. Dansk Folkeparti,Anne-Marie Palm-Johansen,0,Nyborg Kommune,Nej,Nej
kommunalvalg,O. Dansk Folkeparti,"Anne-Mette Ulstrup, Skovsgård",0,Jammerbugt Kommune,Nej,Nej
kommunalvalg,O. Dansk Folkeparti,Annet Soos,24,Gentofte Kommune,Nej,Nej
kommunalvalg,O. Dansk Folkeparti,Annette Andersen,0,Brøndby Kommune,Nej,Nej
kommunalvalg,O. Dansk Folkeparti,"Arne Hyldgaard, Nr. Harritslev",113,Hjørring Kommune,Nej,Nej
kommunalvalg,O. Dansk Folkeparti,Arne Leyh Petersen,0,Aabenraa Kommune,Nej,Nej
kommunalvalg,O. Dansk Folkeparti,Arne W. Petersen,0,Svendborg Kommune,Nej,Nej
kommunalvalg,O. Dansk Folkeparti,Asbjørn Rasmussen,0,Tårnby Kommune,Nej,Nej
kommunalvalg,O. Dansk Folkeparti,Aston Mott Braham,149,Favrskov Kommune,Nej,Nej
kommunalvalg,O. Dansk Folkeparti,"Auli Romanow, Jyderup",0,Holbæk Kommune,Nej,Nej
kommunalvalg,O. Dansk Folkeparti,Bent Borgfjord,30,Rødovre Kommune,Nej,Nej
kommunalvalg,O. Dansk Folkeparti,Bent Larsen,0,Egedal Kommune,Nej,Nej
kommunalvalg,O. Dansk Folkeparti,"Bent Olesen, Skærbæk",0,Tønder Kommune,Nej,Nej
kommunalvalg,O. Dansk Folkeparti,"Bent Sørensen, St. Andst",0,Vejen Kommune,Nej,Nej
kommunalvalg,O. Dansk Folkeparti,Bente Aagaard,0,Holstebro Kommune,Nej,Nej
kommunalvalg,O. Dansk Folkeparti,"Bente Sonja Rasmussen, Aarup",0,Assens Kommune,Nej,Nej
kommunalvalg,O. Dansk Folkeparti,Berit Christiansen,0,Frederiksberg Kommune,Nej,Nej
kommunalvalg,O. Dansk Folkeparti,"Berit Stehr, Jægerspris",0,Frederikssund Kommune,Nej,Nej
kommunalvalg,O. Dansk Folkeparti,"Betina Fabricius Olsen, Svinninge",0,Holbæk Kommune,Nej,Nej
kommunalvalg,O. Dansk Folkeparti,Betina Nielsen Hansen,0,Holstebro Kommune,Nej,Nej
kommunalvalg,O. Dansk Folkeparti,"Betina Pedersen, Toftlund",0,Tønder Kommune,Nej,Nej
kommunalvalg,O. Dansk Folkeparti,Betty Clausen,0,Lejre Kommune,Nej,Nej
kommunalvalg,O. Dansk Folkeparti,Bill Kaae,0,Gribskov Kommune,Nej,Nej
kommunalvalg,O. Dansk Folkeparti,"Birgit Holse, Nørre Alslev",0,Guldborgsund Kommune,Nej,Nej
kommunalvalg,O. Dansk Folkeparti,"Birgitte Franck, Virum",0,Lyngby-Taarbæk Kommune,Nej,Nej
kommunalvalg,O. Dansk Folkeparti,Birgitte Meier,138,Fredensborg Kommune,Nej,Nej
kommunalvalg,O. Dansk Folkeparti,Birthe Jonsson,0,Ballerup Kommune,Nej,Nej
kommunalvalg,O. Dansk Folkeparti,Bjarne F. Jensen,0,Billund Kommune,Nej,Nej
kommunalvalg,O. Dansk Folkeparti,Bjarne Gamborg Hansen,0,Billund Kommune,Nej,Nej
kommunalvalg,O. Dansk Folkeparti,"Bjarne Kjær-Jensen, Nørhalne",0,Jammerbugt Kommune,Nej,Nej
kommunalvalg,O. Dansk Folkeparti,"Bo Ancher Jensen, Snogebæk",0,Bornholms Regionskommune,Nej,Nej
kommunalvalg,O. Dansk Folkeparti,"Bo H. Hollænder, Bramming",0,Esbjerg Kommune,Nej,Nej
kommunalvalg,O. Dansk Folkeparti,Bodil Bundesen,0,Aabenraa Kommune,Nej,Nej
kommunalvalg,O. Dansk Folkeparti,Bodil Hebeltoft,0,Frederiksberg Kommune,Nej,Nej
kommunalvalg,O. Dansk Folkeparti,"Bodil Lilliegaard, Rudkøbing",86,Langeland Kommune,Nej,Nej
kommunalvalg,O. Dansk Folkeparti,"Boye Høj, Rask Mølle",0,Hedensted Kommune,Nej,Nej
kommunalvalg,O. Dansk Folkeparti,Brian Lyck Jørgensen,0,Gribskov Kommune,Nej,Nej
kommunalvalg,O. Dansk Folkeparti,Brian M. Lange,0,Haderslev Kommune,Nej,Nej
kommunalvalg,O. Dansk Folkeparti,Brian Øhrstrøm Hansen,0,Vejle Kommune,Nej,Nej
kommunalvalg,O. Dansk Folkeparti,Bruno Pallesen,0,Aalborg Kommune,Nej,Nej
kommunalvalg,O. Dansk Folkeparti,Børge Larsen,0,Fredericia Kommune,Nej,Nej
kommunalvalg,O. Dansk Folkeparti,Camilla Királyfalvy,0,Slagelse Kommune,Nej,Nej
kommunalvalg,O. Dansk Folkeparti,Carina Kristensen Berth,0,Vallensbæk Kommune,Nej,Nej
kommunalvalg,O. Dansk Folkeparti,Carsten Drejer Madsen,0,Svendborg Kommune,Nej,Nej
kommunalvalg,O. Dansk Folkeparti,Carsten Sørensen,0,Odense Kommune,Nej,Nej
kommunalvalg,O. Dansk Folkeparti,"Casper Olsen, Svinninge",0,Holbæk Kommune,Nej,Nej
kommunalvalg,O. Dansk Folkeparti,"Casper Wayert, Hundige",0,Greve Kommune,Nej,Nej
kommunalvalg,O. Dansk Folkeparti,"Cecilie Jensen, Nykøbing Mors",29,Morsø Kommune,Nej,Nej
kommunalvalg,O. Dansk Folkeparti,Charlotte Aaby,0,Silkeborg Kommune,Nej,Nej
kommunalvalg,O. Dansk Folkeparti,Charlotte Gudbrandsen,0,Aabenraa Kommune,Nej,Nej
kommunalvalg,O. Dansk Folkeparti,Charlotte Liljeblad Pilegaard,0,Sønderborg Kommune,Nej,Nej
kommunalvalg,O. Dansk Folkeparti,"Chriistofer Avelon Damgård, Aakirkeby",0,Bornholms Regionskommune,Nej,Nej
kommunalvalg,O. Dansk Folkeparti,"Christian B. Larsen, Nørager",135,Rebild Kommune,Nej,Nej
kommunalvalg,O. Dansk Folkeparti,Christian Bülow,0,Københavns Kommune,Nej,Nej
kommunalvalg,O. Dansk Folkeparti,Christian G. Lauridsen,0,Aabenraa Kommune,Nej,Nej
kommunalvalg,O. Dansk Folkeparti,Christian Harre,0,Lejre Kommune,Nej,Nej
kommunalvalg,O. Dansk Folkeparti,"Christian Lindhardt, Skive",0,Skive Kommune,Nej,Nej
kommunalvalg,O. Dansk Folkeparti,Christian Sødergren,0,Egedal Kommune,Nej,Nej
kommunalvalg,O. Dansk Folkeparti,"Christina Karlsson, Gørlev",0,Kalundborg Kommune,Nej,Nej
kommunalvalg,O. Dansk Folkeparti,Christoffer Fossing Larsen,0,Aarhus Kommune,Nej,Nej
kommunalvalg,O. Dansk Folkeparti,Claus Gumprecht,0,Haderslev Kommune,Nej,Nej
kommunalvalg,O. Dansk Folkeparti,"Claus Palle Graff, Sejerslev",10,Morsø Kommune,Nej,Nej
kommunalvalg,O. Dansk Folkeparti,"Connie Marie Grundt Thomsen, Brande",25,Ikast-Brande Kommune,Nej,Nej
kommunalvalg,O. Dansk Folkeparti,"Dan Albrechtsen, Ikast",11,Ikast-Brande Kommune,Nej,Nej
kommunalvalg,O. Dansk Folkeparti,Dan Højbak Kristensen,0,Thisted Kommune,Nej,Nej
kommunalvalg,O. Dansk Folkeparti,Daniel Aage Holm,0,Skanderborg Kommune,Nej,Nej
kommunalvalg,O. Dansk Folkeparti,"Danny Præstekjær, Hammerum",0,Herning Kommune,Nej,Nej
kommunalvalg,O. Dansk Folkeparti,"Danny Rosenkilde, Flauenskjold",0,Brønderslev Kommune,Nej,Nej
kommunalvalg,O. Dansk Folkeparti,David Gerschwald,0,Frederiksberg Kommune,Nej,Nej
kommunalvalg,O. Dansk Folkeparti,Debbie Gugerel,0,Holstebro Kommune,Nej,Nej
kommunalvalg,O. Dansk Folkeparti,Dorte Olesen,66,Kolding Kommune,Nej,Nej
kommunalvalg,O. Dansk Folkeparti,Dorthe Angelika Dyhrberg,18,Kolding Kommune,Nej,Nej
kommunalvalg,O. Dansk Folkeparti,Dorthe Hesselager,0,Holstebro Kommune,Nej,Nej
kommunalvalg,O. Dansk Folkeparti,Dorthe Ullemose,0,Svendborg Kommune,Nej,Nej
kommunalvalg,O. Dansk Folkeparti,Eigil Frederiksen,0,Skanderborg Kommune,Nej,Nej
kommunalvalg,O. Dansk Folkeparti,Ejler Schütt,0,Aabenraa Kommune,Nej,Nej
kommunalvalg,O. Dansk Folkeparti,Ellen H. Thomsen,220,Sorø Kommune,Nej,Nej
kommunalvalg,O. Dansk Folkeparti,Else Stokholm,0,Høje-Taastrup Kommune,Nej,Nej
kommunalvalg,O. Dansk Folkeparti,Elsebeth Bertignol,0,Varde Kommune,Nej,Nej
kommunalvalg,O. Dansk Folkeparti,"Elsebeth Maarup, Lønstrup",41,Hjørring Kommune,Nej,Nej
kommunalvalg,O. Dansk Folkeparti,Emely Wind Thomsen,0,Sønderborg Kommune,Nej,Nej
kommunalvalg,O. Dansk Folkeparti,Emma Houe Mølgaard,166,Mariagerfjord Kommune,Nej,Nej
kommunalvalg,O. Dansk Folkeparti,Emma Marie Sørensen,0,Aarhus Kommune,Nej,Nej
kommunalvalg,O. Dansk Folkeparti,Erik Mørch,0,Høje-Taastrup Kommune,Nej,Nej
kommunalvalg,O. Dansk Folkeparti,"Erik Ravn Hansen, Nykøbing F.",0,Guldborgsund Kommune,Nej,Nej
kommunalvalg,O. Dansk Folkeparti,"Erling Præstekjær, Hammerum",0,Herning Kommune,Nej,Nej
kommunalvalg,O. Dansk Folkeparti,Eva Damsgaard,358,Favrskov Kommune,Nej,Nej
kommunalvalg,O. Dansk Folkeparti,"Eva Terndrup, Lindelse",20,Langeland Kommune,Nej,Nej
kommunalvalg,O. Dansk Folkeparti,Eva Thind Høiberg,0,Nyborg Kommune,Nej,Nej
kommunalvalg,O. Dansk Folkeparti,"Finn Brostrup, Nørre Snede",238,Ikast-Brande Kommune,Nej,Nej
kommunalvalg,O. Dansk Folkeparti,Finn Sørensen,170,Sorø Kommune,Nej,Nej
kommunalvalg,O. Dansk Folkeparti,Flemming Albrechtsen,0,Gladsaxe Kommune,Nej,Nej
kommunalvalg,O. Dansk Folkeparti,Flemming Boye,101,Ærø Kommune,Nej,Nej
kommunalvalg,O. Dansk Folkeparti,Flemming H. Sørensen,20,Vesthimmerlands Kommune,Nej,Nej
kommunalvalg,O. Dansk Folkeparti,Flemming Hansen,0,Høje-Taastrup Kommune,Nej,Nej
kommunalvalg,O. Dansk Folkeparti,Flemming Lystrup,0,Vallensbæk Kommune,Nej,Nej
kommunalvalg,O. Dansk Folkeparti,"Flemming Mortensen, Lyngby",0,Lyngby-Taarbæk Kommune,Nej,Nej
kommunalvalg,O. Dansk Folkeparti,Flemming Simonsen,0,Svendborg Kommune,Nej,Nej
kommunalvalg,O. Dansk Folkeparti,Flemming W. Nielsen,0,Thisted Kommune,Nej,Nej
kommunalvalg,O. Dansk Folkeparti,Frank Hansen,0,Roskilde Kommune,Nej,Nej
kommunalvalg,O. Dansk Folkeparti,Frank Mikkelsen,0,Billund Kommune,Nej,Nej
kommunalvalg,O. Dansk Folkeparti,"Frank Nørgaard, Randers",0,Randers Kommune,Nej,Nej
kommunalvalg,O. Dansk Folkeparti,Frank Rune Kristensen Nielsen,0,Skanderborg Kommune,Nej,Nej
kommunalvalg,O. Dansk Folkeparti,Frederik  Mortensen,0,Lolland Kommune,Nej,Nej
kommunalvalg,O. Dansk Folkeparti,"Frode Larsen, Vrå",362,Hjørring Kommune,Nej,Nej
kommunalvalg,O. Dansk Folkeparti,"Gert Kræsing, Nykøbing F.",0,Guldborgsund Kommune,Nej,Nej
kommunalvalg,O. Dansk Folkeparti,"Gert Løfgren, Slangerup",0,Frederikssund Kommune,Nej,Nej
kommunalvalg,O. Dansk Folkeparti,Githa Nelander,1066,Næstved Kommune,Nej,Nej
kommunalvalg,O. Dansk Folkeparti,Gitte Jeppesen,0,Gladsaxe Kommune,Nej,Nej
kommunalvalg,O. Dansk Folkeparti,Gitte Sitting Vestergaard,0,Herlev Kommune,Nej,Nej
kommunalvalg,O. Dansk Folkeparti,Greta Mona Rusbjerg,0,Holstebro Kommune,Nej,Nej
kommunalvalg,O. Dansk Folkeparti,Grethe Jensen,0,Aalborg Kommune,Nej,Nej
kommunalvalg,O. Dansk Folkeparti,H. E. Michelsen,0,Svendborg Kommune,Nej,Nej
kommunalvalg,O. Dansk Folkeparti,Hans Blaaberg,0,Brøndby Kommune,Nej,Nej
kommunalvalg,O. Dansk Folkeparti,"Hans Clausen, Nykøbing Mors",23,Morsø Kommune,Nej,Nej
kommunalvalg,O. Dansk Folkeparti,"Hans Peter Rousing, Bording",92,Ikast-Brande Kommune,Nej,Nej
kommunalvalg,O. Dansk Folkeparti,Hans-Christian Gjerlevsen,0,Aabenraa Kommune,Nej,Nej
kommunalvalg,O. Dansk Folkeparti,Harry Andresen,0,Ballerup Kommune,Nej,Nej
kommunalvalg,O. Dansk Folkeparti,Hartvig Sørensen,0,Aalborg Kommune,Nej,Nej
kommunalvalg,O. Dansk Folkeparti,"Heidi Jørgensen, Jægerspris",0,Frederikssund Kommune,Nej,Nej
kommunalvalg,O. Dansk Folkeparti,Helene Brix,0,Stevns Kommune,Nej,Nej
kommunalvalg,O. Dansk Folkeparti,"Helle Ingemann Petersen, Holbæk",0,Holbæk Kommune,Nej,Nej
kommunalvalg,O. Dansk Folkeparti,"Helle Salling Jensen, Veerst",0,Vejen Kommune,Nej,Nej
kommunalvalg,O. Dansk Folkeparti,"Helle Skøttrup, Aabybro",0,Jammerbugt Kommune,Nej,Nej
kommunalvalg,O. Dansk Folkeparti,Henning Jensen,0,Varde Kommune,Nej,Nej
kommunalvalg,O. Dansk Folkeparti,Henning Juhl Christensen,0,Lemvig Kommune,Nej,Nej
kommunalvalg,O. Dansk Folkeparti,"Henrik Ammundsen, Esbjerg V",0,Esbjerg Kommune,Nej,Nej
kommunalvalg,O. Dansk Folkeparti,Henrik Bach,0,Brøndby Kommune,Nej,Nej
kommunalvalg,O. Dansk Folkeparti,Henrik Brodersen,0,Slagelse Kommune,Nej,Nej
kommunalvalg,O. Dansk Folkeparti,Henrik Ejegod Larsen,0,Herlev Kommune,Nej,Nej
kommunalvalg,O. Dansk Folkeparti,Henrik Gredsted,0,Holstebro Kommune,Nej,Nej
kommunalvalg,O. Dansk Folkeparti,Henrik Hedelund,0,Gribskov Kommune,Nej,Nej
kommunalvalg,O. Dansk Folkeparti,Henrik Isaksen,0,Frederikshavn Kommune,Nej,Nej
kommunalvalg,O. Dansk Folkeparti,Henrik Jeppesen,0,Haderslev Kommune,Nej,Nej
kommunalvalg,O. Dansk Folkeparti,"Henrik Luntner, Ringsted",0,Ringsted Kommune,Nej,Nej
kommunalvalg,O. Dansk Folkeparti,Henrik Pangel,0,Høje-Taastrup Kommune,Nej,Nej
kommunalvalg,O. Dansk Folkeparti,"Henrik Rasmussen, Lundtofte",0,Lyngby-Taarbæk Kommune,Nej,Nej
kommunalvalg,O. Dansk Folkeparti,Henrik Ræder Clausen,0,Aarhus Kommune,Nej,Nej
kommunalvalg,O. Dansk Folkeparti,Henrik Schulze,0,Furesø Kommune,Nej,Nej
kommunalvalg,O. Dansk Folkeparti,"Holly Hjorth, Faxe Ladeplads",61,Faxe Kommune,Nej,Nej
kommunalvalg,O. Dansk Folkeparti,Ib Poulsen,0,Thisted Kommune,Nej,Nej
kommunalvalg,O. Dansk Folkeparti,"Ib Østenkær, Hjørring",113,Hjørring Kommune,Nej,Nej
kommunalvalg,O. Dansk Folkeparti,"Inge Messerschmidt, Frederikssund",0,Frederikssund Kommune,Nej,Nej
kommunalvalg,O. Dansk Folkeparti,"Inge Nielsen Græsborg, Hodsager",0,Herning Kommune,Nej,Nej
kommunalvalg,O. Dansk Folkeparti,Inger Irene Hansen,24,Kolding Kommune,Nej,Nej
kommunalvalg,O. Dansk Folkeparti,"Inger Lise Byrgesen, Ikast",40,Ikast-Brande Kommune,Nej,Nej
kommunalvalg,O. Dansk Folkeparti,Ingrid Bruhn-Petersen,0,Slagelse Kommune,Nej,Nej
kommunalvalg,O. Dansk Folkeparti,Irene Madsen Lund,0,Varde Kommune,Nej,Nej
kommunalvalg,O. Dansk Folkeparti,Ivan Fogtmann,0,Hvidovre Kommune,Nej,Nej
kommunalvalg,O. Dansk Folkeparti,Ivan Hemmingsen,0,Københavns Kommune,Nej,Nej
kommunalvalg,O. Dansk Folkeparti,"Ivan Karlsson, Gørlev",0,Kalundborg Kommune,Nej,Nej
kommunalvalg,O. Dansk Folkeparti,Ivan Thorstensen,0,Holstebro Kommune,Nej,Nej
kommunalvalg,O. Dansk Folkeparti,Jan Brink,0,Varde Kommune,Nej,Nej
kommunalvalg,O. Dansk Folkeparti,Jan Erik Messmann,0,Rudersdal Kommune,Nej,Nej
kommunalvalg,O. Dansk Folkeparti,Jan Grau,0,Odense Kommune,Nej,Nej
kommunalvalg,O. Dansk Folkeparti,Jan Herskov,0,Roskilde Kommune,Nej,Nej
kommunalvalg,O. Dansk Folkeparti,"Jan Juhl, Tarm",0,Ringkøbing-Skjern Kommune,Nej,Nej
kommunalvalg,O. Dansk Folkeparti,Jan Jørgensen,96,Odder Kommune,Nej,Nej
kommunalvalg,O. Dansk Folkeparti,"Jan Larsen, Lyngby",0,Lyngby-Taarbæk Kommune,Nej,Nej
kommunalvalg,O. Dansk Folkeparti,"Jan Poulsen, Tullebølle",12,Langeland Kommune,Nej,Nej
kommunalvalg,O. Dansk Folkeparti,Jan Skræddergaard,213,Kolding Kommune,Nej,Nej
kommunalvalg,O. Dansk Folkeparti,"Jane Lind Jepsen, Auning",0,Norddjurs Kommune,Nej,Nej
kommunalvalg,O. Dansk Folkeparti,"Jane Yndgaard, Klintebjerg",382,Nordfyns Kommune,Nej,Nej
kommunalvalg,O. Dansk Folkeparti,Janne Kristensen,24,Vesthimmerlands Kommune,Nej,Nej
kommunalvalg,O. Dansk Folkeparti,"Janne Kristensen, Lynge",0,Allerød Kommune,Nej,Nej
kommunalvalg,O. Dansk Folkeparti,"Jens Hvid, Køge",0,Køge Kommune,Nej,Nej
kommunalvalg,O. Dansk Folkeparti,"Jens Kannegaard Lundager, Veggerslev",0,Norddjurs Kommune,Nej,Nej
kommunalvalg,O. Dansk Folkeparti,Jens Wittrock,97,Hillerød Kommune,Nej,Nej
kommunalvalg,O. Dansk Folkeparti,"Jens Ørtoft, Kaas",0,Jammerbugt Kommune,Nej,Nej
kommunalvalg,O. Dansk Folkeparti,"Jesper Flensted, Uldum",0,Hedensted Kommune,Nej,Nej
kommunalvalg,O. Dansk Folkeparti,"Jesper Jensen, Brørup",0,Vejen Kommune,Nej,Nej
kommunalvalg,O. Dansk Folkeparti,Jesper Pedersen,0,Københavns Kommune,Nej,Nej
kommunalvalg,O. Dansk Folkeparti,"Jess Lykke Christensen, Skibby",0,Frederikssund Kommune,Nej,Nej
kommunalvalg,O. Dansk Folkeparti,"Jess Mikkelsen, Viborg",188,Viborg Kommune,Nej,Nej
kommunalvalg,O. Dansk Folkeparti,Jess Roed Haupt,0,Slagelse Kommune,Nej,Nej
kommunalvalg,O. Dansk Folkeparti,Jette Julius Kristiansen,0,Aabenraa Kommune,Nej,Nej
kommunalvalg,O. Dansk Folkeparti,Jette Juul,557,Hillerød Kommune,Nej,Nej
kommunalvalg,O. Dansk Folkeparti,Jette Lund,0,Struer Kommune,Nej,Nej
kommunalvalg,O. Dansk Folkeparti,Jette Meinertz,0,Ballerup Kommune,Nej,Nej
kommunalvalg,O. Dansk Folkeparti,Jette Vestergaard,121,Odder Kommune,Nej,Nej
kommunalvalg,O. Dansk Folkeparti,"Jim Zakaria, Rødding",0,Vejen Kommune,Nej,Nej
kommunalvalg,O. Dansk Folkeparti,"Jimmi Petersen, Lundtofte",0,Lyngby-Taarbæk Kommune,Nej,Nej
kommunalvalg,O. Dansk Folkeparti,Jimmi Stegmann,0,Odsherred Kommune,Nej,Nej
kommunalvalg,O. Dansk Folkeparti,"Jimmy Kjær Havndrup Larsen, Bogense",80,Nordfyns Kommune,Nej,Nej
kommunalvalg,O. Dansk Folkeparti,"Joachim Hougaard, Grenaa",0,Norddjurs Kommune,Nej,Nej
kommunalvalg,O. Dansk Folkeparti,Joan Baltzersen,0,Vordingborg Kommune,Nej,Nej
kommunalvalg,O. Dansk Folkeparti,"Johan Hansen, Jerne",0,Esbjerg Kommune,Nej,Nej
kommunalvalg,O. Dansk Folkeparti,John Bodholdt Nielsen,0,Albertslund Kommune,Nej,Nej
kommunalvalg,O. Dansk Folkeparti,"John Kleiner, Randers",0,Randers Kommune,Nej,Nej
kommunalvalg,O. Dansk Folkeparti,John Larsen,3,Dragør Kommune,Nej,Nej
kommunalvalg,O. Dansk Folkeparti,John Reckendorff,0,Furesø Kommune,Nej,Nej
kommunalvalg,O. Dansk Folkeparti,"John V. Mikkelsen, Hundige",0,Greve Kommune,Nej,Nej
kommunalvalg,O. Dansk Folkeparti,"Johnnie Kristensen, Lynge",0,Allerød Kommune,Nej,Nej
kommunalvalg,O. Dansk Folkeparti,Johnny Birch,0,Vordingborg Kommune,Nej,Nej
kommunalvalg,O. Dansk Folkeparti,"Johnny Lind Jepsen, Auning",0,Norddjurs Kommune,Nej,Nej
kommunalvalg,O. Dansk Folkeparti,Jon Krongaard,0,Haderslev Kommune,Nej,Nej
kommunalvalg,O. Dansk Folkeparti,"Jonas Dahl Jakobsen, Nr. Lyndelse",0,Faaborg-Midtfyn Kommune,Nej,Nej
kommunalvalg,O. Dansk Folkeparti,Josephine Alstrup Kofod,0,Haderslev Kommune,Nej,Nej
kommunalvalg,O. Dansk Folkeparti,Julie Gottschalk,0,Varde Kommune,Nej,Nej
kommunalvalg,O. Dansk Folkeparti,Julie Jacobsen,0,Odsherred Kommune,Nej,Nej
kommunalvalg,O. Dansk Folkeparti,Jørgen Hammer Sørensen,368,Mariagerfjord Kommune,Nej,Nej
kommunalvalg,O. Dansk Folkeparti,Jørgen Honoré,35,Dragør Kommune,Nej,Nej
kommunalvalg,O. Dansk Folkeparti,"Jørgen Lildballe, Højer",0,Tønder Kommune,Nej,Nej
kommunalvalg,O. Dansk Folkeparti,Jørgen Svenstrup,0,Aalborg Kommune,Nej,Nej
kommunalvalg,O. Dansk Folkeparti,"Jørn Jensin, Lyngby",0,Lyngby-Taarbæk Kommune,Nej,Nej
kommunalvalg,O. Dansk Folkeparti,"Jørn Westh, Nylars",0,Bornholms Regionskommune,Nej,Nej
kommunalvalg,O. Dansk Folkeparti,Kaj Andersen,0,Thisted Kommune,Nej,Nej
kommunalvalg,O. Dansk Folkeparti,"Karin Asta Lildballe, Højer",0,Tønder Kommune,Nej,Nej
kommunalvalg,O. Dansk Folkeparti,Karina Meldgaard Frederiksen,0,Svendborg Kommune,Nej,Nej
kommunalvalg,O. Dansk Folkeparti,Karl Balleby,0,Lemvig Kommune,Nej,Nej
kommunalvalg,O. Dansk Folkeparti,Karsten Lorentzen,0,Roskilde Kommune,Nej,Nej
kommunalvalg,O. Dansk Folkeparti,"Karsten Skov Petersen, Læsø",117,Læsø Kommune,Nej,Nej
kommunalvalg,O. Dansk Folkeparti,Kasper Christensen,0,Roskilde Kommune,Nej,Nej
kommunalvalg,O. Dansk Folkeparti,Kathe Søeballe,0,Furesø Kommune,Nej,Nej
kommunalvalg,O. Dansk Folkeparti,"Kathrin Kok, Kalundborg",0,Kalundborg Kommune,Nej,Nej
kommunalvalg,O. Dansk Folkeparti,"Katrine Folmann von Arenstorff, Stubbekøbing",0,Guldborgsund Kommune,Nej,Nej
kommunalvalg,O. Dansk Folkeparti,Keld Nyholm,22,Odder Kommune,Nej,Nej
kommunalvalg,O. Dansk Folkeparti,"Kennet Bøeg-Jensen, Juelsminde",0,Hedensted Kommune,Nej,Nej
kommunalvalg,O. Dansk Folkeparti,Kenneth Hørdum,0,Svendborg Kommune,Nej,Nej
kommunalvalg,O. Dansk Folkeparti,Kenneth Kristensen Berth,0,Vallensbæk Kommune,Nej,Nej
kommunalvalg,O. Dansk Folkeparti,"Kenneth Petersen, Læsø",1,Læsø Kommune,Nej,Nej
kommunalvalg,O. Dansk Folkeparti,Kent Larsen,0,Nyborg Kommune,Nej,Nej
kommunalvalg,O. Dansk Folkeparti,Kim Andkjær Doberck,0,Aabenraa Kommune,Nej,Nej
kommunalvalg,O. Dansk Folkeparti,Kim Bach Hansen,0,Horsens Kommune,Nej,Nej
kommunalvalg,O. Dansk Folkeparti,Kim Hammer,508,Rødovre Kommune,Nej,Nej
kommunalvalg,O. Dansk Folkeparti,"Kim Hoffenzet, Bårdesø",9,Nordfyns Kommune,Nej,Nej
kommunalvalg,O. Dansk Folkeparti,"Kim Hyldig Andersen, Flade",21,Morsø Kommune,Nej,Nej
kommunalvalg,O. Dansk Folkeparti,Kim Larsen,0,Vordingborg Kommune,Nej,Nej
kommunalvalg,O. Dansk Folkeparti,"Kim Pedersen, Toftlund",0,Tønder Kommune,Nej,Nej
kommunalvalg,O. Dansk Folkeparti,Kim Sommer,0,Odense Kommune,Nej,Nej
kommunalvalg,O. Dansk Folkeparti,Kim Steen Jørgensen,0,Vordingborg Kommune,Nej,Nej
kommunalvalg,O. Dansk Folkeparti,Kirsten Algren,0,Aalborg Kommune,Nej,Nej
kommunalvalg,O. Dansk Folkeparti,Kirsten Berthelsen,0,Københavns Kommune,Nej,Nej
kommunalvalg,O. Dansk Folkeparti,Kirsten Frydenlund,15,Dragør Kommune,Nej,Nej
kommunalvalg,O. Dansk Folkeparti,"Kirsten Gaulshøj, Esbjerg Ø, Jerne",0,Esbjerg Kommune,Nej,Nej
kommunalvalg,O. Dansk Folkeparti,Kitt Juhl,0,Stevns Kommune,Nej,Nej
kommunalvalg,O. Dansk Folkeparti,Klaus Læborg,0,Silkeborg Kommune,Nej,Nej
kommunalvalg,O. Dansk Folkeparti,"Klaus Vanggaard, Ejstrupholm",48,Ikast-Brande Kommune,Nej,Nej
kommunalvalg,O. Dansk Folkeparti,Knud Erik Terkelsen,0,Horsens Kommune,Nej,Nej
kommunalvalg,O. Dansk Folkeparti,"Knud Erik Trans, Esbjerg",0,Esbjerg Kommune,Nej,Nej
kommunalvalg,O. Dansk Folkeparti,"Knud Nielsen, Sunds",0,Herning Kommune,Nej,Nej
kommunalvalg,O. Dansk Folkeparti,"Kristian Christensen, Herning",0,Herning Kommune,Nej,Nej
kommunalvalg,O. Dansk Folkeparti,Kristian Tørning,0,Gladsaxe Kommune,Nej,Nej
kommunalvalg,O. Dansk Folkeparti,Kristoffer Larsen,0,Albertslund Kommune,Nej,Nej
kommunalvalg,O. Dansk Folkeparti,"Kurt Condrup, Løgumkloster",0,Tønder Kommune,Nej,Nej
kommunalvalg,O. Dansk Folkeparti,"Kurt Lundstad, Lindved",0,Hedensted Kommune,Nej,Nej
kommunalvalg,O. Dansk Folkeparti,L. Knudsen,0,Horsens Kommune,Nej,Nej
kommunalvalg,O. Dansk Folkeparti,"Lars Brian Hovmøller, Karby",114,Morsø Kommune,Nej,Nej
kommunalvalg,O. Dansk Folkeparti,"Lars Gleerup, Skærvad",0,Norddjurs Kommune,Nej,Nej
kommunalvalg,O. Dansk Folkeparti,Lars Kalmar,0,Svendborg Kommune,Nej,Nej
kommunalvalg,O. Dansk Folkeparti,"Lars Kolling, Assens",0,Assens Kommune,Nej,Nej
kommunalvalg,O. Dansk Folkeparti,Lars Kruse,0,Roskilde Kommune,Nej,Nej
kommunalvalg,O. Dansk Folkeparti,"Lars Lautrup-Larsen, Mosede",0,Greve Kommune,Nej,Nej
kommunalvalg,O. Dansk Folkeparti,Lars Prier,0,Høje-Taastrup Kommune,Nej,Nej
kommunalvalg,O. Dansk Folkeparti,Lars Rex Mundi,0,Aabenraa Kommune,Nej,Nej
kommunalvalg,O. Dansk Folkeparti,"Lars Straarup, Faxe",147,Faxe Kommune,Nej,Nej
kommunalvalg,O. Dansk Folkeparti,Lars Vestergaard,0,Københavns Kommune,Nej,Nej
kommunalvalg,O. Dansk Folkeparti,Lasse Holmqvist,0,Fredericia Kommune,Nej,Nej
kommunalvalg,O. Dansk Folkeparti,Lasse Sørensen,0,Vordingborg Kommune,Nej,Nej
kommunalvalg,O. Dansk Folkeparti,Laust Andersen,0,Københavns Kommune,Nej,Nej
kommunalvalg,O. Dansk Folkeparti,"Leif Lykke Larsen, Kaas",0,Jammerbugt Kommune,Nej,Nej
kommunalvalg,O. Dansk Folkeparti,"Leif Wittorff, Gørding",0,Esbjerg Kommune,Nej,Nej
kommunalvalg,O. Dansk Folkeparti,Lene Breuning,0,Høje-Taastrup Kommune,Nej,Nej
kommunalvalg,O. Dansk Folkeparti,Lene Karmisholt,0,Furesø Kommune,Nej,Nej
kommunalvalg,O. Dansk Folkeparti,Lene Rusbjerg Jørgensen,0,Holstebro Kommune,Nej,Nej
kommunalvalg,O. Dansk Folkeparti,"Lene Tholstorf, Lyngby",0,Lyngby-Taarbæk Kommune,Nej,Nej
kommunalvalg,O. Dansk Folkeparti,Lillian Præstbro,0,Vejle Kommune,Nej,Nej
kommunalvalg,O. Dansk Folkeparti,Linda Gade,0,Gladsaxe Kommune,Nej,Nej
kommunalvalg,O. Dansk Folkeparti,Linda Roed,0,Roskilde Kommune,Nej,Nej
kommunalvalg,O. Dansk Folkeparti,"Line Sørensen, Løgstrup",91,Viborg Kommune,Nej,Nej
kommunalvalg,O. Dansk Folkeparti,Linett Valentina Sommer,0,Odense Kommune,Nej,Nej
kommunalvalg,O. Dansk Folkeparti,Lise de Molade,0,Københavns Kommune,Nej,Nej
kommunalvalg,O. Dansk Folkeparti,Listestemmer,13429,Lemvig Kommune,Nej,Nej
kommunalvalg,O. Dansk Folkeparti,Lone Jessen Hellerup,0,Aabenraa Kommune,Nej,Nej
kommunalvalg,O. Dansk Folkeparti,Lone Kiilerich,49,Kerteminde Kommune,Nej,Nej
kommunalvalg,O. Dansk Folkeparti,"Lone Langballe, Tjele",716,Viborg Kommune,Nej,Nej
kommunalvalg,O. Dansk Folkeparti,Lotte Hauritz,0,Lejre Kommune,Nej,Nej
kommunalvalg,O. Dansk Folkeparti,"Lotte Steneborg, Læsø",12,Læsø Kommune,Nej,Nej
kommunalvalg,O. Dansk Folkeparti,Lucas Goldmann,0,Odense Kommune,Nej,Nej
kommunalvalg,O. Dansk Folkeparti,"Lukas Olesen, Kalundborg",0,Kalundborg Kommune,Nej,Nej
kommunalvalg,O. Dansk Folkeparti,"Mads Engelund Larsen, Esbjerg",0,Esbjerg Kommune,Nej,Nej
kommunalvalg,O. Dansk Folkeparti,"Mads-Magnus Dam, Frifelt",0,Tønder Kommune,Nej,Nej
kommunalvalg,O. Dansk Folkeparti,Mai-Britt Hansen,42,Vesthimmerlands Kommune,Nej,Nej
kommunalvalg,O. Dansk Folkeparti,"Mai-Britt Maigatter, Hjerting",0,Esbjerg Kommune,Nej,Nej
kommunalvalg,O. Dansk Folkeparti,Maj-Britt Oreskov,0,Lolland Kommune,Nej,Nej
kommunalvalg,O. Dansk Folkeparti,Majbritt Birkholm,0,Holstebro Kommune,Nej,Nej
kommunalvalg,O. Dansk Folkeparti,Malene Bay,0,Hvidovre Kommune,Nej,Nej
kommunalvalg,O. Dansk Folkeparti,"Malou Kramer, Høng",0,Kalundborg Kommune,Nej,Nej
kommunalvalg,O. Dansk Folkeparti,Margit W. Peters,0,Frederiksberg Kommune,Nej,Nej
kommunalvalg,O. Dansk Folkeparti,"Maria Weisbjerg, Faaborg",0,Faaborg-Midtfyn Kommune,Nej,Nej
kommunalvalg,O. Dansk Folkeparti,Marianne Erica Nielsen,0,Slagelse Kommune,Nej,Nej
kommunalvalg,O. Dansk Folkeparti,"Marianne Jäger, Nørre Højrup",28,Nordfyns Kommune,Nej,Nej
kommunalvalg,O. Dansk Folkeparti,Marianne Mix Larsen,0,Svendborg Kommune,Nej,Nej
kommunalvalg,O. Dansk Folkeparti,"Mark F. Kramer, Høng",0,Kalundborg Kommune,Nej,Nej
kommunalvalg,O. Dansk Folkeparti,"Mark Hjorth, Dalby",368,Faxe Kommune,Nej,Nej
kommunalvalg,O. Dansk Folkeparti,Marlene Nyberg,0,Tårnby Kommune,Nej,Nej
kommunalvalg,O. Dansk Folkeparti,"Martin Guldmann, Randers",0,Randers Kommune,Nej,Nej
kommunalvalg,O. Dansk Folkeparti,"Martin Rosbjørn, Rønnede",357,Faxe Kommune,Nej,Nej
kommunalvalg,O. Dansk Folkeparti,"Martin Schwartzbach, Kalundborg",0,Kalundborg Kommune,Nej,Nej
kommunalvalg,O. Dansk Folkeparti,Martin Ø. Andersen,0,Thisted Kommune,Nej,Nej
kommunalvalg,O. Dansk Folkeparti,Mathias Rump Hansen,0,Frederikshavn Kommune,Nej,Nej
kommunalvalg,O. Dansk Folkeparti,Matthew Dawids,0,Frederiksberg Kommune,Nej,Nej
kommunalvalg,O. Dansk Folkeparti,Max Tranebæk,0,Helsingør Kommune,Nej,Nej
kommunalvalg,O. Dansk Folkeparti,Melanie Hauchrog Reddig Spieler,0,Gribskov Kommune,Nej,Nej
kommunalvalg,O. Dansk Folkeparti,"Melanie Pedersen, Esbjerg",0,Esbjerg Kommune,Nej,Nej
kommunalvalg,O. Dansk Folkeparti,Mercedes Czank,136,Favrskov Kommune,Nej,Nej
kommunalvalg,O. Dansk Folkeparti,Merete Dea Larsen,0,Roskilde Kommune,Nej,Nej
kommunalvalg,O. Dansk Folkeparti,"Merete Rask Egholm, Ølsted",0,Halsnæs Kommune,Nej,Nej
kommunalvalg,O. Dansk Folkeparti,Mette Andersen,0,Hvidovre Kommune,Nej,Nej
kommunalvalg,O. Dansk Folkeparti,Mette Korbo,37,Gentofte Kommune,Nej,Nej
kommunalvalg,O. Dansk Folkeparti,Mette Marie de Place,0,Fredericia Kommune,Nej,Nej
kommunalvalg,O. Dansk Folkeparti,"Mette Sode Hansen, Aakirkeby",0,Bornholms Regionskommune,Nej,Nej
kommunalvalg,O. Dansk Folkeparti,Michael Bjerg Hansen,0,Horsens Kommune,Nej,Nej
kommunalvalg,O. Dansk Folkeparti,"Michael Hauge Andresen, Karby",11,Morsø Kommune,Nej,Nej
kommunalvalg,O. Dansk Folkeparti,Michael Jensen,0,Ballerup Kommune,Nej,Nej
kommunalvalg,O. Dansk Folkeparti,Michael Nedersøe,0,Horsens Kommune,Nej,Nej
kommunalvalg,O. Dansk Folkeparti,Michael Salve Dragsbæk,0,Slagelse Kommune,Nej,Nej
kommunalvalg,O. Dansk Folkeparti,Michael Søborg,0,Lejre Kommune,Nej,Nej
kommunalvalg,O. Dansk Folkeparti,"Michelle Sundahl, Rødkærsbro",260,Viborg Kommune,Nej,Nej
kommunalvalg,O. Dansk Folkeparti,Mikael Andersen,0,Lolland Kommune,Nej,Nej
kommunalvalg,O. Dansk Folkeparti,"Mikael H. Pedersen, Tryggelev",11,Langeland Kommune,Nej,Nej
kommunalvalg,O. Dansk Folkeparti,Mikael Jensen,0,Struer Kommune,Nej,Nej
kommunalvalg,O. Dansk Folkeparti,"Mikael Würtz, Engesvang",552,Ikast-Brande Kommune,Nej,Nej
kommunalvalg,O. Dansk Folkeparti,Mikkel Bjørn,0,Københavns Kommune,Nej,Nej
kommunalvalg,O. Dansk Folkeparti,Mikkel Dencker,0,Hvidovre Kommune,Nej,Nej
kommunalvalg,O. Dansk Folkeparti,Mikkel Hartwich,471,Fredensborg Kommune,Nej,Nej
kommunalvalg,O. Dansk Folkeparti,Mikkel Pedersen,0,Vejle Kommune,Nej,Nej
kommunalvalg,O. Dansk Folkeparti,Mille Qvistgaard,0,Lejre Kommune,Nej,Nej
kommunalvalg,O. Dansk Folkeparti,"Minna Ammundsen, Esbjerg V",0,Esbjerg Kommune,Nej,Nej
kommunalvalg,O. Dansk Folkeparti,Mogens Uggerhøj,0,Frederikshavn Kommune,Nej,Nej
kommunalvalg,O. Dansk Folkeparti,Molle Lykke Nielsen,897,Kolding Kommune,Nej,Nej
kommunalvalg,O. Dansk Folkeparti,"Monica Neumann, Jægerspris",0,Frederikssund Kommune,Nej,Nej
kommunalvalg,O. Dansk Folkeparti,"Morten Andresen, Køge",0,Køge Kommune,Nej,Nej
kommunalvalg,O. Dansk Folkeparti,Morten Dreyer,112,Dragør Kommune,Nej,Nej
kommunalvalg,O. Dansk Folkeparti,Morten Haubro,255,Kerteminde Kommune,Nej,Nej
kommunalvalg,O. Dansk Folkeparti,"Nichlas Arne Andersson, Stubbekøbing",0,Guldborgsund Kommune,Nej,Nej
kommunalvalg,O. Dansk Folkeparti,Nichlas Flintholm Madsen,0,Odense Kommune,Nej,Nej
kommunalvalg,O. Dansk Folkeparti,Nick Larsen,0,Lemvig Kommune,Nej,Nej
kommunalvalg,O. Dansk Folkeparti,Nickolai Hamann,721,Næstved Kommune,Nej,Nej
kommunalvalg,O. Dansk Folkeparti,Nico Hjermind,0,Solrød Kommune,Nej,Nej
kommunalvalg,O. Dansk Folkeparti,"Nicolai Estrup, Randers",0,Randers Kommune,Nej,Nej
kommunalvalg,O. Dansk Folkeparti,Nicolai Thomsen,0,Frederikshavn Kommune,Nej,Nej
kommunalvalg,O. Dansk Folkeparti,Nicolas Christiansen,0,Fredericia Kommune,Nej,Nej
kommunalvalg,O. Dansk Folkeparti,"Niels Grønbæk, Brønderslev",0,Brønderslev Kommune,Nej,Nej
kommunalvalg,O. Dansk Folkeparti,"Niels Kærsgaard, Lyngby",0,Lyngby-Taarbæk Kommune,Nej,Nej
kommunalvalg,O. Dansk Folkeparti,Niels Peter Hougaard,68,Vesthimmerlands Kommune,Nej,Nej
kommunalvalg,O. Dansk Folkeparti,"Niels Thomsen, Årestrup",20,Rebild Kommune,Nej,Nej
kommunalvalg,O. Dansk Folkeparti,"Nils Brøndumbo, Askov",0,Vejen Kommune,Nej,Nej
kommunalvalg,O. Dansk Folkeparti,Nina Brix Petersen,0,Stevns Kommune,Nej,Nej
kommunalvalg,O. Dansk Folkeparti,"Ole Lind, Læsø",55,Læsø Kommune,Nej,Nej
kommunalvalg,O. Dansk Folkeparti,"Ole S. Nielsen, Evetofte",0,Halsnæs Kommune,Nej,Nej
kommunalvalg,O. Dansk Folkeparti,"Ole Wedel, Hundested",0,Halsnæs Kommune,Nej,Nej
kommunalvalg,O. Dansk Folkeparti,"Orla Kjærgaard, Hjørring",18,Hjørring Kommune,Nej,Nej
kommunalvalg,O. Dansk Folkeparti,Otto Madsen,0,Ishøj Kommune,Nej,Nej
kommunalvalg,O. Dansk Folkeparti,"Ove Kjærskov Nielsen, Hedensted",0,Hedensted Kommune,Nej,Nej
kommunalvalg,O. Dansk Folkeparti,Ove Nørlem,75,Favrskov Kommune,Nej,Nej
kommunalvalg,O. Dansk Folkeparti,"Ove Pedersen, Hundested",0,Halsnæs Kommune,Nej,Nej
kommunalvalg,O. Dansk Folkeparti,Patrick Elm,235,Næstved Kommune,Nej,Nej
kommunalvalg,O. Dansk Folkeparti,Patrick Witting,0,Ballerup Kommune,Nej,Nej
kommunalvalg,O. Dansk Folkeparti,"Paw Andersen, Vantinge",0,Faaborg-Midtfyn Kommune,Nej,Nej
kommunalvalg,O. Dansk Folkeparti,Paw Karslund,0,Tårnby Kommune,Nej,Nej
kommunalvalg,O. Dansk Folkeparti,Peder Cabion Hansen,0,Gladsaxe Kommune,Nej,Nej
kommunalvalg,O. Dansk Folkeparti,Peer Pedersen,0,Vordingborg Kommune,Nej,Nej
kommunalvalg,O. Dansk Folkeparti,Per Brun,68,Rødovre Kommune,Nej,Nej
kommunalvalg,O. Dansk Folkeparti,"Per Christensen, Uggerslev",82,Nordfyns Kommune,Nej,Nej
kommunalvalg,O. Dansk Folkeparti,Per Fisker,0,Hvidovre Kommune,Nej,Nej
kommunalvalg,O. Dansk Folkeparti,"Per Flor, Sigersted Huse",0,Ringsted Kommune,Nej,Nej
kommunalvalg,O. Dansk Folkeparti,"Per Hansen, Randers NØ",0,Randers Kommune,Nej,Nej
kommunalvalg,O. Dansk Folkeparti,"Per Hyldig, Hjørring",233,Hjørring Kommune,Nej,Nej
kommunalvalg,O. Dansk Folkeparti,Per Knudsen,198,Kolding Kommune,Nej,Nej
kommunalvalg,O. Dansk Folkeparti,Per Kovl,0,Lolland Kommune,Nej,Nej
kommunalvalg,O. Dansk Folkeparti,"Per Langkilde Lauesen, Karup",218,Viborg Kommune,Nej,Nej
kommunalvalg,O. Dansk Folkeparti,"Per Mortensen, Nr. Dråby",82,Morsø Kommune,Nej,Nej
kommunalvalg,O. Dansk Folkeparti,Per Olsen,0,Helsingør Kommune,Nej,Nej
kommunalvalg,O. Dansk Folkeparti,"Pernille Mai Brylle, Vesterende Ballum",0,Tønder Kommune,Nej,Nej
kommunalvalg,O. Dansk Folkeparti,"Peter Bachmann, Ebeltoft",122,Syddjurs Kommune,Nej,Nej
kommunalvalg,O. Dansk Folkeparti,Peter Dencker,0,Hvidovre Kommune,Nej,Nej
kommunalvalg,O. Dansk Folkeparti,Peter Flindt-Hansen,0,Gladsaxe Kommune,Nej,Nej
kommunalvalg,O. Dansk Folkeparti,"Peter Jacobsen, Snertinge",0,Kalundborg Kommune,Nej,Nej
kommunalvalg,O. Dansk Folkeparti,"Peter Lassen, Tarup-Davinde",0,Faaborg-Midtfyn Kommune,Nej,Nej
kommunalvalg,O. Dansk Folkeparti,"Peter Mousten Vestergaard, Jebjerg",0,Skive Kommune,Nej,Nej
kommunalvalg,O. Dansk Folkeparti,"Pia Fussing, Gyrstinge",0,Ringsted Kommune,Nej,Nej
kommunalvalg,O. Dansk Folkeparti,Pia Grønbæk,0,Struer Kommune,Nej,Nej
kommunalvalg,O. Dansk Folkeparti,"Poul Christensen, Haslev",131,Faxe Kommune,Nej,Nej
kommunalvalg,O. Dansk Folkeparti,Poul Gaardbo,0,Brøndby Kommune,Nej,Nej
kommunalvalg,O. Dansk Folkeparti,Poul Larsen,72,Mariagerfjord Kommune,Nej,Nej
kommunalvalg,O. Dansk Folkeparti,"Poul Svane Madsen, Bogense",19,Nordfyns Kommune,Nej,Nej
kommunalvalg,O. Dansk Folkeparti,"Preben Andersen, Nr. Søby",0,Skive Kommune,Nej,Nej
kommunalvalg,O. Dansk Folkeparti,"Preben Bruhn, Millinge",0,Faaborg-Midtfyn Kommune,Nej,Nej
kommunalvalg,O. Dansk Folkeparti,"Preben Kimer, Hornslet",172,Syddjurs Kommune,Nej,Nej
kommunalvalg,O. Dansk Folkeparti,"Preben Sigvardt, Ugerløse",0,Holbæk Kommune,Nej,Nej
kommunalvalg,O. Dansk Folkeparti,Rasmus Duerlund Nielsen,0,Svendborg Kommune,Nej,Nej
kommunalvalg,O. Dansk Folkeparti,Rasmus Maglekilde-Micheelsen,0,Rudersdal Kommune,Nej,Nej
kommunalvalg,O. Dansk Folkeparti,Rasmus S. Jacobsen,0,Holstebro Kommune,Nej,Nej
kommunalvalg,O. Dansk Folkeparti,Rasmus Vind,0,Odsherred Kommune,Nej,Nej
kommunalvalg,O. Dansk Folkeparti,Rebecca  Kølle,0,Lolland Kommune,Nej,Nej
kommunalvalg,O. Dansk Folkeparti,"René Danielsson, Rønne",0,Bornholms Regionskommune,Nej,Nej
kommunalvalg,O. Dansk Folkeparti,René Haupt Larsen,0,Odsherred Kommune,Nej,Nej
kommunalvalg,O. Dansk Folkeparti,René Langhorn,0,Hvidovre Kommune,Nej,Nej
kommunalvalg,O. Dansk Folkeparti,Rita Bach,0,Tårnby Kommune,Nej,Nej
kommunalvalg,O. Dansk Folkeparti,Rita Rahbek Russell,114,Gentofte Kommune,Nej,Nej
kommunalvalg,O. Dansk Folkeparti,Rolf Lorentzen,0,Lejre Kommune,Nej,Nej
kommunalvalg,O. Dansk Folkeparti,"Romeo Troelsgaard, Dømmestrup",0,Faaborg-Midtfyn Kommune,Nej,Nej
kommunalvalg,O. Dansk Folkeparti,Ronny Børger,0,Tårnby Kommune,Nej,Nej
kommunalvalg,O. Dansk Folkeparti,Rune Bønnelykke,0,Vejle Kommune,Nej,Nej
kommunalvalg,O. Dansk Folkeparti,Rune Højer,0,Haderslev Kommune,Nej,Nej
kommunalvalg,O. Dansk Folkeparti,"Sabine Nicoline Lyngberg, Klemensker",0,Bornholms Regionskommune,Nej,Nej
kommunalvalg,O. Dansk Folkeparti,Sandra Andersen,0,Herlev Kommune,Nej,Nej
kommunalvalg,O. Dansk Folkeparti,Sanne Lauridsen,0,Thisted Kommune,Nej,Nej
kommunalvalg,O. Dansk Folkeparti,"Sanni Kragh, Randers NØ",0,Randers Kommune,Nej,Nej
kommunalvalg,O. Dansk Folkeparti,Sara Gabel,92,Kolding Kommune,Nej,Nej
kommunalvalg,O. Dansk Folkeparti,Sarah Brøndum,43,Gentofte Kommune,Nej,Nej
kommunalvalg,O. Dansk Folkeparti,Signe Vedersø Keldorff,0,Odense Kommune,Nej,Nej
kommunalvalg,O. Dansk Folkeparti,"Simon Hampe, Stubbekøbing",0,Guldborgsund Kommune,Nej,Nej
kommunalvalg,O. Dansk Folkeparti,Simon Hellemann Skov,0,Horsens Kommune,Nej,Nej
kommunalvalg,O. Dansk Folkeparti,"Simon Vanggaard, Ikast",700,Ikast-Brande Kommune,Nej,Nej
kommunalvalg,O. Dansk Folkeparti,Simone Pi Wagner Christensen,0,Københavns Kommune,Nej,Nej
kommunalvalg,O. Dansk Folkeparti,Steen Finn Hansen,0,Lejre Kommune,Nej,Nej
kommunalvalg,O. Dansk Folkeparti,"Steen Jakobsen-Hansen, Hundige",0,Greve Kommune,Nej,Nej
kommunalvalg,O. Dansk Folkeparti,"Steen Kisbye, Lyngby",0,Lyngby-Taarbæk Kommune,Nej,Nej
kommunalvalg,O. Dansk Folkeparti,Steen Løfstrøm,502,Fredensborg Kommune,Nej,Nej
kommunalvalg,O. Dansk Folkeparti,Steen Søndergaard,0,Silkeborg Kommune,Nej,Nej
kommunalvalg,O. Dansk Folkeparti,Stefan Lydal,0,Sønderborg Kommune,Nej,Nej
kommunalvalg,O. Dansk Folkeparti,Steffen Daugaard,0,Middelfart Kommune,Nej,Nej
kommunalvalg,O. Dansk Folkeparti,Steffen Dons,0,Roskilde Kommune,Nej,Nej
kommunalvalg,O. Dansk Folkeparti,"Stine Steffensen, Nykøbing F.",0,Guldborgsund Kommune,Nej,Nej
kommunalvalg,O. Dansk Folkeparti,Sune Nørgaard Jakobsen,0,Fredericia Kommune,Nej,Nej
kommunalvalg,O. Dansk Folkeparti,Susanna Uhrskov,0,Horsens Kommune,Nej,Nej
kommunalvalg,O. Dansk Folkeparti,Susanne Dahl,0,Ballerup Kommune,Nej,Nej
kommunalvalg,O. Dansk Folkeparti,Susanne Eilersen,0,Fredericia Kommune,Nej,Nej
kommunalvalg,O. Dansk Folkeparti,"Susanne Kristensen, Højmark",0,Ringkøbing-Skjern Kommune,Nej,Nej
kommunalvalg,O. Dansk Folkeparti,Susanne Rikke Hougaard-Nielsen,0,Middelfart Kommune,Nej,Nej
kommunalvalg,O. Dansk Folkeparti,Søren Bjerg Nielsen,0,Københavns Kommune,Nej,Nej
kommunalvalg,O. Dansk Folkeparti,Søren Boel Olesen,0,Holstebro Kommune,Nej,Nej
kommunalvalg,O. Dansk Folkeparti,Søren Clausen,0,Vordingborg Kommune,Nej,Nej
kommunalvalg,O. Dansk Folkeparti,Søren Hansen,0,Vordingborg Kommune,Nej,Nej
kommunalvalg,O. Dansk Folkeparti,Søren Hyldgård Poulsen,0,Aarhus Kommune,Nej,Nej
kommunalvalg,O. Dansk Folkeparti,Søren Lund Hansen,0,Slagelse Kommune,Nej,Nej
kommunalvalg,O. Dansk Folkeparti,Søren Nielsen,0,Stevns Kommune,Nej,Nej
kommunalvalg,O. Dansk Folkeparti,Søren Rasmussen,3317,Kolding Kommune,Nej,Nej
kommunalvalg,O. Dansk Folkeparti,Søren Regenberg,10,Fredensborg Kommune,Nej,Nej
kommunalvalg,O. Dansk Folkeparti,"Søren Twisttmann Pedersen, Glamsbjerg",0,Assens Kommune,Nej,Nej
kommunalvalg,O. Dansk Folkeparti,"Søs Kristensen, Tommerup St.",0,Assens Kommune,Nej,Nej
kommunalvalg,O. Dansk Folkeparti,"Søs Krog, Virum",0,Lyngby-Taarbæk Kommune,Nej,Nej
kommunalvalg,O. Dansk Folkeparti,"Søsser Grønnegård, Lynge",0,Allerød Kommune,Nej,Nej
kommunalvalg,O. Dansk Folkeparti,"Tanja Glückstadt, Tureby",0,Køge Kommune,Nej,Nej
kommunalvalg,O. Dansk Folkeparti,Tenna Lindgaard,116,Kolding Kommune,Nej,Nej
kommunalvalg,O. Dansk Folkeparti,Tenna Røberg,0,Aarhus Kommune,Nej,Nej
kommunalvalg,O. Dansk Folkeparti,Tharsika Thangarajah,0,Aarhus Kommune,Nej,Nej
kommunalvalg,O. Dansk Folkeparti,Thies Mathiasen,0,Haderslev Kommune,Nej,Nej
kommunalvalg,O. Dansk Folkeparti,Thomas Hjort,0,Frederikshavn Kommune,Nej,Nej
kommunalvalg,O. Dansk Folkeparti,Thomas Kastrup Christensen,0,Aarhus Kommune,Nej,Nej
kommunalvalg,O. Dansk Folkeparti,"Thomas N. Christensen, Kaas",0,Jammerbugt Kommune,Nej,Nej
kommunalvalg,O. Dansk Folkeparti,Thomas Pedersen,116,Næstved Kommune,Nej,Nej
kommunalvalg,O. Dansk Folkeparti,"Thomas Rasmussen, Grenaa",0,Norddjurs Kommune,Nej,Nej
kommunalvalg,O. Dansk Folkeparti,"Thomas Storm, Vrå",61,Hjørring Kommune,Nej,Nej
kommunalvalg,O. Dansk Folkeparti,Tina B. Nielsen,0,Albertslund Kommune,Nej,Nej
kommunalvalg,O. Dansk Folkeparti,Tina Hedelund,0,Gribskov Kommune,Nej,Nej
kommunalvalg,O. Dansk Folkeparti,"Tina Lund, Lyngby",0,Lyngby-Taarbæk Kommune,Nej,Nej
kommunalvalg,O. Dansk Folkeparti,"Tina Ostersen, Brande",286,Ikast-Brande Kommune,Nej,Nej
kommunalvalg,O. Dansk Folkeparti,Tobias Brus Mikkelsen,0,Sønderborg Kommune,Nej,Nej
kommunalvalg,O. Dansk Folkeparti,Tom Bech Fredriksen,0,Brøndby Kommune,Nej,Nej
kommunalvalg,O. Dansk Folkeparti,"Tommy Larsen, Randers NV",0,Randers Kommune,Nej,Nej
kommunalvalg,O. Dansk Folkeparti,"Tommy Vestergaard, Ikast",66,Ikast-Brande Kommune,Nej,Nej
kommunalvalg,O. Dansk Folkeparti,"Tonny Borrinjaland, Allinge",0,Bornholms Regionskommune,Nej,Nej
kommunalvalg,O. Dansk Folkeparti,"Tonny Pedersen, Gedser",0,Guldborgsund Kommune,Nej,Nej
kommunalvalg,O. Dansk Folkeparti,Torben Buurgaard,0,Struer Kommune,Nej,Nej
kommunalvalg,O. Dansk Folkeparti,"Torben Cravach Andersen, Suldrup",74,Rebild Kommune,Nej,Nej
kommunalvalg,O. Dansk Folkeparti,Torben Holmberg,43,Rødovre Kommune,Nej,Nej
kommunalvalg,O. Dansk Folkeparti,Tristan Chrétien,0,Svendborg Kommune,Nej,Nej
kommunalvalg,O. Dansk Folkeparti,Ulla Fischer,0,Frederikshavn Kommune,Nej,Nej
kommunalvalg,O. Dansk Folkeparti,Ulla Kokfelt,0,Helsingør Kommune,Nej,Nej
kommunalvalg,O. Dansk Folkeparti,"Ulla Oksen, Agerskov",0,Tønder Kommune,Nej,Nej
kommunalvalg,O. Dansk Folkeparti,"Victor V. Nielsen, Frederiksværk",0,Halsnæs Kommune,Nej,Nej
kommunalvalg,O. Dansk Folkeparti,"Villy Blichfeldt Sørensen, Saltum",0,Jammerbugt Kommune,Nej,Nej
kommunalvalg,O. Dansk Folkeparti,Vita Pedersen,0,Odsherred Kommune,Nej,Nej
kommunalvalg,O. Dansk Folkeparti,Vivian Frederiksen,0,Skanderborg Kommune,Nej,Nej
kommunalvalg,O. Dansk Folkeparti,Winni Bente Birch,0,Vordingborg Kommune,Nej,Nej
kommunalvalg,O. Dansk Folkeparti,"Åge Priisholm, Ringe",0,Faaborg-Midtfyn Kommune,Nej,Nej
kommunalvalg,O. Dansk Folkeparti i Glostrup,Annette Thorsen,0,Glostrup Kommune,Nej,Nej
kommunalvalg,O. Dansk Folkeparti i Glostrup,Flemming Ørhem,0,Glostrup Kommune,Nej,Nej
kommunalvalg,O. Dansk Folkeparti i Glostrup,Kim Henriksen,0,Glostrup Kommune,Nej,Nej
kommunalvalg,O. Dansk Folkeparti i Glostrup,Listestemmer,0,Glostrup Kommune,Nej,Nej
kommunalvalg,O. Dansk Folkeparti i Glostrup,Pia Geldam,0,Glostrup Kommune,Nej,Nej
kommunalvalg,O. Dansk Folkeparti i Glostrup,Pia Hagbarth Dahlin,0,Glostrup Kommune,Nej,Nej
kommunalvalg,O. Dansk Folkeparti i Glostrup,René Koopmann,0,Glostrup Kommune,Nej,Nej
kommunalvalg,P. DKP - Kommunisterne,Elsebeth Kaufholz,0,Københavns Kommune,Nej,Nej
kommunalvalg,P. DKP - Kommunisterne,Lars Emanuel,0,Københavns Kommune,Nej,Nej
kommunalvalg,P. DKP - Kommunisterne,Listestemmer,0,Københavns Kommune,Nej,Nej
kommunalvalg,P. DKP - Kommunisterne,Preben Flemming Fogelstrøm,0,Københavns Kommune,Nej,Nej
kommunalvalg,P. DKP - Kommunisterne,Rikke G. F. Carlsson,0,Københavns Kommune,Nej,Nej
kommunalvalg,P. DKP - Kommunisterne,Sine Bilfeldt,0,Københavns Kommune,Nej,Nej
kommunalvalg,P. DKP - Kommunisterne,Steen Jørgensen,0,Københavns Kommune,Nej,Nej
kommunalvalg,P. Det Liberale Højre,"Jacob S. Jacobsen, Fjerritslev",0,Jammerbugt Kommune,Nej,Nej
kommunalvalg,P. Det Liberale Højre,Listestemmer,0,Jammerbugt Kommune,Nej,Nej
kommunalvalg,P. Liste P,Listestemmer,0,Fredericia Kommune,Nej,Nej
kommunalvalg,P. Liste P,Marcus Poulsen,0,Fredericia Kommune,Nej,Nej
kommunalvalg,P. Troværdig Politik,Listestemmer,0,Aarhus Kommune,Nej,Nej
kommunalvalg,P. Troværdig Politik,Tina Hougaard Møller,0,Aarhus Kommune,Nej,Nej
kommunalvalg,Q. Frie Grønne,Asham Agha Nadeem,0,Københavns Kommune,Nej,Nej
kommunalvalg,Q. Frie Grønne,Chanett Nguyen,0,Københavns Kommune,Nej,Nej
kommunalvalg,Q. Frie Grønne,Daniel Tomicic,0,Københavns Kommune,Nej,Nej
kommunalvalg,Q. Frie Grønne,Elise Bjerkrheim,0,Københavns Kommune,Nej,Nej
kommunalvalg,Q. Frie Grønne,Hamid El Mousti,0,Københavns Kommune,Nej,Nej
kommunalvalg,Q. Frie Grønne,Jasmin Kaur,0,Københavns Kommune,Nej,Nej
kommunalvalg,Q. Frie Grønne,Laura Hjarvard Raaschou,0,Københavns Kommune,Nej,Nej
kommunalvalg,Q. Frie Grønne,Listestemmer,0,Københavns Kommune,Nej,Nej
kommunalvalg,Q. Frie Grønne,Rajesh Holmen,0,Københavns Kommune,Nej,Nej
kommunalvalg,Q. Frie Grønne,Rashid Ali,0,Københavns Kommune,Nej,Nej
kommunalvalg,Q. Frie Grønne,"Sarfraz Ashraf, Taastrup",0,Høje-Taastrup Kommune,Nej,Nej
kommunalvalg,Q. Frie Grønne,Signe Vad,0,Københavns Kommune,Nej,Nej
kommunalvalg,Q. Frie Grønne,Sikandar Siddique,0,Københavns Kommune,Nej,Nej
kommunalvalg,Q. Frie Grønne,Siobhán Kelleher-Petersen,0,Bornholms Regionskommune,Nej,Nej
kommunalvalg,Q. Frie Grønne,Stine Zink Kaasgaard,0,Bornholms Regionskommune,Nej,Nej
kommunalvalg,Q. Frie Grønne - Danmarks nye venstrefløjsparti,Ahmad Mansoor,0,Odense Kommune,Nej,Nej
kommunalvalg,Q. Frie Grønne - Danmarks nye venstrefløjsparti,"Karina Dammand, Aarhus V",0,Aarhus Kommune,Nej,Nej
kommunalvalg,Q. Frie Grønne - Danmarks nye venstrefløjsparti,Listestemmer,0,Odense Kommune,Nej,Nej
kommunalvalg,Q. Holger S. Jørgensen,Holger S. Jørgensen,0,Nyborg Kommune,Nej,Nej
kommunalvalg,Q. Holger S. Jørgensen,Listestemmer,0,Nyborg Kommune,Nej,Nej
kommunalvalg,Q. Omsorgsgruppen,"Johnny Ancher, Middelfart",0,Middelfart Kommune,Nej,Nej
kommunalvalg,Q. Omsorgsgruppen,Listestemmer,0,Middelfart Kommune,Nej,Nej
kommunalvalg,Q. Omsorgsgruppen,"Mathilde  Mathiasen, Middelfart",0,Middelfart Kommune,Nej,Nej
kommunalvalg,Q. SocialKonservative,Anders Kinnerup,0,Hørsholm Kommune,Nej,Nej
kommunalvalg,Q. SocialKonservative,Annie Rastrup,0,Hørsholm Kommune,Nej,Nej
kommunalvalg,Q. SocialKonservative,Christoffer Henriksen,0,Hørsholm Kommune,Nej,Nej
kommunalvalg,Q. SocialKonservative,Ella Andersen,0,Hørsholm Kommune,Nej,Nej
kommunalvalg,Q. SocialKonservative,Erik Andersen,0,Hørsholm Kommune,Nej,Nej
kommunalvalg,Q. SocialKonservative,Gitte Sornn-Friese,0,Hørsholm Kommune,Nej,Nej
kommunalvalg,Q. SocialKonservative,Listestemmer,0,Hørsholm Kommune,Nej,Nej
kommunalvalg,Q. SocialKonservative,Mogens Buch-Larsen,0,Hørsholm Kommune,Nej,Nej
kommunalvalg,Q. SocialKonservative,Niels Hass,0,Hørsholm Kommune,Nej,Nej
kommunalvalg,Q. SocialKonservative,Thorkild Gruelund,0,Hørsholm Kommune,Nej,Nej
kommunalvalg,Q. SocialKonservative,Vibeke Hindsberg,0,Hørsholm Kommune,Nej,Nej
kommunalvalg,Q. Østbroen,Anker Boje,0,Randers Kommune,Nej,Nej
kommunalvalg,Q. Østbroen,Bo Bay Jensen,0,Randers Kommune,Nej,Nej
kommunalvalg,Q. Østbroen,Bo Ratz,0,Randers Kommune,Nej,Nej
kommunalvalg,Q. Østbroen,Casper Sørensen,0,Randers Kommune,Nej,Nej
kommunalvalg,Q. Østbroen,Erik Blok Andersen,0,Randers Kommune,Nej,Nej
kommunalvalg,Q. Østbroen,Erik Bo Andersen,0,Randers Kommune,Nej,Nej
kommunalvalg,Q. Østbroen,Jan Votteler,0,Randers Kommune,Nej,Nej
kommunalvalg,Q. Østbroen,Jens Løth,0,Randers Kommune,Nej,Nej
kommunalvalg,Q. Østbroen,Jesper Braad,0,Randers Kommune,Nej,Nej
kommunalvalg,Q. Østbroen,Jørgen Nielsen,0,Randers Kommune,Nej,Nej
kommunalvalg,Q. Østbroen,Jørn Jensen,0,Randers Kommune,Nej,Nej
kommunalvalg,Q. Østbroen,Listestemmer,0,Randers Kommune,Nej,Nej
kommunalvalg,Q. Østbroen,Mette Pabst,0,Randers Kommune,Nej,Nej
kommunalvalg,Q. Østbroen,Mikkel Maagaard,0,Randers Kommune,Nej,Nej
kommunalvalg,Q. Østbroen,Niels-Christian Braad,0,Randers Kommune,Nej,Nej
kommunalvalg,Q. Østbroen,Per Bilici Sørensen,0,Randers Kommune,Nej,Nej
kommunalvalg,Q. Østbroen,Peter Møller Kjeldsen,0,Randers Kommune,Nej,Nej
kommunalvalg,Q. Østbroen,Peter Skyum,0,Randers Kommune,Nej,Nej
kommunalvalg,Q. Østbroen,Pia Carøe,0,Randers Kommune,Nej,Nej
kommunalvalg,Q. Østbroen,Torben Frandsen,0,Randers Kommune,Nej,Nej
kommunalvalg,R. De lokale rebeller,Listestemmer,0,Slagelse Kommune,Nej,Nej
kommunalvalg,R. De lokale rebeller,Morten A. Larsen,0,Slagelse Kommune,Nej,Nej
kommunalvalg,R. De lokale rebeller,Sandra B. Wellendorph,0,Slagelse Kommune,Nej,Nej
kommunalvalg,R. Kommunistisk Parti,"Alma Schifter Lorenzen, Brønshøj",0,Københavns Kommune,Nej,Nej
kommunalvalg,R. Kommunistisk Parti,Angus Skov Axelsen,0,Vejle Kommune,Nej,Nej
kommunalvalg,R. Kommunistisk Parti,Birthe Sørensen Ahrendt,0,Aarhus Kommune,Nej,Nej
kommunalvalg,R. Kommunistisk Parti,Brian Basse Larsen,0,Aarhus Kommune,Nej,Nej
kommunalvalg,R. Kommunistisk Parti,"Brian O'Brien Grønvold, Amager",0,Københavns Kommune,Nej,Nej
kommunalvalg,R. Kommunistisk Parti,"Christian Nielsen, Nørrebro",0,Københavns Kommune,Nej,Nej
kommunalvalg,R. Kommunistisk Parti,Christian Træholt,0,Vejle Kommune,Nej,Nej
kommunalvalg,R. Kommunistisk Parti,"Elias Haack, Nørrebro",0,Københavns Kommune,Nej,Nej
kommunalvalg,R. Kommunistisk Parti,Emil Boost,0,Aarhus Kommune,Nej,Nej
kommunalvalg,R. Kommunistisk Parti,"Hans Skou, Ydre Nørrebro",0,Københavns Kommune,Nej,Nej
kommunalvalg,R. Kommunistisk Parti,"Jan Mathisen, Sydhavn",0,Københavns Kommune,Nej,Nej
kommunalvalg,R. Kommunistisk Parti,"Julien Albert Sølling, Sydhavn",0,Københavns Kommune,Nej,Nej
kommunalvalg,R. Kommunistisk Parti,"Kris Rønne, Brønshøj",0,Københavns Kommune,Nej,Nej
kommunalvalg,R. Kommunistisk Parti,"Lin Mortensen, Amager",0,Københavns Kommune,Nej,Nej
kommunalvalg,R. Kommunistisk Parti,Listestemmer,0,Aarhus Kommune,Nej,Nej
kommunalvalg,R. Kommunistisk Parti,"Marc B. Sanganee, Ørestad",0,Københavns Kommune,Nej,Nej
kommunalvalg,R. Kommunistisk Parti,Mathias Rothausen,0,Vejle Kommune,Nej,Nej
kommunalvalg,R. Kommunistisk Parti,Nicklas N. Stærke,0,Aarhus Kommune,Nej,Nej
kommunalvalg,R. Kommunistisk Parti,Per B. Nielsen,0,Aarhus Kommune,Nej,Nej
kommunalvalg,R. Kommunistisk Parti,"Rosa Mørch Jørgensen, Sydhavn",0,Københavns Kommune,Nej,Nej
kommunalvalg,R. Kommunistisk Parti,"Rune Jørgensen, Østerbro",0,Københavns Kommune,Nej,Nej
kommunalvalg,R. Kommunistisk Parti,Tobias Christensen,0,Vejle Kommune,Nej,Nej
kommunalvalg,R. Kommunistisk Parti,Troels Lillegaard,0,Vejle Kommune,Nej,Nej
kommunalvalg,R. Rationelle,"Kasper Gant, Hundested",0,Halsnæs Kommune,Nej,Nej
kommunalvalg,R. Rationelle,Listestemmer,0,Halsnæs Kommune,Nej,Nej
kommunalvalg,R. Rationelle,"Timo Jattu, Hundested",0,Halsnæs Kommune,Nej,Nej
kommunalvalg,R. Rebild Listen,Listestemmer,27,Rebild Kommune,Nej,Nej
kommunalvalg,R. Rebild Listen,Max Schmeling,260,Rebild Kommune,Nej,Nej
kommunalvalg,S. Slesvigsk Parti,"Andreas Geuss, Fjelstrup",0,Haderslev Kommune,Nej,Nej
kommunalvalg,S. Slesvigsk Parti,"Anja Eggert, Aabenraa",0,Aabenraa Kommune,Nej,Nej
kommunalvalg,S. Slesvigsk Parti,"Anna Lea Leth Schmidt, Sønderballe",0,Haderslev Kommune,Nej,Nej
kommunalvalg,S. Slesvigsk Parti,"Arno Knöpfli, Asserballeskov",0,Sønderborg Kommune,Nej,Nej
kommunalvalg,S. Slesvigsk Parti,"Carsten Leth Schmidt, Sønderballe",0,Haderslev Kommune,Nej,Nej
kommunalvalg,S. Slesvigsk Parti,"Christel Leiendecker, Broager",0,Sønderborg Kommune,Nej,Nej
kommunalvalg,S. Slesvigsk Parti,Christian Andresen,0,Tønder Kommune,Nej,Nej
kommunalvalg,S. Slesvigsk Parti,"Christian Warming Nielsen Hansen, Sønderborg",0,Sønderborg Kommune,Nej,Nej
kommunalvalg,S. Slesvigsk Parti,Claus Hansen,0,Tønder Kommune,Nej,Nej
kommunalvalg,S. Slesvigsk Parti,"Doris Bell, Hostrupskov",0,Aabenraa Kommune,Nej,Nej
kommunalvalg,S. Slesvigsk Parti,"Dorthe Andresen, Bylderup-Bov",0,Aabenraa Kommune,Nej,Nej
kommunalvalg,S. Slesvigsk Parti,"Elisabeth Simon, Aabenraa",0,Aabenraa Kommune,Nej,Nej
kommunalvalg,S. Slesvigsk Parti,"Eliska Hansen, Sommersted",0,Haderslev Kommune,Nej,Nej
kommunalvalg,S. Slesvigsk Parti,"Erwin Andresen, Uge",0,Aabenraa Kommune,Nej,Nej
kommunalvalg,S. Slesvigsk Parti,"Florian Born, Aabenraa",0,Aabenraa Kommune,Nej,Nej
kommunalvalg,S. Slesvigsk Parti,"Gerhard Bertelsen, Sønderborg",0,Sønderborg Kommune,Nej,Nej
kommunalvalg,S. Slesvigsk Parti,"Gisela Weber Mezghani, Nordborg",0,Sønderborg Kommune,Nej,Nej
kommunalvalg,S. Slesvigsk Parti,"Hans-Iver Kley, Mølby",0,Haderslev Kommune,Nej,Nej
kommunalvalg,S. Slesvigsk Parti,Hauke Grella,0,Tønder Kommune,Nej,Nej
kommunalvalg,S. Slesvigsk Parti,"Hugo Schmidt, Kravlund Mark",0,Aabenraa Kommune,Nej,Nej
kommunalvalg,S. Slesvigsk Parti,Jakob Tästensen,0,Tønder Kommune,Nej,Nej
kommunalvalg,S. Slesvigsk Parti,"Jan Breitenkamp Hansen, Aabenraa",0,Aabenraa Kommune,Nej,Nej
kommunalvalg,S. Slesvigsk Parti,Jørgen Popp Petersen,0,Tønder Kommune,Nej,Nej
kommunalvalg,S. Slesvigsk Parti,Karin Müller,0,Tønder Kommune,Nej,Nej
kommunalvalg,S. Slesvigsk Parti,"Kirsten Bachmann, Sønderborg",0,Sønderborg Kommune,Nej,Nej
kommunalvalg,S. Slesvigsk Parti,"Kurt Asmussen, Pebersmark",0,Aabenraa Kommune,Nej,Nej
kommunalvalg,S. Slesvigsk Parti,"Käthe Nissen, Rønshoved",0,Aabenraa Kommune,Nej,Nej
kommunalvalg,S. Slesvigsk Parti,"Lauritz Kley, Aabenraa",0,Aabenraa Kommune,Nej,Nej
kommunalvalg,S. Slesvigsk Parti,"Leif Curdes, Gråsten",0,Sønderborg Kommune,Nej,Nej
kommunalvalg,S. Slesvigsk Parti,Leif Hansen,0,Tønder Kommune,Nej,Nej
kommunalvalg,S. Slesvigsk Parti,Listestemmer,0,Tønder Kommune,Nej,Nej
kommunalvalg,S. Slesvigsk Parti,Lorena Otto Pedersen,0,Tønder Kommune,Nej,Nej
kommunalvalg,S. Slesvigsk Parti,Louise Thomsen Terp,0,Tønder Kommune,Nej,Nej
kommunalvalg,S. Slesvigsk Parti,Mathias Knudsen,0,Tønder Kommune,Nej,Nej
kommunalvalg,S. Slesvigsk Parti,"Melissa Knoch, Sønderborg",0,Sønderborg Kommune,Nej,Nej
kommunalvalg,S. Slesvigsk Parti,"Monika Merz, Aabenraa",0,Aabenraa Kommune,Nej,Nej
kommunalvalg,S. Slesvigsk Parti,"Niklas Nissen, Rens",0,Aabenraa Kommune,Nej,Nej
kommunalvalg,S. Slesvigsk Parti,"Peter Asmussen, Aabenraa",0,Aabenraa Kommune,Nej,Nej
kommunalvalg,S. Slesvigsk Parti,"Peter Keltner, Sydals",0,Sønderborg Kommune,Nej,Nej
kommunalvalg,S. Slesvigsk Parti,"Piet Schwarzenberger, Haderslev",0,Haderslev Kommune,Nej,Nej
kommunalvalg,S. Slesvigsk Parti,"Rainer Naujeck, Egernsund",0,Sønderborg Kommune,Nej,Nej
kommunalvalg,S. Slesvigsk Parti,Randi Damstedt,0,Tønder Kommune,Nej,Nej
kommunalvalg,S. Slesvigsk Parti,"Ruth Nielsen, Sønderborg",0,Sønderborg Kommune,Nej,Nej
kommunalvalg,S. Slesvigsk Parti,"Sabina Wittkop-Hansen, Haderslev",0,Haderslev Kommune,Nej,Nej
kommunalvalg,S. Slesvigsk Parti,"Sarah Leiendecker, Broager",0,Sønderborg Kommune,Nej,Nej
kommunalvalg,S. Slesvigsk Parti,"Thilo Schlechter, Padborg",0,Aabenraa Kommune,Nej,Nej
kommunalvalg,S. Slesvigsk Parti,"Thomas Maschoreck, Gråsten",0,Sønderborg Kommune,Nej,Nej
kommunalvalg,S. Slesvigsk Parti,Victor Puck Terp,0,Tønder Kommune,Nej,Nej
kommunalvalg,S. Slesvigsk Parti,Volker Heesch,0,Tønder Kommune,Nej,Nej
kommunalvalg,T. BorgerTinget,Henrik Olsen,0,Aarhus Kommune,Nej,Nej
kommunalvalg,T. BorgerTinget,Listestemmer,0,Aarhus Kommune,Nej,Nej
kommunalvalg,T. BorgerTinget,Peter Hjortkjær,0,Aarhus Kommune,Nej,Nej
kommunalvalg,T. BorgerTinget,Robert Møldrup Axelsen,0,Aarhus Kommune,Nej,Nej
kommunalvalg,T. BorgerTinget,Samuel Holding,0,Aarhus Kommune,Nej,Nej
kommunalvalg,T. Borgerlisten Hørsholm,Birgitte Krag,0,Hørsholm Kommune,Nej,Nej
kommunalvalg,T. Borgerlisten Hørsholm,Bo Johansen,0,Hørsholm Kommune,Nej,Nej
kommunalvalg,T. Borgerlisten Hørsholm,Erik Bryld,0,Hørsholm Kommune,Nej,Nej
kommunalvalg,T. Borgerlisten Hørsholm,Hanne Kaae,0,Hørsholm Kommune,Nej,Nej
kommunalvalg,T. Borgerlisten Hørsholm,Henrik Klitgaard,0,Hørsholm Kommune,Nej,Nej
kommunalvalg,T. Borgerlisten Hørsholm,Listestemmer,0,Hørsholm Kommune,Nej,Nej
kommunalvalg,T. Borgerlisten Hørsholm,Michael Carlsen,0,Hørsholm Kommune,Nej,Nej
kommunalvalg,T. Borgerlisten Hørsholm,Nadja Maria Hageskov,0,Hørsholm Kommune,Nej,Nej
kommunalvalg,T. Borgerlisten Hørsholm,Nina Brask,0,Hørsholm Kommune,Nej,Nej
kommunalvalg,T. Borgerlisten Hørsholm,Peter Antonsen,0,Hørsholm Kommune,Nej,Nej
kommunalvalg,T. Borgerlisten Hørsholm,Sarah Dal Hansen,0,Hørsholm Kommune,Nej,Nej
kommunalvalg,T. Borgernes Frederiksberg,Claude Teisen-Simony,0,Frederiksberg Kommune,Nej,Nej
kommunalvalg,T. Borgernes Frederiksberg,Listestemmer,0,Frederiksberg Kommune,Nej,Nej
kommunalvalg,T. De Kreative,Cecilie C. Espensen,0,Helsingør Kommune,Nej,Nej
kommunalvalg,T. De Kreative,Frederik Eriksen,0,Helsingør Kommune,Nej,Nej
kommunalvalg,T. De Kreative,Listestemmer,0,Helsingør Kommune,Nej,Nej
kommunalvalg,T. De Kreative,Mikkel Munk Plum,0,Helsingør Kommune,Nej,Nej
kommunalvalg,T. De Kreative,René Jakobsen,0,Helsingør Kommune,Nej,Nej
kommunalvalg,T. De Kreative,Tomas Jacoby,0,Helsingør Kommune,Nej,Nej
kommunalvalg,T. Grøn Velfærd,Birgit Hauer,0,Albertslund Kommune,Nej,Nej
kommunalvalg,T. Grøn Velfærd,Listestemmer,0,Albertslund Kommune,Nej,Nej
kommunalvalg,T. HaslevFaxe-Listen,"Anders Franssen, Haslev",62,Faxe Kommune,Nej,Nej
kommunalvalg,T. HaslevFaxe-Listen,"Christian B. Hansen, Høsten",27,Faxe Kommune,Nej,Nej
kommunalvalg,T. HaslevFaxe-Listen,"Christina Birkemose, Haslev",762,Faxe Kommune,Nej,Nej
kommunalvalg,T. HaslevFaxe-Listen,"Dennis Boye Petersen, LL. Torøje",9,Faxe Kommune,Nej,Nej
kommunalvalg,T. HaslevFaxe-Listen,"Heidi Salee, Haslev",47,Faxe Kommune,Nej,Nej
kommunalvalg,T. HaslevFaxe-Listen,"Jeannie Thorving Hansen, Haslev",79,Faxe Kommune,Nej,Nej
kommunalvalg,T. HaslevFaxe-Listen,Listestemmer,145,Faxe Kommune,Nej,Nej
kommunalvalg,T. HaslevFaxe-Listen,"Nina Franssen, Haslev",5,Faxe Kommune,Nej,Nej
kommunalvalg,T. Hvad kan gå galt med Theis Bach Nielsen,Listestemmer,99,Viborg Kommune,Nej,Nej
kommunalvalg,T. Hvad kan gå galt med Theis Bach Nielsen,Theis Bach Nielsen,610,Viborg Kommune,Nej,Nej
kommunalvalg,T. Lokallisten Jammerbugt,"John S. Lambertsen, Tranum Enge",0,Jammerbugt Kommune,Nej,Nej
kommunalvalg,T. Lokallisten Jammerbugt,Listestemmer,0,Jammerbugt Kommune,Nej,Nej
kommunalvalg,T. Lokallisten Jammerbugt,"Nathalie Albrechtsen, Saltum",0,Jammerbugt Kommune,Nej,Nej
kommunalvalg,T. Lokallisten Jammerbugt,"Steen Andersen, Fjerritslev",0,Jammerbugt Kommune,Nej,Nej
kommunalvalg,T. Skamløse Demokrater,"Anders Stjernholm, Christianshavn",0,Københavns Kommune,Nej,Nej
kommunalvalg,T. Skamløse Demokrater,"Bjarne Sinkjær, Kongens Enghave",0,Københavns Kommune,Nej,Nej
kommunalvalg,T. Skamløse Demokrater,"Gitte Kirkeby, Brønshøj",0,Københavns Kommune,Nej,Nej
kommunalvalg,T. Skamløse Demokrater,"Jens Christian Storgaard, Nørrebro",0,Københavns Kommune,Nej,Nej
kommunalvalg,T. Skamløse Demokrater,"Linda Gonzalez, Nordvest",0,Københavns Kommune,Nej,Nej
kommunalvalg,T. Skamløse Demokrater,Listestemmer,0,Københavns Kommune,Nej,Nej
kommunalvalg,T. Skamløse Demokrater,"Terese Vangstrup, Vesterbro",0,Københavns Kommune,Nej,Nej
kommunalvalg,T. Skamløse Demokrater,"Tobias Gregory, Nørrebro",0,Københavns Kommune,Nej,Nej
kommunalvalg,T. Skamløse Demokrater,"Troels Chr. Jakobsen, Brønshøj",0,Københavns Kommune,Nej,Nej
kommunalvalg,T. Sydhavslisten,Cliff Elias Guldborg,0,Guldborgsund Kommune,Nej,Nej
kommunalvalg,T. Sydhavslisten,Emil Buchholtz,0,Guldborgsund Kommune,Nej,Nej
kommunalvalg,T. Sydhavslisten,Gert Hansen,0,Guldborgsund Kommune,Nej,Nej
kommunalvalg,T. Sydhavslisten,Jeannette Gamborg Buxbom,0,Guldborgsund Kommune,Nej,Nej
kommunalvalg,T. Sydhavslisten,Jonas Mindbjerg,0,Guldborgsund Kommune,Nej,Nej
kommunalvalg,T. Sydhavslisten,Karen Esmark Hansen,0,Guldborgsund Kommune,Nej,Nej
kommunalvalg,T. Sydhavslisten,Kasper Ibsen,0,Guldborgsund Kommune,Nej,Nej
kommunalvalg,T. Sydhavslisten,Klaus Kruckow,0,Guldborgsund Kommune,Nej,Nej
kommunalvalg,T. Sydhavslisten,Listestemmer,0,Guldborgsund Kommune,Nej,Nej
kommunalvalg,T. Sydhavslisten,Paw Hallandson,0,Guldborgsund Kommune,Nej,Nej
kommunalvalg,T. Søren Astrup,Listestemmer,0,Horsens Kommune,Nej,Nej
kommunalvalg,T. Søren Astrup,Søren Astrup,0,Horsens Kommune,Nej,Nej
kommunalvalg,T. Thy Borgerlige,Brian Nielsen,0,Thisted Kommune,Nej,Nej
kommunalvalg,T. Thy Borgerlige,Christian Liberg,0,Thisted Kommune,Nej,Nej
kommunalvalg,T. Thy Borgerlige,Elena Kathalina Rasmussen,0,Thisted Kommune,Nej,Nej
kommunalvalg,T. Thy Borgerlige,Emil V. Kristensen,0,Thisted Kommune,Nej,Nej
kommunalvalg,T. Thy Borgerlige,Gert Tidemann,0,Thisted Kommune,Nej,Nej
kommunalvalg,T. Thy Borgerlige,Inger Mejdal Brødsgaard,0,Thisted Kommune,Nej,Nej
kommunalvalg,T. Thy Borgerlige,Lasse Kristensen,0,Thisted Kommune,Nej,Nej
kommunalvalg,T. Thy Borgerlige,Listestemmer,0,Thisted Kommune,Nej,Nej
kommunalvalg,T. Thy Borgerlige,Mads Emil Hansen,0,Thisted Kommune,Nej,Nej
kommunalvalg,T. Thy Borgerlige,Sara Jensen,0,Thisted Kommune,Nej,Nej
kommunalvalg,T. Trelleborglisten,"Jane Myrlund, Korsør",0,Slagelse Kommune,Nej,Nej
kommunalvalg,T. Trelleborglisten,Listestemmer,0,Slagelse Kommune,Nej,Nej
kommunalvalg,T. Trelleborglisten,"Lotte Brøns, Korsør",0,Slagelse Kommune,Nej,Nej
kommunalvalg,T. Trelleborglisten,"Peter Lotinga, Vemmelev",0,Slagelse Kommune,Nej,Nej
kommunalvalg,T. Trelleborglisten,"Thomas Vesth, Slagelse",0,Slagelse Kommune,Nej,Nej
kommunalvalg,T. Tværpolitisk Anstændighed,"Camilla Schæbel, Middelfart",0,Middelfart Kommune,Nej,Nej
kommunalvalg,T. Tværpolitisk Anstændighed,"Jens Andersen, Båring",0,Middelfart Kommune,Nej,Nej
kommunalvalg,T. Tværpolitisk Anstændighed,Listestemmer,0,Middelfart Kommune,Nej,Nej
kommunalvalg,T. Tværpolitisk Anstændighed,"Nicolaj Rasmussen, Middelfart",0,Middelfart Kommune,Nej,Nej
kommunalvalg,T. Tværpolitisk Anstændighed,"Paw Nielsen, Nørre Aaby",0,Middelfart Kommune,Nej,Nej
kommunalvalg,T. Tværpolitisk Anstændighed,"Sandie Lind Brand, Brenderup",0,Middelfart Kommune,Nej,Nej
kommunalvalg,T. Tværpolitisk Forening,Ann Harnek,402,Dragør Kommune,Nej,Nej
kommunalvalg,T. Tværpolitisk Forening,Annette Nyvang,210,Dragør Kommune,Nej,Nej
kommunalvalg,T. Tværpolitisk Forening,Christina Laugesen,6,Dragør Kommune,Nej,Nej
kommunalvalg,T. Tværpolitisk Forening,Hanne Wanscher,7,Dragør Kommune,Nej,Nej
kommunalvalg,T. Tværpolitisk Forening,Henrik Uhrbrand,1,Dragør Kommune,Nej,Nej
kommunalvalg,T. Tværpolitisk Forening,John Doktor,35,Dragør Kommune,Nej,Nej
kommunalvalg,T. Tværpolitisk Forening,Jutta Hørlyck,20,Dragør Kommune,Nej,Nej
kommunalvalg,T. Tværpolitisk Forening,Listestemmer,240,Dragør Kommune,Nej,Nej
kommunalvalg,T. Tværpolitisk Forening,Lotte Aabye,23,Dragør Kommune,Nej,Nej
kommunalvalg,T. Tværpolitisk Forening,Peter Læssøe,370,Dragør Kommune,Nej,Nej
kommunalvalg,T. Tværpolitisk Forening,Raged Aljbawi,3,Dragør Kommune,Nej,Nej
kommunalvalg,T. Tværpolitisk Forening,Rasmus Hartung,18,Dragør Kommune,Nej,Nej
kommunalvalg,T. Tværpolitisk Forening,Sanne Rossen,74,Dragør Kommune,Nej,Nej
kommunalvalg,T. Tværpolitisk Forening,Trine Gotha Frandsen,14,Dragør Kommune,Nej,Nej
kommunalvalg,T. Tværpolitisk Liste,Allan Sydtoft,2,Ærø Kommune,Nej,Nej
kommunalvalg,T. Tværpolitisk Liste,Iza Alfredsen,236,Ærø Kommune,Nej,Nej
kommunalvalg,T. Tværpolitisk Liste,Listestemmer,14,Ærø Kommune,Nej,Nej
kommunalvalg,T. Tværpolitisk Liste,Marie Kreuter,10,Ærø Kommune,Nej,Nej
kommunalvalg,T. Tværpolitisk Liste,Ole Jensen,23,Ærø Kommune,Nej,Nej
kommunalvalg,T. Tårnby Listen,Jan Friis,0,Tårnby Kommune,Nej,Nej
kommunalvalg,T. Tårnby Listen,Listestemmer,0,Tårnby Kommune,Nej,Nej
kommunalvalg,T. Tårnby Listen,Liv Gam,0,Tårnby Kommune,Nej,Nej
kommunalvalg,T. Tårnby Listen,Michael Maigaard,0,Tårnby Kommune,Nej,Nej
kommunalvalg,T. Tårnby Listen,Stella Gissel,0,Tårnby Kommune,Nej,Nej
kommunalvalg,T. Tårnby Listen,Tasia Veidiksen,0,Tårnby Kommune,Nej,Nej
kommunalvalg,T. Tårnby Listen,Thea Veidiksen,0,Tårnby Kommune,Nej,Nej
kommunalvalg,T. Tårnby Listen,Ulla Kallesøe,0,Tårnby Kommune,Nej,Nej
kommunalvalg,T. Tønder Listen,Allan Elneff,0,Tønder Kommune,Nej,Nej
kommunalvalg,T. Tønder Listen,Anita Uggerholt Eriksen,0,Tønder Kommune,Nej,Nej
kommunalvalg,T. Tønder Listen,Bo Jessen,0,Tønder Kommune,Nej,Nej
kommunalvalg,T. Tønder Listen,Christian Olenius Veirum,0,Tønder Kommune,Nej,Nej
kommunalvalg,T. Tønder Listen,Eva Ebbesen,0,Tønder Kommune,Nej,Nej
kommunalvalg,T. Tønder Listen,Finn Hansen,0,Tønder Kommune,Nej,Nej
kommunalvalg,T. Tønder Listen,Jesper Steenholdt,0,Tønder Kommune,Nej,Nej
kommunalvalg,T. Tønder Listen,Karen Inger Refslund Andersen,0,Tønder Kommune,Nej,Nej
kommunalvalg,T. Tønder Listen,Karl Henning Clausen,0,Tønder Kommune,Nej,Nej
kommunalvalg,T. Tønder Listen,Karoline Kosegarten Knudsen,0,Tønder Kommune,Nej,Nej
kommunalvalg,T. Tønder Listen,Listestemmer,0,Tønder Kommune,Nej,Nej
kommunalvalg,T. Tønder Listen,Mette Pedersen,0,Tønder Kommune,Nej,Nej
kommunalvalg,T. Tønder Listen,Pia Hedegaard Kristensen,0,Tønder Kommune,Nej,Nej
kommunalvalg,T. Tønder Listen,Poul Erik Dransfeldt Hunderup,0,Tønder Kommune,Nej,Nej
kommunalvalg,T. Tønder Listen,René Andersen,0,Tønder Kommune,Nej,Nej
kommunalvalg,T. Tønder Listen,Rita Westergaard,0,Tønder Kommune,Nej,Nej
kommunalvalg,T. Tønder Listen,Ruben Baagøe Jacobsen,0,Tønder Kommune,Nej,Nej
kommunalvalg,T. Tønder Listen,Steen Andersen,0,Tønder Kommune,Nej,Nej
kommunalvalg,T. Tønder Listen,Tobias Brink Roth,0,Tønder Kommune,Nej,Nej
kommunalvalg,T. VoresSolrød,Anette Fynbo Blem,0,Solrød Kommune,Nej,Nej
kommunalvalg,T. VoresSolrød,Anne Kirstine Raun Senderovitz,0,Solrød Kommune,Nej,Nej
kommunalvalg,T. VoresSolrød,Jannik Jensen,0,Solrød Kommune,Nej,Nej
kommunalvalg,T. VoresSolrød,Jeppe Hagenbæk Sørensen,0,Solrød Kommune,Nej,Nej
kommunalvalg,T. VoresSolrød,Knud Rasmussen,0,Solrød Kommune,Nej,Nej
kommunalvalg,T. VoresSolrød,Lil Lyrstrand,0,Solrød Kommune,Nej,Nej
kommunalvalg,T. VoresSolrød,Listestemmer,0,Solrød Kommune,Nej,Nej
kommunalvalg,T. VoresSolrød,Per Schmidt Jensen,0,Solrød Kommune,Nej,Nej
kommunalvalg,U. Adrian-Silviu Suiugan,"Adrian-Silviu Suiugan, Struer",0,Struer Kommune,Nej,Nej
kommunalvalg,U. Adrian-Silviu Suiugan,Listestemmer,0,Struer Kommune,Nej,Nej
kommunalvalg,U. Allerød Listen,Betina Christensen,0,Allerød Kommune,Nej,Nej
kommunalvalg,U. Allerød Listen,Johnny Lehmann,0,Allerød Kommune,Nej,Nej
kommunalvalg,U. Allerød Listen,Listestemmer,0,Allerød Kommune,Nej,Nej
kommunalvalg,"U. Alliancen for Børnene, Ungdommen og Fremtiden",Flemming Blicher,0,Gribskov Kommune,Nej,Nej
kommunalvalg,"U. Alliancen for Børnene, Ungdommen og Fremtiden",Henrik Vendelbo Petersen,28,Gentofte Kommune,Nej,Nej
kommunalvalg,"U. Alliancen for Børnene, Ungdommen og Fremtiden",Listestemmer,30,Gribskov Kommune,Nej,Nej
kommunalvalg,U. Bylisten,Abaz Sabani,0,Glostrup Kommune,Nej,Nej
kommunalvalg,U. Bylisten,Bo Frederiksen,0,Glostrup Kommune,Nej,Nej
kommunalvalg,U. Bylisten,Ditte Sieling Emanuel,0,Glostrup Kommune,Nej,Nej
kommunalvalg,U. Bylisten,Don Winther,0,Glostrup Kommune,Nej,Nej
kommunalvalg,U. Bylisten,Imad Daher,0,Glostrup Kommune,Nej,Nej
kommunalvalg,U. Bylisten,Jane Junggren,0,Glostrup Kommune,Nej,Nej
kommunalvalg,U. Bylisten,Karina Kopenhagen,0,Glostrup Kommune,Nej,Nej
kommunalvalg,U. Bylisten,Katrine Kjelstrup Henningsen,0,Glostrup Kommune,Nej,Nej
kommunalvalg,U. Bylisten,Lars Thomsen,0,Glostrup Kommune,Nej,Nej
kommunalvalg,U. Bylisten,Lise-Lotte Dahlgaard Mortensen,0,Glostrup Kommune,Nej,Nej
kommunalvalg,U. Bylisten,Listestemmer,0,Glostrup Kommune,Nej,Nej
kommunalvalg,U. Bylisten,Mette Hagen,0,Glostrup Kommune,Nej,Nej
kommunalvalg,U. Bylisten,Musa Usman Javaid,0,Glostrup Kommune,Nej,Nej
kommunalvalg,U. Bylisten,Nicolai Otto Mønsted Hermansen,0,Glostrup Kommune,Nej,Nej
kommunalvalg,U. Bylisten,Nikolaj Larsen,0,Glostrup Kommune,Nej,Nej
kommunalvalg,U. Bylisten,Sabine Lind,0,Glostrup Kommune,Nej,Nej
kommunalvalg,U. Bylisten,Tanja Holm Frederiksen,0,Glostrup Kommune,Nej,Nej
kommunalvalg,U. Bylisten,Thomas Eggert Sørensen,0,Glostrup Kommune,Nej,Nej
kommunalvalg,U. Det starter i Odense,Jacob Uglebjerg,0,Odense Kommune,Nej,Nej
kommunalvalg,U. Det starter i Odense,Listestemmer,0,Odense Kommune,Nej,Nej
kommunalvalg,U. Din stemme i København,Anette Thaulow,0,Københavns Kommune,Nej,Nej
kommunalvalg,U. Din stemme i København,Listestemmer,0,Københavns Kommune,Nej,Nej
kommunalvalg,U. Jesper Løvenbalk Fisker,Jesper Løvenbalk Fisker,0,Greve Kommune,Nej,Nej
kommunalvalg,U. Jesper Løvenbalk Fisker,Listestemmer,0,Greve Kommune,Nej,Nej
kommunalvalg,U. Tage Søgaard Pedersen,Listestemmer,8,Viborg Kommune,Nej,Nej
kommunalvalg,U. Tage Søgaard Pedersen,Tage Pedersen,9,Viborg Kommune,Nej,Nej
kommunalvalg,V. Venstre,Alice Krabbe,0,Thisted Kommune,Nej,Nej
kommunalvalg,V. Venstre,Ann Berit Jensen,105,Nordfyns Kommune,Nej,Nej
kommunalvalg,V. Venstre,"Anne Grethe Thede, Stenstrup",317,Sorø Kommune,Nej,Nej
kommunalvalg,V. Venstre,Annika Kanstrup,0,Thisted Kommune,Nej,Nej
kommunalvalg,V. Venstre,"Birgitte Hansen, Sorø",24,Sorø Kommune,Nej,Nej
kommunalvalg,V. Venstre,Brian Korsgaard,114,Nordfyns Kommune,Nej,Nej
kommunalvalg,V. Venstre,Christian Buhl,53,Nordfyns Kommune,Nej,Nej
kommunalvalg,V. Venstre,Claus Halsgaard Pedersen,169,Nordfyns Kommune,Nej,Nej
kommunalvalg,V. Venstre,"Dave Crossey, Sorø",25,Sorø Kommune,Nej,Nej
kommunalvalg,V. Venstre,Dennis Egelund Christensen,189,Nordfyns Kommune,Nej,Nej
kommunalvalg,V. Venstre,Else-Marie Overgaard Holmenes,0,Thisted Kommune,Nej,Nej
kommunalvalg,V. Venstre,"Erik Danskov Frederiksen, Frederiksberg",13,Sorø Kommune,Nej,Nej
kommunalvalg,V. Venstre,"Flemming Olsen, Frederiksberg",26,Sorø Kommune,Nej,Nej
kommunalvalg,V. Venstre,Henrik Gregersen,0,Thisted Kommune,Nej,Nej
kommunalvalg,V. Venstre,"Jakob Spliid, Lynge",1973,Sorø Kommune,Nej,Nej
kommunalvalg,V. Venstre,Johannes Kristensen,0,Thisted Kommune,Nej,Nej
kommunalvalg,V. Venstre,"Julie Schwartz, Stenlille",377,Sorø Kommune,Nej,Nej
kommunalvalg,V. Venstre,Jørgen Andersen,0,Thisted Kommune,Nej,Nej
kommunalvalg,V. Venstre,Kenneth Bjerregaard,0,Thisted Kommune,Nej,Nej
kommunalvalg,V. Venstre,Keren Familia Christensen,0,Thisted Kommune,Nej,Nej
kommunalvalg,V. Venstre,Kristian Tilsted,0,Thisted Kommune,Nej,Nej
kommunalvalg,V. Venstre,"Kåre Spliid, Frederiksberg",175,Sorø Kommune,Nej,Nej
kommunalvalg,V. Venstre,Lasse Mogensen,234,Nordfyns Kommune,Nej,Nej
kommunalvalg,V. Venstre,Listestemmer,1141,Nordfyns Kommune,Nej,Nej
kommunalvalg,V. Venstre,Maria Martynova,48,Nordfyns Kommune,Nej,Nej
kommunalvalg,V. Venstre,Martin Dommerby,0,Thisted Kommune,Nej,Nej
kommunalvalg,V. Venstre,Martin Elbæk,13,Nordfyns Kommune,Nej,Nej
kommunalvalg,V. Venstre,Mette Kjærulff,0,Thisted Kommune,Nej,Nej
kommunalvalg,V. Venstre,Mette Landtved-Holm,1887,Nordfyns Kommune,Nej,Nej
kommunalvalg,V. Venstre,"Mogens Hansen, Sorø",14,Sorø Kommune,Nej,Nej
kommunalvalg,V. Venstre,Morten Andersen,2174,Nordfyns Kommune,Nej,Nej
kommunalvalg,V. Venstre,"Morten Rostved, Dianalund",233,Sorø Kommune,Nej,Nej
kommunalvalg,V. Venstre,Nathalie Kajberg,137,Nordfyns Kommune,Nej,Nej
kommunalvalg,V. Venstre,Nicky Lebæk,186,Nordfyns Kommune,Nej,Nej
kommunalvalg,V. Venstre,Niels Funch,23,Nordfyns Kommune,Nej,Nej
kommunalvalg,V. Venstre,Niels Jørgen Pedersen,0,Thisted Kommune,Nej,Nej
kommunalvalg,V. Venstre,Nikolaj Klok,27,Nordfyns Kommune,Nej,Nej
kommunalvalg,V. Venstre,"Ninna Wiese, Bjernede",167,Sorø Kommune,Nej,Nej
kommunalvalg,V. Venstre,Ole Taustrup Hansen,135,Nordfyns Kommune,Nej,Nej
kommunalvalg,V. Venstre,Palle Yndgaard,141,Nordfyns Kommune,Nej,Nej
kommunalvalg,V. Venstre,Per Kappel,0,Thisted Kommune,Nej,Nej
kommunalvalg,V. Venstre,Peter Hansen,35,Nordfyns Kommune,Nej,Nej
kommunalvalg,V. Venstre,"Pia Hvid, Slaglille",17,Sorø Kommune,Nej,Nej
kommunalvalg,V. Venstre,Preben Dahlgaard,0,Thisted Kommune,Nej,Nej
kommunalvalg,V. Venstre,"Rune Jordan, Rødeng",19,Sorø Kommune,Nej,Nej
kommunalvalg,V. Venstre,Sigurd Skovborg,0,Thisted Kommune,Nej,Nej
kommunalvalg,V. Venstre,Steffen Nicolaisen,145,Nordfyns Kommune,Nej,Nej
kommunalvalg,V. Venstre,Søren Zohnesen,0,Thisted Kommune,Nej,Nej
kommunalvalg,V. Venstre - Danmarks Liberale Parti,"Allan Bruce Corfitsen, Roskilde",0,Roskilde Kommune,Nej,Nej
kommunalvalg,V. Venstre - Danmarks Liberale Parti,Allan Juhl Feddersen,0,Gladsaxe Kommune,Nej,Nej
kommunalvalg,V. Venstre - Danmarks Liberale Parti,"Anders Høgdal Larsen, Gadstrup",0,Roskilde Kommune,Nej,Nej
kommunalvalg,V. Venstre - Danmarks Liberale Parti,"Asger Kristensen, Fole",0,Haderslev Kommune,Nej,Nej
kommunalvalg,V. Venstre - Danmarks Liberale Parti,Astrid Søborg,0,Gladsaxe Kommune,Nej,Nej
kommunalvalg,V. Venstre - Danmarks Liberale Parti,"Bent Jørgensen, Svogerslev",0,Roskilde Kommune,Nej,Nej
kommunalvalg,V. Venstre - Danmarks Liberale Parti,"Bent Kloster, Over Jerstal",0,Haderslev Kommune,Nej,Nej
kommunalvalg,V. Venstre - Danmarks Liberale Parti,Bente Bjørklund,0,Ballerup Kommune,Nej,Nej
kommunalvalg,V. Venstre - Danmarks Liberale Parti,"Bjarke Reitzel-Buchholz, Roskilde",0,Roskilde Kommune,Nej,Nej
kommunalvalg,V. Venstre - Danmarks Liberale Parti,Camilla Friis,0,Gladsaxe Kommune,Nej,Nej
kommunalvalg,V. Venstre - Danmarks Liberale Parti,Christian Skjæran,0,Ballerup Kommune,Nej,Nej
kommunalvalg,V. Venstre - Danmarks Liberale Parti,Claus Henry Hansen,0,Struer Kommune,Nej,Nej
kommunalvalg,V. Venstre - Danmarks Liberale Parti,"Claus Mortensen, Himmelev",0,Roskilde Kommune,Nej,Nej
kommunalvalg,V. Venstre - Danmarks Liberale Parti,Daniel Holm Hansen,0,Glostrup Kommune,Nej,Nej
kommunalvalg,V. Venstre - Danmarks Liberale Parti,"Deniz Said, Roskilde",0,Roskilde Kommune,Nej,Nej
kommunalvalg,V. Venstre - Danmarks Liberale Parti,"Dennis Knudsen, Roskilde",0,Roskilde Kommune,Nej,Nej
kommunalvalg,V. Venstre - Danmarks Liberale Parti,Elin Hamborg,0,Struer Kommune,Nej,Nej
kommunalvalg,V. Venstre - Danmarks Liberale Parti,Eva Nørgaard Wojtala,0,Glostrup Kommune,Nej,Nej
kommunalvalg,V. Venstre - Danmarks Liberale Parti,Frank Linde,0,Struer Kommune,Nej,Nej
kommunalvalg,V. Venstre - Danmarks Liberale Parti,Gert Jensen,0,Glostrup Kommune,Nej,Nej
kommunalvalg,V. Venstre - Danmarks Liberale Parti,Gunnar Sumberg,0,Gladsaxe Kommune,Nej,Nej
kommunalvalg,V. Venstre - Danmarks Liberale Parti,Henrik Møller,0,Struer Kommune,Nej,Nej
kommunalvalg,V. Venstre - Danmarks Liberale Parti,Henrik Thormod Andersen,0,Gladsaxe Kommune,Nej,Nej
kommunalvalg,V. Venstre - Danmarks Liberale Parti,Henrik Vejgaard,0,Ballerup Kommune,Nej,Nej
kommunalvalg,V. Venstre - Danmarks Liberale Parti,"Inga Lykke, Moltrup",0,Haderslev Kommune,Nej,Nej
kommunalvalg,V. Venstre - Danmarks Liberale Parti,"Jacob Søegaard, Ågerup",0,Roskilde Kommune,Nej,Nej
kommunalvalg,V. Venstre - Danmarks Liberale Parti,Jacob Wøhler Jørgensen,0,Ballerup Kommune,Nej,Nej
kommunalvalg,V. Venstre - Danmarks Liberale Parti,Jan Otzen,0,Glostrup Kommune,Nej,Nej
kommunalvalg,V. Venstre - Danmarks Liberale Parti,"Jens Friis Felber, Vojens",0,Haderslev Kommune,Nej,Nej
kommunalvalg,V. Venstre - Danmarks Liberale Parti,"Jette Jacobsen, Sommersted",0,Haderslev Kommune,Nej,Nej
kommunalvalg,V. Venstre - Danmarks Liberale Parti,"Jette Tjørnelund, Viby",0,Roskilde Kommune,Nej,Nej
kommunalvalg,V. Venstre - Danmarks Liberale Parti,Johannes Stougård,0,Struer Kommune,Nej,Nej
kommunalvalg,V. Venstre - Danmarks Liberale Parti,"John Chresten Andresen, Starup",0,Haderslev Kommune,Nej,Nej
kommunalvalg,V. Venstre - Danmarks Liberale Parti,John Vangsgaard,0,Struer Kommune,Nej,Nej
kommunalvalg,V. Venstre - Danmarks Liberale Parti,"Jørgen Smed, Sønder Vilstrup",0,Haderslev Kommune,Nej,Nej
kommunalvalg,V. Venstre - Danmarks Liberale Parti,"Kais Shouker, Haderslev",0,Haderslev Kommune,Nej,Nej
kommunalvalg,V. Venstre - Danmarks Liberale Parti,Karoline Matilde Christensen,0,Struer Kommune,Nej,Nej
kommunalvalg,V. Venstre - Danmarks Liberale Parti,Karsten Hjorth Larsen,0,Struer Kommune,Nej,Nej
kommunalvalg,V. Venstre - Danmarks Liberale Parti,"Keld Valentin, Haderslev",0,Haderslev Kommune,Nej,Nej
kommunalvalg,V. Venstre - Danmarks Liberale Parti,"Kim Jeppe Wass, Roskilde",0,Roskilde Kommune,Nej,Nej
kommunalvalg,V. Venstre - Danmarks Liberale Parti,"Knud J. Vest, Jyllinge",0,Roskilde Kommune,Nej,Nej
kommunalvalg,V. Venstre - Danmarks Liberale Parti,"Lene Bitsch Bierbaum, Vojens",0,Haderslev Kommune,Nej,Nej
kommunalvalg,V. Venstre - Danmarks Liberale Parti,Listestemmer,0,Haderslev Kommune,Nej,Nej
kommunalvalg,V. Venstre - Danmarks Liberale Parti,Lone Yalcinkaya,0,Gladsaxe Kommune,Nej,Nej
kommunalvalg,V. Venstre - Danmarks Liberale Parti,"Mads Skau, Hammelev",0,Haderslev Kommune,Nej,Nej
kommunalvalg,V. Venstre - Danmarks Liberale Parti,Maja Lüchau,0,Glostrup Kommune,Nej,Nej
kommunalvalg,V. Venstre - Danmarks Liberale Parti,"Malene Lund Pedersen, Øsby",0,Haderslev Kommune,Nej,Nej
kommunalvalg,V. Venstre - Danmarks Liberale Parti,Marianne Bredal,0,Struer Kommune,Nej,Nej
kommunalvalg,V. Venstre - Danmarks Liberale Parti,"Marie Dam, Roskilde",0,Roskilde Kommune,Nej,Nej
kommunalvalg,V. Venstre - Danmarks Liberale Parti,Marie Kielberg-Bæk,0,Ballerup Kommune,Nej,Nej
kommunalvalg,V. Venstre - Danmarks Liberale Parti,Martin Hulgaard,0,Struer Kommune,Nej,Nej
kommunalvalg,V. Venstre - Danmarks Liberale Parti,Martin Skou Heidemann,0,Gladsaxe Kommune,Nej,Nej
kommunalvalg,V. Venstre - Danmarks Liberale Parti,Matthias Laulund,0,Struer Kommune,Nej,Nej
kommunalvalg,V. Venstre - Danmarks Liberale Parti,"Michael Fleischer, Bevtoft",0,Haderslev Kommune,Nej,Nej
kommunalvalg,V. Venstre - Danmarks Liberale Parti,Mikael Wandel,0,Ballerup Kommune,Nej,Nej
kommunalvalg,V. Venstre - Danmarks Liberale Parti,"Morten Breum, Øsby",0,Haderslev Kommune,Nej,Nej
kommunalvalg,V. Venstre - Danmarks Liberale Parti,Morten Graversen,0,Struer Kommune,Nej,Nej
kommunalvalg,V. Venstre - Danmarks Liberale Parti,Niels Egede Olsen,0,Ballerup Kommune,Nej,Nej
kommunalvalg,V. Venstre - Danmarks Liberale Parti,Nina Skaarup,0,Ballerup Kommune,Nej,Nej
kommunalvalg,V. Venstre - Danmarks Liberale Parti,Ole Møller Andreasen,0,Glostrup Kommune,Nej,Nej
kommunalvalg,V. Venstre - Danmarks Liberale Parti,"Peter Bager, Jyllinge",0,Roskilde Kommune,Nej,Nej
kommunalvalg,V. Venstre - Danmarks Liberale Parti,"Peter Skau, Vojens",0,Haderslev Kommune,Nej,Nej
kommunalvalg,V. Venstre - Danmarks Liberale Parti,Piet Papageorge Timmermann,0,Glostrup Kommune,Nej,Nej
kommunalvalg,V. Venstre - Danmarks Liberale Parti,René Wriedt,0,Gladsaxe Kommune,Nej,Nej
kommunalvalg,V. Venstre - Danmarks Liberale Parti,Ricco Clausen,0,Gladsaxe Kommune,Nej,Nej
kommunalvalg,V. Venstre - Danmarks Liberale Parti,Richard Engelholm,0,Glostrup Kommune,Nej,Nej
kommunalvalg,V. Venstre - Danmarks Liberale Parti,"Signe Knappe, Gram",0,Haderslev Kommune,Nej,Nej
kommunalvalg,V. Venstre - Danmarks Liberale Parti,Sonja Weihe,0,Ballerup Kommune,Nej,Nej
kommunalvalg,V. Venstre - Danmarks Liberale Parti,Steen Jakobsen,0,Struer Kommune,Nej,Nej
kommunalvalg,V. Venstre - Danmarks Liberale Parti,Sussie Wandel,0,Ballerup Kommune,Nej,Nej
kommunalvalg,V. Venstre - Danmarks Liberale Parti,Søren Smedegaard,0,Struer Kommune,Nej,Nej
kommunalvalg,V. Venstre - Danmarks Liberale Parti,Thekla Ravn,0,Gladsaxe Kommune,Nej,Nej
kommunalvalg,V. Venstre - Danmarks Liberale Parti,"Thomas Fredsted, Hammelev",0,Haderslev Kommune,Nej,Nej
kommunalvalg,V. Venstre - Danmarks Liberale Parti,Tim Pindstofte,0,Struer Kommune,Nej,Nej
kommunalvalg,V. Venstre - Danmarks Liberale Parti,"Torben Andersen, Kumlehuse",0,Roskilde Kommune,Nej,Nej
kommunalvalg,V. Venstre - Danmarks Liberale Parti,Torben Martinsen,0,Glostrup Kommune,Nej,Nej
kommunalvalg,V. Venstre - Danmarks Liberale Parti,"Torben Svendsen, Veddelev",0,Roskilde Kommune,Nej,Nej
kommunalvalg,V. Venstre - Danmarks Liberale Parti,"Villads Sørensen, Snoldelev-Hastrup",0,Roskilde Kommune,Nej,Nej
kommunalvalg,V. Venstre Danmarks Liberale Parti,"Allan Ravn, Farum",0,Furesø Kommune,Nej,Nej
kommunalvalg,V. Venstre Danmarks Liberale Parti,"Anna Frifelt, Værløse",0,Furesø Kommune,Nej,Nej
kommunalvalg,V. Venstre Danmarks Liberale Parti,"Henning Kornbo, Stavnsholt",0,Furesø Kommune,Nej,Nej
kommunalvalg,V. Venstre Danmarks Liberale Parti,Listestemmer,0,Furesø Kommune,Nej,Nej
kommunalvalg,V. Venstre Danmarks Liberale Parti,"Markus Zhen Wei Jin, Værløse",0,Furesø Kommune,Nej,Nej
kommunalvalg,V. Venstre Danmarks Liberale Parti,"Martin Robert Herluf, Kirke Værløse",0,Furesø Kommune,Nej,Nej
kommunalvalg,V. Venstre Danmarks Liberale Parti,"Mie Handreck, Værløse",0,Furesø Kommune,Nej,Nej
kommunalvalg,V. Venstre Danmarks Liberale Parti,"Mitra Walther, Værløse",0,Furesø Kommune,Nej,Nej
kommunalvalg,V. Venstre Danmarks Liberale Parti,"Morten Flindt, Værløse",0,Furesø Kommune,Nej,Nej
kommunalvalg,V. Venstre Danmarks Liberale Parti,"Nicolai Bechfeldt, Værløse",0,Furesø Kommune,Nej,Nej
kommunalvalg,V. Venstre Danmarks Liberale Parti,"Niels-Bo Ingvorsen, Farum",0,Furesø Kommune,Nej,Nej
kommunalvalg,V. Venstre Danmarks Liberale Parti,"Paul Thomsen, Farum",0,Furesø Kommune,Nej,Nej
kommunalvalg,V. Venstre Danmarks Liberale Parti,"Sarah Brandt-Kofoed, Jonstrup",0,Furesø Kommune,Nej,Nej
kommunalvalg,"V. Venstre, Danmarks Liberale Parti","Agnete Brandt Grann, Auning",0,Norddjurs Kommune,Nej,Nej
kommunalvalg,"V. Venstre, Danmarks Liberale Parti","Agnete Damkjær, Aborg",0,Assens Kommune,Nej,Nej
kommunalvalg,"V. Venstre, Danmarks Liberale Parti","Alan Kampman, Solrød Strand",0,Solrød Kommune,Nej,Nej
kommunalvalg,"V. Venstre, Danmarks Liberale Parti",Albert Vinther Krogh,0,Lemvig Kommune,Nej,Nej
kommunalvalg,"V. Venstre, Danmarks Liberale Parti","Alexander Aaen, Hjallerup",0,Brønderslev Kommune,Nej,Nej
kommunalvalg,"V. Venstre, Danmarks Liberale Parti","Alexander Kamp, Hellerup",51,Gentofte Kommune,Nej,Nej
kommunalvalg,"V. Venstre, Danmarks Liberale Parti","Alexander Qvist, Hellerup",101,Gentofte Kommune,Nej,Nej
kommunalvalg,"V. Venstre, Danmarks Liberale Parti","Alexander Vasylyeva, Ribe",0,Esbjerg Kommune,Nej,Nej
kommunalvalg,"V. Venstre, Danmarks Liberale Parti","Alexander W. Yttesen, Lillerød",0,Allerød Kommune,Nej,Nej
kommunalvalg,"V. Venstre, Danmarks Liberale Parti",Alfred Brunsgaard,0,Skive Kommune,Nej,Nej
kommunalvalg,"V. Venstre, Danmarks Liberale Parti","Alfred Østergaard, Næstved",89,Næstved Kommune,Nej,Nej
kommunalvalg,"V. Venstre, Danmarks Liberale Parti",Ali Capkan,0,Herlev Kommune,Nej,Nej
kommunalvalg,"V. Venstre, Danmarks Liberale Parti","Allan Bo Andresen, Hammel",1033,Favrskov Kommune,Nej,Nej
kommunalvalg,"V. Venstre, Danmarks Liberale Parti","Allan Havsager, Tolstrup / Stenum",0,Brønderslev Kommune,Nej,Nej
kommunalvalg,"V. Venstre, Danmarks Liberale Parti",Allan Mørup,0,Herning Kommune,Nej,Nej
kommunalvalg,"V. Venstre, Danmarks Liberale Parti",Allan Pedersen,0,Skive Kommune,Nej,Nej
kommunalvalg,"V. Venstre, Danmarks Liberale Parti",Allan Skjøth,0,Tønder Kommune,Nej,Nej
kommunalvalg,"V. Venstre, Danmarks Liberale Parti",Allan Werk,237,Odder Kommune,Nej,Nej
kommunalvalg,"V. Venstre, Danmarks Liberale Parti",Almaz Mengesha,0,Aarhus Kommune,Nej,Nej
kommunalvalg,"V. Venstre, Danmarks Liberale Parti","Anders Bo Larsen, Ølstykke",0,Egedal Kommune,Nej,Nej
kommunalvalg,"V. Venstre, Danmarks Liberale Parti","Anders Brønnum, Sæby",0,Frederikshavn Kommune,Nej,Nej
kommunalvalg,"V. Venstre, Danmarks Liberale Parti",Anders Fausbøll,0,Københavns Kommune,Nej,Nej
kommunalvalg,"V. Venstre, Danmarks Liberale Parti",Anders Frandsen,0,Odense Kommune,Nej,Nej
kommunalvalg,"V. Venstre, Danmarks Liberale Parti","Anders Glümer, Blovstrød",0,Allerød Kommune,Nej,Nej
kommunalvalg,"V. Venstre, Danmarks Liberale Parti","Anders Helth Hansen, Nordenskov",0,Varde Kommune,Nej,Nej
kommunalvalg,"V. Venstre, Danmarks Liberale Parti","Anders Henrik Jensen, Stevnstrup",0,Randers Kommune,Nej,Nej
kommunalvalg,"V. Venstre, Danmarks Liberale Parti",Anders Højgaard,0,Odsherred Kommune,Nej,Nej
kommunalvalg,"V. Venstre, Danmarks Liberale Parti","Anders Jensen, Løgstrup",195,Viborg Kommune,Nej,Nej
kommunalvalg,"V. Venstre, Danmarks Liberale Parti","Anders Jørgensen, Brørup",0,Vejen Kommune,Nej,Nej
kommunalvalg,"V. Venstre, Danmarks Liberale Parti",Anders Kaysen,0,Silkeborg Kommune,Nej,Nej
kommunalvalg,"V. Venstre, Danmarks Liberale Parti",Anders Koefoed,0,Slagelse Kommune,Nej,Nej
kommunalvalg,"V. Venstre, Danmarks Liberale Parti","Anders Laustsen, Norup",31,Mariagerfjord Kommune,Nej,Nej
kommunalvalg,"V. Venstre, Danmarks Liberale Parti","Anders Lautrup-Larsen, Charlottenlund",46,Gentofte Kommune,Nej,Nej
kommunalvalg,"V. Venstre, Danmarks Liberale Parti",Anders Modey,0,Rudersdal Kommune,Nej,Nej
kommunalvalg,"V. Venstre, Danmarks Liberale Parti","Anders Møllegård, Ejby",0,Middelfart Kommune,Nej,Nej
kommunalvalg,"V. Venstre, Danmarks Liberale Parti","Anders Rohr Jørgensen, Ribe",0,Esbjerg Kommune,Nej,Nej
kommunalvalg,"V. Venstre, Danmarks Liberale Parti","Anders Rydahl-Jensen, Hjørring",14,Hjørring Kommune,Nej,Nej
kommunalvalg,"V. Venstre, Danmarks Liberale Parti",Anders Søborg,0,Gribskov Kommune,Nej,Nej
kommunalvalg,"V. Venstre, Danmarks Liberale Parti",Anders Tipsmark,0,Nyborg Kommune,Nej,Nej
kommunalvalg,"V. Venstre, Danmarks Liberale Parti",Andreas Würtz,628,Ikast-Brande Kommune,Nej,Nej
kommunalvalg,"V. Venstre, Danmarks Liberale Parti","André Jacquet, Holstebro",0,Holstebro Kommune,Nej,Nej
kommunalvalg,"V. Venstre, Danmarks Liberale Parti",Ane Storm,0,Københavns Kommune,Nej,Nej
kommunalvalg,"V. Venstre, Danmarks Liberale Parti",Anette Agerboe da Rosa,2,Læsø Kommune,Nej,Nej
kommunalvalg,"V. Venstre, Danmarks Liberale Parti",Anette Farnø Skourup,0,Hvidovre Kommune,Nej,Nej
kommunalvalg,"V. Venstre, Danmarks Liberale Parti",Anette Jensen,41,Morsø Kommune,Nej,Nej
kommunalvalg,"V. Venstre, Danmarks Liberale Parti","Anette Mortensen, Strøby Egede",0,Stevns Kommune,Nej,Nej
kommunalvalg,"V. Venstre, Danmarks Liberale Parti",Angelica Pedersen,0,Halsnæs Kommune,Nej,Nej
kommunalvalg,"V. Venstre, Danmarks Liberale Parti",Anita E. H. Olesen,0,Samsø Kommune,Nej,Nej
kommunalvalg,"V. Venstre, Danmarks Liberale Parti",Anita Fyrstman,0,Herning Kommune,Nej,Nej
kommunalvalg,"V. Venstre, Danmarks Liberale Parti",Anita Pedersen,0,Hvidovre Kommune,Nej,Nej
kommunalvalg,"V. Venstre, Danmarks Liberale Parti","Anita Vivi Lilholt, Tylstrup",0,Aalborg Kommune,Nej,Nej
kommunalvalg,"V. Venstre, Danmarks Liberale Parti",Anja Borroe,0,Slagelse Kommune,Nej,Nej
kommunalvalg,"V. Venstre, Danmarks Liberale Parti",Anja Guldborg,0,Samsø Kommune,Nej,Nej
kommunalvalg,"V. Venstre, Danmarks Liberale Parti",Anja Kongsdal,0,Nyborg Kommune,Nej,Nej
kommunalvalg,"V. Venstre, Danmarks Liberale Parti",Anja Nielsen,0,Slagelse Kommune,Nej,Nej
kommunalvalg,"V. Venstre, Danmarks Liberale Parti",Ann Lindhardt,0,Hørsholm Kommune,Nej,Nej
kommunalvalg,"V. Venstre, Danmarks Liberale Parti","Anna Kirstine Villadsen, Rødding",0,Vejen Kommune,Nej,Nej
kommunalvalg,"V. Venstre, Danmarks Liberale Parti",Anna Oosterhof,347,Rebild Kommune,Nej,Nej
kommunalvalg,"V. Venstre, Danmarks Liberale Parti","Anna Pinnerup, Houtved",76,Mariagerfjord Kommune,Nej,Nej
kommunalvalg,"V. Venstre, Danmarks Liberale Parti","Anna Spring, Hårlev",0,Stevns Kommune,Nej,Nej
kommunalvalg,"V. Venstre, Danmarks Liberale Parti",Anna-Cecilie Mandrup,0,Københavns Kommune,Nej,Nej
kommunalvalg,"V. Venstre, Danmarks Liberale Parti","Annalise Bonne, Brøndbyøster",0,Brøndby Kommune,Nej,Nej
kommunalvalg,"V. Venstre, Danmarks Liberale Parti","Anne Bonde Andersen, Vålse",0,Guldborgsund Kommune,Nej,Nej
kommunalvalg,"V. Venstre, Danmarks Liberale Parti",Anne Dyrhøj,0,Nyborg Kommune,Nej,Nej
kommunalvalg,"V. Venstre, Danmarks Liberale Parti","Anne Honoré Østergaard, Nørresundby",0,Aalborg Kommune,Nej,Nej
kommunalvalg,"V. Venstre, Danmarks Liberale Parti",Anne Lystrup Andersen,0,Odsherred Kommune,Nej,Nej
kommunalvalg,"V. Venstre, Danmarks Liberale Parti",Anne Marie Larsen,0,Slagelse Kommune,Nej,Nej
kommunalvalg,"V. Venstre, Danmarks Liberale Parti","Anne Marie Lyduch, Greve",0,Greve Kommune,Nej,Nej
kommunalvalg,"V. Venstre, Danmarks Liberale Parti",Anne Marie Søe Nørgaard,0,Herning Kommune,Nej,Nej
kommunalvalg,"V. Venstre, Danmarks Liberale Parti","Anne Mollerup Lanz, Stenløse",0,Egedal Kommune,Nej,Nej
kommunalvalg,"V. Venstre, Danmarks Liberale Parti","Anne Sofie Stevnhoved, Dyssegård",159,Gentofte Kommune,Nej,Nej
kommunalvalg,"V. Venstre, Danmarks Liberale Parti",Anne Sofie Uhrskov,0,Frederikssund Kommune,Nej,Nej
kommunalvalg,"V. Venstre, Danmarks Liberale Parti",Anne Solsø,0,Ringkøbing-Skjern Kommune,Nej,Nej
kommunalvalg,"V. Venstre, Danmarks Liberale Parti","Anne Vejrum, Brønderslev",0,Brønderslev Kommune,Nej,Nej
kommunalvalg,"V. Venstre, Danmarks Liberale Parti","Anne-Marie Bengtson, Hals",0,Aalborg Kommune,Nej,Nej
kommunalvalg,"V. Venstre, Danmarks Liberale Parti","Anne-Marie Jacobsen, Vordingborg",0,Vordingborg Kommune,Nej,Nej
kommunalvalg,"V. Venstre, Danmarks Liberale Parti",Anne-Mette Worch,0,Frederikssund Kommune,Nej,Nej
kommunalvalg,"V. Venstre, Danmarks Liberale Parti",Annelise Hansen,0,Odsherred Kommune,Nej,Nej
kommunalvalg,"V. Venstre, Danmarks Liberale Parti",Annemarie E. Madsen,0,Silkeborg Kommune,Nej,Nej
kommunalvalg,"V. Venstre, Danmarks Liberale Parti",Annemette Rosenquist,0,Lyngby-Taarbæk Kommune,Nej,Nej
kommunalvalg,"V. Venstre, Danmarks Liberale Parti",Annette Bach Laursen,0,Fredericia Kommune,Nej,Nej
kommunalvalg,"V. Venstre, Danmarks Liberale Parti","Annette Bergiel Andersen, Ore",0,Vordingborg Kommune,Nej,Nej
kommunalvalg,"V. Venstre, Danmarks Liberale Parti",Annette Bolvig,0,Hedensted Kommune,Nej,Nej
kommunalvalg,"V. Venstre, Danmarks Liberale Parti","Annette Haagerup, Gl. Rye",0,Skanderborg Kommune,Nej,Nej
kommunalvalg,"V. Venstre, Danmarks Liberale Parti","Annette Jensen, Sindal",292,Hjørring Kommune,Nej,Nej
kommunalvalg,"V. Venstre, Danmarks Liberale Parti",Annette Lundgaard,0,Billund Kommune,Nej,Nej
kommunalvalg,"V. Venstre, Danmarks Liberale Parti",Annette Rieva,1195,Hillerød Kommune,Nej,Nej
kommunalvalg,"V. Venstre, Danmarks Liberale Parti","Annette Scheer Kornbeck, Verninge",0,Assens Kommune,Nej,Nej
kommunalvalg,"V. Venstre, Danmarks Liberale Parti","Annie Hassenkam, Brøndbyøster",0,Brøndby Kommune,Nej,Nej
kommunalvalg,"V. Venstre, Danmarks Liberale Parti",Annie Jauffred,0,Køge Kommune,Nej,Nej
kommunalvalg,"V. Venstre, Danmarks Liberale Parti","Anton Svidt Christensen, Hinnerup",340,Favrskov Kommune,Nej,Nej
kommunalvalg,"V. Venstre, Danmarks Liberale Parti","Arne Bay Madsen, Hammel",26,Favrskov Kommune,Nej,Nej
kommunalvalg,"V. Venstre, Danmarks Liberale Parti","Arne Lægaard, Skanderborg",0,Skanderborg Kommune,Nej,Nej
kommunalvalg,"V. Venstre, Danmarks Liberale Parti",Asbjørn Meier,0,Københavns Kommune,Nej,Nej
kommunalvalg,"V. Venstre, Danmarks Liberale Parti","Asbjørn Mols Nørgaard, Gedved",0,Horsens Kommune,Nej,Nej
kommunalvalg,"V. Venstre, Danmarks Liberale Parti","Asger Brorsen, Hadsund",105,Mariagerfjord Kommune,Nej,Nej
kommunalvalg,"V. Venstre, Danmarks Liberale Parti",Asger Gyldenkærne,0,Lemvig Kommune,Nej,Nej
kommunalvalg,"V. Venstre, Danmarks Liberale Parti","Asger Madsen, Holbæk",0,Holbæk Kommune,Nej,Nej
kommunalvalg,"V. Venstre, Danmarks Liberale Parti",Astrid Ørting Jørgensen,0,Tønder Kommune,Nej,Nej
kommunalvalg,"V. Venstre, Danmarks Liberale Parti","Axel Mølgård Andersen, Store Heddinge",0,Stevns Kommune,Nej,Nej
kommunalvalg,"V. Venstre, Danmarks Liberale Parti","Bauke Keulen, Varde",0,Varde Kommune,Nej,Nej
kommunalvalg,"V. Venstre, Danmarks Liberale Parti",Benedikte Sofie Werk,20,Odder Kommune,Nej,Nej
kommunalvalg,"V. Venstre, Danmarks Liberale Parti","Benjamin Brixley, Esbjerg Ø",0,Esbjerg Kommune,Nej,Nej
kommunalvalg,"V. Venstre, Danmarks Liberale Parti",Benjamin Haxha,0,Herlev Kommune,Nej,Nej
kommunalvalg,"V. Venstre, Danmarks Liberale Parti",Benjamin Jensen,0,Fredericia Kommune,Nej,Nej
kommunalvalg,"V. Venstre, Danmarks Liberale Parti","Benjamin Lykke, Andst",0,Vejen Kommune,Nej,Nej
kommunalvalg,"V. Venstre, Danmarks Liberale Parti","Benno Blæsild, Allingåbro",0,Norddjurs Kommune,Nej,Nej
kommunalvalg,"V. Venstre, Danmarks Liberale Parti",Benny Hansen,232,Vesthimmerlands Kommune,Nej,Nej
kommunalvalg,"V. Venstre, Danmarks Liberale Parti",Bent B. Graversen,0,Lemvig Kommune,Nej,Nej
kommunalvalg,"V. Venstre, Danmarks Liberale Parti",Bent Brodersen,0,Ringkøbing-Skjern Kommune,Nej,Nej
kommunalvalg,"V. Venstre, Danmarks Liberale Parti",Bent Christoffersen,0,Københavns Kommune,Nej,Nej
kommunalvalg,"V. Venstre, Danmarks Liberale Parti",Bent Hansen,0,Gribskov Kommune,Nej,Nej
kommunalvalg,"V. Venstre, Danmarks Liberale Parti",Bent Jensen,0,Silkeborg Kommune,Nej,Nej
kommunalvalg,"V. Venstre, Danmarks Liberale Parti",Bent Jørgensen,0,Bornholms Regionskommune,Nej,Nej
kommunalvalg,"V. Venstre, Danmarks Liberale Parti",Bent Troelsen,0,Fredericia Kommune,Nej,Nej
kommunalvalg,"V. Venstre, Danmarks Liberale Parti",Bente Kirkegaard,0,Ringkøbing-Skjern Kommune,Nej,Nej
kommunalvalg,"V. Venstre, Danmarks Liberale Parti","Betina D. Jensen, Hjørring",598,Hjørring Kommune,Nej,Nej
kommunalvalg,"V. Venstre, Danmarks Liberale Parti","Bettina Rix, Galten-Skovby",0,Skanderborg Kommune,Nej,Nej
kommunalvalg,"V. Venstre, Danmarks Liberale Parti",Betty Schachtschabel,0,Gribskov Kommune,Nej,Nej
kommunalvalg,"V. Venstre, Danmarks Liberale Parti","Bibi Mundbjerg, Skave",0,Holstebro Kommune,Nej,Nej
kommunalvalg,"V. Venstre, Danmarks Liberale Parti",Bill Bjørklund,0,Herlev Kommune,Nej,Nej
kommunalvalg,"V. Venstre, Danmarks Liberale Parti","Birger Jensen, Vester Skerninge",0,Svendborg Kommune,Nej,Nej
kommunalvalg,"V. Venstre, Danmarks Liberale Parti","Birgit Mejlholm Kold, Trekroner",0,Jammerbugt Kommune,Nej,Nej
kommunalvalg,"V. Venstre, Danmarks Liberale Parti","Birgitte Falk, Ledøje",0,Egedal Kommune,Nej,Nej
kommunalvalg,"V. Venstre, Danmarks Liberale Parti","Birgitte Hummelmose, Vinderup",0,Holstebro Kommune,Nej,Nej
kommunalvalg,"V. Venstre, Danmarks Liberale Parti",Birgitte Skovkær,0,Ringkøbing-Skjern Kommune,Nej,Nej
kommunalvalg,"V. Venstre, Danmarks Liberale Parti",Birgitte Wesch,6,Rødovre Kommune,Nej,Nej
kommunalvalg,"V. Venstre, Danmarks Liberale Parti",Birol Kalem,0,Nyborg Kommune,Nej,Nej
kommunalvalg,"V. Venstre, Danmarks Liberale Parti",Birthe Skovgård,0,Faaborg-Midtfyn Kommune,Nej,Nej
kommunalvalg,"V. Venstre, Danmarks Liberale Parti",Bitten Jørgensen,0,Halsnæs Kommune,Nej,Nej
kommunalvalg,"V. Venstre, Danmarks Liberale Parti",Bjarke Kværnø,0,Københavns Kommune,Nej,Nej
kommunalvalg,"V. Venstre, Danmarks Liberale Parti",Bjarne Brath,208,Rebild Kommune,Nej,Nej
kommunalvalg,"V. Venstre, Danmarks Liberale Parti",Bjarne Fabech-Larsen,0,Lyngby-Taarbæk Kommune,Nej,Nej
kommunalvalg,"V. Venstre, Danmarks Liberale Parti",Bjarne Larsen,0,Billund Kommune,Nej,Nej
kommunalvalg,"V. Venstre, Danmarks Liberale Parti",Bjarne Nissen,21,Ærø Kommune,Nej,Nej
kommunalvalg,"V. Venstre, Danmarks Liberale Parti","Bjarne Sørensen, Holstebro",0,Holstebro Kommune,Nej,Nej
kommunalvalg,"V. Venstre, Danmarks Liberale Parti",Bjørn Nielsen,0,Slagelse Kommune,Nej,Nej
kommunalvalg,"V. Venstre, Danmarks Liberale Parti",Bo Futterup,0,Skive Kommune,Nej,Nej
kommunalvalg,"V. Venstre, Danmarks Liberale Parti",Bo Haaning,0,Nyborg Kommune,Nej,Nej
kommunalvalg,"V. Venstre, Danmarks Liberale Parti","Bo Lange, Gentofte",54,Gentofte Kommune,Nej,Nej
kommunalvalg,"V. Venstre, Danmarks Liberale Parti",Bo Petersen,0,Faaborg-Midtfyn Kommune,Nej,Nej
kommunalvalg,"V. Venstre, Danmarks Liberale Parti","Bo Tobiasen, Janderup",0,Varde Kommune,Nej,Nej
kommunalvalg,"V. Venstre, Danmarks Liberale Parti","Bo Vesth, Stenløse",0,Egedal Kommune,Nej,Nej
kommunalvalg,"V. Venstre, Danmarks Liberale Parti","Bo von Würden, Øster Ulslev",0,Guldborgsund Kommune,Nej,Nej
kommunalvalg,"V. Venstre, Danmarks Liberale Parti",Bodil Hellemann,0,Kalundborg Kommune,Nej,Nej
kommunalvalg,"V. Venstre, Danmarks Liberale Parti","Bodil Krogh, Frederikshavn",0,Frederikshavn Kommune,Nej,Nej
kommunalvalg,"V. Venstre, Danmarks Liberale Parti",Bodil Sø,171,Faxe Kommune,Nej,Nej
kommunalvalg,"V. Venstre, Danmarks Liberale Parti",Brian Dall,0,Lejre Kommune,Nej,Nej
kommunalvalg,"V. Venstre, Danmarks Liberale Parti",Brian Kofoed,0,Bornholms Regionskommune,Nej,Nej
kommunalvalg,"V. Venstre, Danmarks Liberale Parti",Brian Lauridsen,0,Odense Kommune,Nej,Nej
kommunalvalg,"V. Venstre, Danmarks Liberale Parti",Brian Mathiassen,0,Vejle Kommune,Nej,Nej
kommunalvalg,"V. Venstre, Danmarks Liberale Parti",Brian Palmund,0,Albertslund Kommune,Nej,Nej
kommunalvalg,"V. Venstre, Danmarks Liberale Parti",Brian Sørensen,11,Faxe Kommune,Nej,Nej
kommunalvalg,"V. Venstre, Danmarks Liberale Parti","Brian Thomsen, Hundige",0,Greve Kommune,Nej,Nej
kommunalvalg,"V. Venstre, Danmarks Liberale Parti","Brian Vittrup, Hejlsminde",189,Kolding Kommune,Nej,Nej
kommunalvalg,"V. Venstre, Danmarks Liberale Parti",Brian Winther Pedersen,135,Rebild Kommune,Nej,Nej
kommunalvalg,"V. Venstre, Danmarks Liberale Parti","Brian Ørum Hansen, Kolding Ø",365,Kolding Kommune,Nej,Nej
kommunalvalg,"V. Venstre, Danmarks Liberale Parti",Brit Hovgaard,0,Frederiksberg Kommune,Nej,Nej
kommunalvalg,"V. Venstre, Danmarks Liberale Parti","Britta Andersen, Tryggelev",118,Langeland Kommune,Nej,Nej
kommunalvalg,"V. Venstre, Danmarks Liberale Parti",Bruno Hansen,0,Herning Kommune,Nej,Nej
kommunalvalg,"V. Venstre, Danmarks Liberale Parti","Børge Jensen, Sdr. Hygum",0,Vejen Kommune,Nej,Nej
kommunalvalg,"V. Venstre, Danmarks Liberale Parti","Camilla Andersen, Gjøl",0,Jammerbugt Kommune,Nej,Nej
kommunalvalg,"V. Venstre, Danmarks Liberale Parti","Camilla Engholm, Nimtofte",390,Syddjurs Kommune,Nej,Nej
kommunalvalg,"V. Venstre, Danmarks Liberale Parti",Camilla Eva Hallenberg,0,Vejle Kommune,Nej,Nej
kommunalvalg,"V. Venstre, Danmarks Liberale Parti","Camilla Lykke Sørensen, Ebberup",0,Assens Kommune,Nej,Nej
kommunalvalg,"V. Venstre, Danmarks Liberale Parti",Carina Borum,0,Lemvig Kommune,Nej,Nej
kommunalvalg,"V. Venstre, Danmarks Liberale Parti","Carina F. Davidsen, Løjt Land",0,Aabenraa Kommune,Nej,Nej
kommunalvalg,"V. Venstre, Danmarks Liberale Parti","Carina Underbjerg Kloster, Aabenraa",0,Aabenraa Kommune,Nej,Nej
kommunalvalg,"V. Venstre, Danmarks Liberale Parti","Carl Skou, Skørpinge",0,Stevns Kommune,Nej,Nej
kommunalvalg,"V. Venstre, Danmarks Liberale Parti",Carl-Børge Christiansen,0,Gribskov Kommune,Nej,Nej
kommunalvalg,"V. Venstre, Danmarks Liberale Parti",Carl-Erik Nielsen,0,Tønder Kommune,Nej,Nej
kommunalvalg,"V. Venstre, Danmarks Liberale Parti",Caroline Amena Lauritsen,0,Odense Kommune,Nej,Nej
kommunalvalg,"V. Venstre, Danmarks Liberale Parti",Caroline Byg Ejstrup,0,Ringkøbing-Skjern Kommune,Nej,Nej
kommunalvalg,"V. Venstre, Danmarks Liberale Parti",Carsten Aarosin,1,Dragør Kommune,Nej,Nej
kommunalvalg,"V. Venstre, Danmarks Liberale Parti","Carsten Bech, Ugelbølle",95,Syddjurs Kommune,Nej,Nej
kommunalvalg,"V. Venstre, Danmarks Liberale Parti",Carsten Bruun,0,Samsø Kommune,Nej,Nej
kommunalvalg,"V. Venstre, Danmarks Liberale Parti",Carsten Helles Rasmussen,0,Lejre Kommune,Nej,Nej
kommunalvalg,"V. Venstre, Danmarks Liberale Parti","Carsten Hougaard Nielsen, Thorsager",88,Syddjurs Kommune,Nej,Nej
kommunalvalg,"V. Venstre, Danmarks Liberale Parti",Carsten Jørgensen,0,Tårnby Kommune,Nej,Nej
kommunalvalg,"V. Venstre, Danmarks Liberale Parti","Carsten Kochen Bryrup, Nimtofte",26,Syddjurs Kommune,Nej,Nej
kommunalvalg,"V. Venstre, Danmarks Liberale Parti","Carsten Petersen, Assens",0,Assens Kommune,Nej,Nej
kommunalvalg,"V. Venstre, Danmarks Liberale Parti",Casper B. F. Jensen,0,Ringkøbing-Skjern Kommune,Nej,Nej
kommunalvalg,"V. Venstre, Danmarks Liberale Parti",Casper Harries Andersen,0,Faaborg-Midtfyn Kommune,Nej,Nej
kommunalvalg,"V. Venstre, Danmarks Liberale Parti",Casper Pedersen,0,Frederiksberg Kommune,Nej,Nej
kommunalvalg,"V. Venstre, Danmarks Liberale Parti",Cathrine Sinding,0,Kalundborg Kommune,Nej,Nej
kommunalvalg,"V. Venstre, Danmarks Liberale Parti","Cecilie Anthony, Hadsten",124,Favrskov Kommune,Nej,Nej
kommunalvalg,"V. Venstre, Danmarks Liberale Parti",Charles Damholt,0,Herning Kommune,Nej,Nej
kommunalvalg,"V. Venstre, Danmarks Liberale Parti",Charlotte Antonsen,0,Rudersdal Kommune,Nej,Nej
kommunalvalg,"V. Venstre, Danmarks Liberale Parti",Charlotte Hartung,0,Herlev Kommune,Nej,Nej
kommunalvalg,"V. Venstre, Danmarks Liberale Parti",Charlotte Kirkegaard,16,Fredensborg Kommune,Nej,Nej
kommunalvalg,"V. Venstre, Danmarks Liberale Parti","Charlotte Kjærgaard, Rødkærsbro",662,Viborg Kommune,Nej,Nej
kommunalvalg,"V. Venstre, Danmarks Liberale Parti",Charlotte Krag Clausen,0,Frederikssund Kommune,Nej,Nej
kommunalvalg,"V. Venstre, Danmarks Liberale Parti","Charlotte Priisholm Jørgensen, Bjerndrup",0,Aabenraa Kommune,Nej,Nej
kommunalvalg,"V. Venstre, Danmarks Liberale Parti",Chris Olesen,0,Lemvig Kommune,Nej,Nej
kommunalvalg,"V. Venstre, Danmarks Liberale Parti",Chris Wantia,0,Ringkøbing-Skjern Kommune,Nej,Nej
kommunalvalg,"V. Venstre, Danmarks Liberale Parti","Christian Ahlefeldt-Laurvig, Vipperød",0,Holbæk Kommune,Nej,Nej
kommunalvalg,"V. Venstre, Danmarks Liberale Parti",Christian Bojer Jørgensen,79,Hillerød Kommune,Nej,Nej
kommunalvalg,"V. Venstre, Danmarks Liberale Parti","Christian Brøndum, Lille Næstved",65,Næstved Kommune,Nej,Nej
kommunalvalg,"V. Venstre, Danmarks Liberale Parti",Christian Budde,0,Aarhus Kommune,Nej,Nej
kommunalvalg,"V. Venstre, Danmarks Liberale Parti",Christian Elmelund-Præstekær,0,Faaborg-Midtfyn Kommune,Nej,Nej
kommunalvalg,"V. Venstre, Danmarks Liberale Parti","Christian Engen, Bindslev",513,Hjørring Kommune,Nej,Nej
kommunalvalg,"V. Venstre, Danmarks Liberale Parti","Christian G. Jensen, Hallendrup",244,Favrskov Kommune,Nej,Nej
kommunalvalg,"V. Venstre, Danmarks Liberale Parti","Christian Hem, Pandrup",0,Jammerbugt Kommune,Nej,Nej
kommunalvalg,"V. Venstre, Danmarks Liberale Parti","Christian Lund, Skodborg",0,Vejen Kommune,Nej,Nej
kommunalvalg,"V. Venstre, Danmarks Liberale Parti",Christian Ohm-Hieronymussen,0,Frederiksberg Kommune,Nej,Nej
kommunalvalg,"V. Venstre, Danmarks Liberale Parti","Christian Skipper, Verninge",0,Assens Kommune,Nej,Nej
kommunalvalg,"V. Venstre, Danmarks Liberale Parti","Christian Sonne-Schmidt, Dronninglund",0,Brønderslev Kommune,Nej,Nej
kommunalvalg,"V. Venstre, Danmarks Liberale Parti",Christian Wikström,0,Hørsholm Kommune,Nej,Nej
kommunalvalg,"V. Venstre, Danmarks Liberale Parti",Christina  Berkowitz,0,Lolland Kommune,Nej,Nej
kommunalvalg,"V. Venstre, Danmarks Liberale Parti","Christina Bottke, Skanderborg",0,Skanderborg Kommune,Nej,Nej
kommunalvalg,"V. Venstre, Danmarks Liberale Parti","Christina Kuntz, Bramdrupdam",362,Kolding Kommune,Nej,Nej
kommunalvalg,"V. Venstre, Danmarks Liberale Parti",Christina Nielsen,0,Lejre Kommune,Nej,Nej
kommunalvalg,"V. Venstre, Danmarks Liberale Parti",Christina Serup Hove,0,Lemvig Kommune,Nej,Nej
kommunalvalg,"V. Venstre, Danmarks Liberale Parti",Christine Dal Thrane,0,Lyngby-Taarbæk Kommune,Nej,Nej
kommunalvalg,"V. Venstre, Danmarks Liberale Parti","Christine Høeg Friis, Randers SØ",0,Randers Kommune,Nej,Nej
kommunalvalg,"V. Venstre, Danmarks Liberale Parti","Christoffer B. Toft, Jægersborg",93,Gentofte Kommune,Nej,Nej
kommunalvalg,"V. Venstre, Danmarks Liberale Parti","Christoffer Pedersen, Ugelbølle",800,Syddjurs Kommune,Nej,Nej
kommunalvalg,"V. Venstre, Danmarks Liberale Parti",Christopher Blomsterberg-Thaysen,0,Vallensbæk Kommune,Nej,Nej
kommunalvalg,"V. Venstre, Danmarks Liberale Parti",Cille Egholm,0,Københavns Kommune,Nej,Nej
kommunalvalg,"V. Venstre, Danmarks Liberale Parti","Clara Rao, Lillerød",0,Allerød Kommune,Nej,Nej
kommunalvalg,"V. Venstre, Danmarks Liberale Parti","Claus Bakke, Nyråd",0,Vordingborg Kommune,Nej,Nej
kommunalvalg,"V. Venstre, Danmarks Liberale Parti","Claus Berggren, Randers",0,Randers Kommune,Nej,Nej
kommunalvalg,"V. Venstre, Danmarks Liberale Parti","Claus Bloch, Låsby",0,Skanderborg Kommune,Nej,Nej
kommunalvalg,"V. Venstre, Danmarks Liberale Parti","Claus Brink, Årre",0,Varde Kommune,Nej,Nej
kommunalvalg,"V. Venstre, Danmarks Liberale Parti","Claus Bruun Jørgensen, Tinglev",0,Aabenraa Kommune,Nej,Nej
kommunalvalg,"V. Venstre, Danmarks Liberale Parti",Claus Buch,0,Københavns Kommune,Nej,Nej
kommunalvalg,"V. Venstre, Danmarks Liberale Parti","Claus Clausen, Vestfjends",328,Viborg Kommune,Nej,Nej
kommunalvalg,"V. Venstre, Danmarks Liberale Parti",Claus E. Nielsen,0,Hedensted Kommune,Nej,Nej
kommunalvalg,"V. Venstre, Danmarks Liberale Parti","Claus Fink Jørgensen, Bjerndrup",0,Aabenraa Kommune,Nej,Nej
kommunalvalg,"V. Venstre, Danmarks Liberale Parti",Claus H. Veile,0,Skive Kommune,Nej,Nej
kommunalvalg,"V. Venstre, Danmarks Liberale Parti",Claus Harton,0,Nyborg Kommune,Nej,Nej
kommunalvalg,"V. Venstre, Danmarks Liberale Parti",Claus Hassing,31,Fredensborg Kommune,Nej,Nej
kommunalvalg,"V. Venstre, Danmarks Liberale Parti",Claus Houden,0,Odense Kommune,Nej,Nej
kommunalvalg,"V. Venstre, Danmarks Liberale Parti","Claus Jensen, Greve",0,Greve Kommune,Nej,Nej
kommunalvalg,"V. Venstre, Danmarks Liberale Parti",Claus Ljungberg Jørgensen,0,Københavns Kommune,Nej,Nej
kommunalvalg,"V. Venstre, Danmarks Liberale Parti","Claus Mørkbak Højrup, Hjørring",576,Hjørring Kommune,Nej,Nej
kommunalvalg,"V. Venstre, Danmarks Liberale Parti",Claus Rasmussen,0,Albertslund Kommune,Nej,Nej
kommunalvalg,"V. Venstre, Danmarks Liberale Parti","Claus Svendsen, Nørhalne",0,Jammerbugt Kommune,Nej,Nej
kommunalvalg,"V. Venstre, Danmarks Liberale Parti",Claus Udbye,0,Herning Kommune,Nej,Nej
kommunalvalg,"V. Venstre, Danmarks Liberale Parti","Claus Warming, Jordrup",101,Kolding Kommune,Nej,Nej
kommunalvalg,"V. Venstre, Danmarks Liberale Parti","Conni Bergendorff, Mosede",0,Greve Kommune,Nej,Nej
kommunalvalg,"V. Venstre, Danmarks Liberale Parti",Dan Riise,364,Hillerød Kommune,Nej,Nej
kommunalvalg,"V. Venstre, Danmarks Liberale Parti","Daniel Borup, Aalborg",0,Aalborg Kommune,Nej,Nej
kommunalvalg,"V. Venstre, Danmarks Liberale Parti","Daniel Nielsen, Lillerød",0,Allerød Kommune,Nej,Nej
kommunalvalg,"V. Venstre, Danmarks Liberale Parti","Daniel Staugaard, Egernsund",0,Sønderborg Kommune,Nej,Nej
kommunalvalg,"V. Venstre, Danmarks Liberale Parti","Daniel Sørensen, Nymindegab",0,Varde Kommune,Nej,Nej
kommunalvalg,"V. Venstre, Danmarks Liberale Parti","Daniel Sørensen, Svendborg",0,Svendborg Kommune,Nej,Nej
kommunalvalg,"V. Venstre, Danmarks Liberale Parti",Dann Karlsen,0,Herning Kommune,Nej,Nej
kommunalvalg,"V. Venstre, Danmarks Liberale Parti","Danny Juul Jensen, Veddum",105,Mariagerfjord Kommune,Nej,Nej
kommunalvalg,"V. Venstre, Danmarks Liberale Parti",Davíð Hrafnsson Holst Nielsen,0,Nyborg Kommune,Nej,Nej
kommunalvalg,"V. Venstre, Danmarks Liberale Parti","Dennis Jørgensen, Hobro",131,Mariagerfjord Kommune,Nej,Nej
kommunalvalg,"V. Venstre, Danmarks Liberale Parti","Dennis Kvesel, Flauenskjold",0,Brønderslev Kommune,Nej,Nej
kommunalvalg,"V. Venstre, Danmarks Liberale Parti",Dennis Langdahl Vestergaard,57,Rebild Kommune,Nej,Nej
kommunalvalg,"V. Venstre, Danmarks Liberale Parti","Dennis Møller Frederiksen, Greve",0,Greve Kommune,Nej,Nej
kommunalvalg,"V. Venstre, Danmarks Liberale Parti",Dennis W. Clausen,0,Tårnby Kommune,Nej,Nej
kommunalvalg,"V. Venstre, Danmarks Liberale Parti",Diana Brandt Pedersen,0,Bornholms Regionskommune,Nej,Nej
kommunalvalg,"V. Venstre, Danmarks Liberale Parti","Dina Oxfeldt, Jersie Strand",0,Solrød Kommune,Nej,Nej
kommunalvalg,"V. Venstre, Danmarks Liberale Parti",Doris Irene Stenver,0,Køge Kommune,Nej,Nej
kommunalvalg,"V. Venstre, Danmarks Liberale Parti",Dorte Aalholt,106,Hillerød Kommune,Nej,Nej
kommunalvalg,"V. Venstre, Danmarks Liberale Parti","Dorte Daugaard, Rynkeby",95,Kerteminde Kommune,Nej,Nej
kommunalvalg,"V. Venstre, Danmarks Liberale Parti",Dorte Holm Hansen,0,Odsherred Kommune,Nej,Nej
kommunalvalg,"V. Venstre, Danmarks Liberale Parti",Dorte Holst,0,Hørsholm Kommune,Nej,Nej
kommunalvalg,"V. Venstre, Danmarks Liberale Parti",Dorte Kiilerich,0,Lejre Kommune,Nej,Nej
kommunalvalg,"V. Venstre, Danmarks Liberale Parti",Dorte West,0,Herning Kommune,Nej,Nej
kommunalvalg,"V. Venstre, Danmarks Liberale Parti",Dorthe Adelsbech,691,Faxe Kommune,Nej,Nej
kommunalvalg,"V. Venstre, Danmarks Liberale Parti",Dorthe Bajon,0,Hørsholm Kommune,Nej,Nej
kommunalvalg,"V. Venstre, Danmarks Liberale Parti",Dorthe Egede Borg,484,Faxe Kommune,Nej,Nej
kommunalvalg,"V. Venstre, Danmarks Liberale Parti","Dorthe Jensen, Torsted",0,Horsens Kommune,Nej,Nej
kommunalvalg,"V. Venstre, Danmarks Liberale Parti","Dorthe Klüver, Holstebro",0,Holstebro Kommune,Nej,Nej
kommunalvalg,"V. Venstre, Danmarks Liberale Parti",Dorthe Rudebeck Schack,0,Tønder Kommune,Nej,Nej
kommunalvalg,"V. Venstre, Danmarks Liberale Parti","Egil Rindorf, Vangede",38,Gentofte Kommune,Nej,Nej
kommunalvalg,"V. Venstre, Danmarks Liberale Parti","Eivind Underbjerg Hansen, Rødekro",0,Aabenraa Kommune,Nej,Nej
kommunalvalg,"V. Venstre, Danmarks Liberale Parti","Ejler Skjerning, Nordborg",0,Sønderborg Kommune,Nej,Nej
kommunalvalg,"V. Venstre, Danmarks Liberale Parti",Else Solsø,0,Ringkøbing-Skjern Kommune,Nej,Nej
kommunalvalg,"V. Venstre, Danmarks Liberale Parti",Emil Hoffmann Madsen,4,Fanø Kommune,Nej,Nej
kommunalvalg,"V. Venstre, Danmarks Liberale Parti",Emil M. D. Christensen,0,Aarhus Kommune,Nej,Nej
kommunalvalg,"V. Venstre, Danmarks Liberale Parti","Emil Pedersen, Esbjerg",0,Esbjerg Kommune,Nej,Nej
kommunalvalg,"V. Venstre, Danmarks Liberale Parti",Emil Seidelin,0,Tønder Kommune,Nej,Nej
kommunalvalg,"V. Venstre, Danmarks Liberale Parti","Emilie Kølle Neperus, Rudkøbing",42,Langeland Kommune,Nej,Nej
kommunalvalg,"V. Venstre, Danmarks Liberale Parti",Erik Ellehammer,234,Ikast-Brande Kommune,Nej,Nej
kommunalvalg,"V. Venstre, Danmarks Liberale Parti",Erik Faurholt Siggaard,0,Lyngby-Taarbæk Kommune,Nej,Nej
kommunalvalg,"V. Venstre, Danmarks Liberale Parti","Erik Filler Filthuth, Holbæk",0,Holbæk Kommune,Nej,Nej
kommunalvalg,"V. Venstre, Danmarks Liberale Parti","Erik Krogh, Broager",0,Sønderborg Kommune,Nej,Nej
kommunalvalg,"V. Venstre, Danmarks Liberale Parti",Erik Nielsen,0,Fredericia Kommune,Nej,Nej
kommunalvalg,"V. Venstre, Danmarks Liberale Parti",Erik Nørreby,120,Fanø Kommune,Nej,Nej
kommunalvalg,"V. Venstre, Danmarks Liberale Parti",Erik Poulsen,0,Herning Kommune,Nej,Nej
kommunalvalg,"V. Venstre, Danmarks Liberale Parti",Erik Rasmussen,135,Faxe Kommune,Nej,Nej
kommunalvalg,"V. Venstre, Danmarks Liberale Parti",Erik Rosenkrantz Fuglsang,0,Hørsholm Kommune,Nej,Nej
kommunalvalg,"V. Venstre, Danmarks Liberale Parti",Erik Skovgaard Nielsen,45,Dragør Kommune,Nej,Nej
kommunalvalg,"V. Venstre, Danmarks Liberale Parti",Erik Viborg,0,Ringkøbing-Skjern Kommune,Nej,Nej
kommunalvalg,"V. Venstre, Danmarks Liberale Parti",Erik Wetche,0,Hørsholm Kommune,Nej,Nej
kommunalvalg,"V. Venstre, Danmarks Liberale Parti",Erling Bonnesen,0,Faaborg-Midtfyn Kommune,Nej,Nej
kommunalvalg,"V. Venstre, Danmarks Liberale Parti","Erling M. Pedersen, Staby",0,Holstebro Kommune,Nej,Nej
kommunalvalg,"V. Venstre, Danmarks Liberale Parti","Esben Buchwald, Lynge",0,Allerød Kommune,Nej,Nej
kommunalvalg,"V. Venstre, Danmarks Liberale Parti",Esben Pilgaard,0,Herning Kommune,Nej,Nej
kommunalvalg,"V. Venstre, Danmarks Liberale Parti","Esben Sundgaard, Hundige",0,Greve Kommune,Nej,Nej
kommunalvalg,"V. Venstre, Danmarks Liberale Parti","Eva Dam, Manna-Thise",0,Brønderslev Kommune,Nej,Nej
kommunalvalg,"V. Venstre, Danmarks Liberale Parti",Fie Smith,0,Hørsholm Kommune,Nej,Nej
kommunalvalg,"V. Venstre, Danmarks Liberale Parti","Filippa Elgaard Balle, Hinnerup",167,Favrskov Kommune,Nej,Nej
kommunalvalg,"V. Venstre, Danmarks Liberale Parti","Finn Møller, Hjordkær",0,Aabenraa Kommune,Nej,Nej
kommunalvalg,"V. Venstre, Danmarks Liberale Parti","Finn Thomsen, Hjarup",61,Kolding Kommune,Nej,Nej
kommunalvalg,"V. Venstre, Danmarks Liberale Parti",Finn Thranum,328,Odder Kommune,Nej,Nej
kommunalvalg,"V. Venstre, Danmarks Liberale Parti",Flemming Damgaard Larsen,0,Lejre Kommune,Nej,Nej
kommunalvalg,"V. Venstre, Danmarks Liberale Parti",Flemming Gylling,0,Ishøj Kommune,Nej,Nej
kommunalvalg,"V. Venstre, Danmarks Liberale Parti","Flemming Kragh Thomassen, Hadsten",96,Favrskov Kommune,Nej,Nej
kommunalvalg,"V. Venstre, Danmarks Liberale Parti",Flemming Scheel,0,Rudersdal Kommune,Nej,Nej
kommunalvalg,"V. Venstre, Danmarks Liberale Parti","Flemming Simested, Vejen by",0,Vejen Kommune,Nej,Nej
kommunalvalg,"V. Venstre, Danmarks Liberale Parti","Folmer Toftdahl-Olesen, Skovsgård",0,Jammerbugt Kommune,Nej,Nej
kommunalvalg,"V. Venstre, Danmarks Liberale Parti","Frank Ellegaard Nielsen, Solrød Strand",0,Solrød Kommune,Nej,Nej
kommunalvalg,"V. Venstre, Danmarks Liberale Parti",Frank Schürmann,4,Læsø Kommune,Nej,Nej
kommunalvalg,"V. Venstre, Danmarks Liberale Parti",Frank Stjerne,0,Frederiksberg Kommune,Nej,Nej
kommunalvalg,"V. Venstre, Danmarks Liberale Parti","Freddy Christensen, Vamdrup",417,Kolding Kommune,Nej,Nej
kommunalvalg,"V. Venstre, Danmarks Liberale Parti","Freddy Jensen, Espergærde",0,Helsingør Kommune,Nej,Nej
kommunalvalg,"V. Venstre, Danmarks Liberale Parti","Frederik Edelskov, Gråsten",0,Sønderborg Kommune,Nej,Nej
kommunalvalg,"V. Venstre, Danmarks Liberale Parti","Frederik Errebo, Astrup",129,Mariagerfjord Kommune,Nej,Nej
kommunalvalg,"V. Venstre, Danmarks Liberale Parti","Frederik Houmann Thuesen, Viborg",674,Viborg Kommune,Nej,Nej
kommunalvalg,"V. Venstre, Danmarks Liberale Parti",Frederik Tolstrup,0,Bornholms Regionskommune,Nej,Nej
kommunalvalg,"V. Venstre, Danmarks Liberale Parti","Frederikke S. Mortensen, Strøby Egede",0,Stevns Kommune,Nej,Nej
kommunalvalg,"V. Venstre, Danmarks Liberale Parti",Frederikke Wright,0,Faaborg-Midtfyn Kommune,Nej,Nej
kommunalvalg,"V. Venstre, Danmarks Liberale Parti","Freja Blegholm Hansen, Tåsinge",0,Svendborg Kommune,Nej,Nej
kommunalvalg,"V. Venstre, Danmarks Liberale Parti",Friis Wiese,0,Samsø Kommune,Nej,Nej
kommunalvalg,"V. Venstre, Danmarks Liberale Parti","Fritjof Lind, Gentofte",26,Gentofte Kommune,Nej,Nej
kommunalvalg,"V. Venstre, Danmarks Liberale Parti",Gennadiy Torba,0,Herning Kommune,Nej,Nej
kommunalvalg,"V. Venstre, Danmarks Liberale Parti",Gerda H. Jørgensen,0,Vejle Kommune,Nej,Nej
kommunalvalg,"V. Venstre, Danmarks Liberale Parti",Gert Biilmann,0,Herlev Kommune,Nej,Nej
kommunalvalg,"V. Venstre, Danmarks Liberale Parti",Gert Bjerregaard,0,Aarhus Kommune,Nej,Nej
kommunalvalg,"V. Venstre, Danmarks Liberale Parti",Gert Bækgaard,269,Ikast-Brande Kommune,Nej,Nej
kommunalvalg,"V. Venstre, Danmarks Liberale Parti","Gitte Fabech, Havnelev",0,Stevns Kommune,Nej,Nej
kommunalvalg,"V. Venstre, Danmarks Liberale Parti",Gitte Frederiksen,0,Vejle Kommune,Nej,Nej
kommunalvalg,"V. Venstre, Danmarks Liberale Parti",Gitte Johansen,0,Kalundborg Kommune,Nej,Nej
kommunalvalg,"V. Venstre, Danmarks Liberale Parti",Gitte Storgaard Funch,0,Silkeborg Kommune,Nej,Nej
kommunalvalg,"V. Venstre, Danmarks Liberale Parti",Gitte Wittorff,0,Bornholms Regionskommune,Nej,Nej
kommunalvalg,"V. Venstre, Danmarks Liberale Parti","Glenn Holland, Storvorde",0,Aalborg Kommune,Nej,Nej
kommunalvalg,"V. Venstre, Danmarks Liberale Parti","Glenn Lundt, Vamdrup",287,Kolding Kommune,Nej,Nej
kommunalvalg,"V. Venstre, Danmarks Liberale Parti",Goska Rasmussen,0,Skive Kommune,Nej,Nej
kommunalvalg,"V. Venstre, Danmarks Liberale Parti",Gregers Frederiksen,0,Skive Kommune,Nej,Nej
kommunalvalg,"V. Venstre, Danmarks Liberale Parti","Grethe Ulstrup, Stoholm",78,Viborg Kommune,Nej,Nej
kommunalvalg,"V. Venstre, Danmarks Liberale Parti",Gunnar Lisby Kjær,0,Lemvig Kommune,Nej,Nej
kommunalvalg,"V. Venstre, Danmarks Liberale Parti",Gustav Jakobsen,0,Kalundborg Kommune,Nej,Nej
kommunalvalg,"V. Venstre, Danmarks Liberale Parti","Gustav Schmidt Hansen, Kolding",20,Kolding Kommune,Nej,Nej
kommunalvalg,"V. Venstre, Danmarks Liberale Parti",Gyda Kongsted,0,Vallensbæk Kommune,Nej,Nej
kommunalvalg,"V. Venstre, Danmarks Liberale Parti","H. C. Holst, Asaa",0,Brønderslev Kommune,Nej,Nej
kommunalvalg,"V. Venstre, Danmarks Liberale Parti",Hanne Bay Holm,0,Hørsholm Kommune,Nej,Nej
kommunalvalg,"V. Venstre, Danmarks Liberale Parti",Hanne Brogaard,0,Skive Kommune,Nej,Nej
kommunalvalg,"V. Venstre, Danmarks Liberale Parti","Hanne Høgh Larsen, Ryomgård",34,Syddjurs Kommune,Nej,Nej
kommunalvalg,"V. Venstre, Danmarks Liberale Parti",Hanne Kirkegaard,336,Hillerød Kommune,Nej,Nej
kommunalvalg,"V. Venstre, Danmarks Liberale Parti",Hanne Lund,0,Vejle Kommune,Nej,Nej
kommunalvalg,"V. Venstre, Danmarks Liberale Parti",Hanne Pigonska,0,Odsherred Kommune,Nej,Nej
kommunalvalg,"V. Venstre, Danmarks Liberale Parti",Hans Andersen,0,Frederikssund Kommune,Nej,Nej
kommunalvalg,"V. Venstre, Danmarks Liberale Parti",Hans C. Kongsgaard,0,Lejre Kommune,Nej,Nej
kommunalvalg,"V. Venstre, Danmarks Liberale Parti",Hans Ejner Bertelsen,902,Morsø Kommune,Nej,Nej
kommunalvalg,"V. Venstre, Danmarks Liberale Parti","Hans Erik Andersen, Gørding",0,Esbjerg Kommune,Nej,Nej
kommunalvalg,"V. Venstre, Danmarks Liberale Parti",Hans Hammann,197,Odder Kommune,Nej,Nej
kommunalvalg,"V. Venstre, Danmarks Liberale Parti",Hans Henrik Ebbesen,32,Morsø Kommune,Nej,Nej
kommunalvalg,"V. Venstre, Danmarks Liberale Parti",Hans Hoffensetz,0,Vejle Kommune,Nej,Nej
kommunalvalg,"V. Venstre, Danmarks Liberale Parti","Hans Jørgensen, Mols",18,Syddjurs Kommune,Nej,Nej
kommunalvalg,"V. Venstre, Danmarks Liberale Parti","Hans Ole Noe, Gentofte",8,Gentofte Kommune,Nej,Nej
kommunalvalg,"V. Venstre, Danmarks Liberale Parti",Hans Otto Sørensen,0,Tønder Kommune,Nej,Nej
kommunalvalg,"V. Venstre, Danmarks Liberale Parti","Hans Peter Michaelsen, Store Heddinge",0,Stevns Kommune,Nej,Nej
kommunalvalg,"V. Venstre, Danmarks Liberale Parti",Hans Skou,0,Aarhus Kommune,Nej,Nej
kommunalvalg,"V. Venstre, Danmarks Liberale Parti",Hans Vacker,0,Hedensted Kommune,Nej,Nej
kommunalvalg,"V. Venstre, Danmarks Liberale Parti",Heidi Boss Nyby,10,Fredensborg Kommune,Nej,Nej
kommunalvalg,"V. Venstre, Danmarks Liberale Parti",Heidi Lykke Källstrøm,0,Lejre Kommune,Nej,Nej
kommunalvalg,"V. Venstre, Danmarks Liberale Parti",Heidi Wang,0,Københavns Kommune,Nej,Nej
kommunalvalg,"V. Venstre, Danmarks Liberale Parti","Heine Hansen, Aalborg",0,Aalborg Kommune,Nej,Nej
kommunalvalg,"V. Venstre, Danmarks Liberale Parti","Helene Baarup-Christensen, Christiansfeld",228,Kolding Kommune,Nej,Nej
kommunalvalg,"V. Venstre, Danmarks Liberale Parti",Helene Maria Biendzus Jensen,0,Vejle Kommune,Nej,Nej
kommunalvalg,"V. Venstre, Danmarks Liberale Parti",Helene Østergaard,0,Fredericia Kommune,Nej,Nej
kommunalvalg,"V. Venstre, Danmarks Liberale Parti",Helga Sandorf Jacobsen,0,Silkeborg Kommune,Nej,Nej
kommunalvalg,"V. Venstre, Danmarks Liberale Parti","Helle Bak Andreasen, Brovst",0,Jammerbugt Kommune,Nej,Nej
kommunalvalg,"V. Venstre, Danmarks Liberale Parti",Helle Barth,66,Dragør Kommune,Nej,Nej
kommunalvalg,"V. Venstre, Danmarks Liberale Parti",Helle Blomsterberg,0,Gribskov Kommune,Nej,Nej
kommunalvalg,"V. Venstre, Danmarks Liberale Parti","Helle Gaardboe Jeppesen, Jerup",0,Frederikshavn Kommune,Nej,Nej
kommunalvalg,"V. Venstre, Danmarks Liberale Parti","Helle Kramp, Lillerød",0,Allerød Kommune,Nej,Nej
kommunalvalg,"V. Venstre, Danmarks Liberale Parti","Helle Lausten, Høje Kolstrup",0,Aabenraa Kommune,Nej,Nej
kommunalvalg,"V. Venstre, Danmarks Liberale Parti",Helle Lysholm,160,Faxe Kommune,Nej,Nej
kommunalvalg,"V. Venstre, Danmarks Liberale Parti",Helle May Nielsen,27,Dragør Kommune,Nej,Nej
kommunalvalg,"V. Venstre, Danmarks Liberale Parti","Helle Rosenbæk, Østerbyen",0,Esbjerg Kommune,Nej,Nej
kommunalvalg,"V. Venstre, Danmarks Liberale Parti",Henning Bay Nielsen,0,Lyngby-Taarbæk Kommune,Nej,Nej
kommunalvalg,"V. Venstre, Danmarks Liberale Parti","Henning Damm Johansen, Aabenraa",0,Aabenraa Kommune,Nej,Nej
kommunalvalg,"V. Venstre, Danmarks Liberale Parti","Henning Danielsen, Ølst",0,Randers Kommune,Nej,Nej
kommunalvalg,"V. Venstre, Danmarks Liberale Parti",Henning Lübcke,0,Køge Kommune,Nej,Nej
kommunalvalg,"V. Venstre, Danmarks Liberale Parti","Henning Madsen, Gl. Havdrup",0,Solrød Kommune,Nej,Nej
kommunalvalg,"V. Venstre, Danmarks Liberale Parti",Henning Nielsen,0,Lejre Kommune,Nej,Nej
kommunalvalg,"V. Venstre, Danmarks Liberale Parti",Henning Nørret Nielsen,0,Tønder Kommune,Nej,Nej
kommunalvalg,"V. Venstre, Danmarks Liberale Parti","Henning Ravn, Bramming",0,Esbjerg Kommune,Nej,Nej
kommunalvalg,"V. Venstre, Danmarks Liberale Parti",Henriette Frølund Lyngberg,232,Rebild Kommune,Nej,Nej
kommunalvalg,"V. Venstre, Danmarks Liberale Parti","Henriette Klingberg-Nielsen, Nykøbing F.",0,Guldborgsund Kommune,Nej,Nej
kommunalvalg,"V. Venstre, Danmarks Liberale Parti","Henriette M. Lundal Sørensen, Frederikshavn",0,Frederikshavn Kommune,Nej,Nej
kommunalvalg,"V. Venstre, Danmarks Liberale Parti","Henriette Qvist Eriksen, Hornslet",428,Syddjurs Kommune,Nej,Nej
kommunalvalg,"V. Venstre, Danmarks Liberale Parti","Henrik Agesen, Klim",0,Jammerbugt Kommune,Nej,Nej
kommunalvalg,"V. Venstre, Danmarks Liberale Parti","Henrik Andersen, Tjæreborg",0,Esbjerg Kommune,Nej,Nej
kommunalvalg,"V. Venstre, Danmarks Liberale Parti",Henrik Bjørkman,0,Hørsholm Kommune,Nej,Nej
kommunalvalg,"V. Venstre, Danmarks Liberale Parti",Henrik Buus Jensen,21,Rebild Kommune,Nej,Nej
kommunalvalg,"V. Venstre, Danmarks Liberale Parti",Henrik Christian Løwenheim Kjærsvold-Niclasen,236,Dragør Kommune,Nej,Nej
kommunalvalg,"V. Venstre, Danmarks Liberale Parti",Henrik Engedahl,448,Ikast-Brande Kommune,Nej,Nej
kommunalvalg,"V. Venstre, Danmarks Liberale Parti",Henrik Farnø,0,Hvidovre Kommune,Nej,Nej
kommunalvalg,"V. Venstre, Danmarks Liberale Parti",Henrik Hammelsvang,0,Ringkøbing-Skjern Kommune,Nej,Nej
kommunalvalg,"V. Venstre, Danmarks Liberale Parti",Henrik Hjortshøj,0,Aarhus Kommune,Nej,Nej
kommunalvalg,"V. Venstre, Danmarks Liberale Parti",Henrik Holmgaard,95,Faxe Kommune,Nej,Nej
kommunalvalg,"V. Venstre, Danmarks Liberale Parti","Henrik Høegh-Andersen, Guldborg",0,Guldborgsund Kommune,Nej,Nej
kommunalvalg,"V. Venstre, Danmarks Liberale Parti","Henrik Kirk, Vissenbjerg",0,Assens Kommune,Nej,Nej
kommunalvalg,"V. Venstre, Danmarks Liberale Parti",Henrik Kristensen,62,Morsø Kommune,Nej,Nej
kommunalvalg,"V. Venstre, Danmarks Liberale Parti",Henrik Lisberg,11,Fredensborg Kommune,Nej,Nej
kommunalvalg,"V. Venstre, Danmarks Liberale Parti",Henrik Nielsen,21,Faxe Kommune,Nej,Nej
kommunalvalg,"V. Venstre, Danmarks Liberale Parti","Henrik Pihl Jessen, Brørup",0,Vejen Kommune,Nej,Nej
kommunalvalg,"V. Venstre, Danmarks Liberale Parti",Henrik S. Sønnichsen,0,Tønder Kommune,Nej,Nej
kommunalvalg,"V. Venstre, Danmarks Liberale Parti","Henrik Sloth, Øster Hurup",322,Mariagerfjord Kommune,Nej,Nej
kommunalvalg,"V. Venstre, Danmarks Liberale Parti",Henrik Svendsen,0,Lejre Kommune,Nej,Nej
kommunalvalg,"V. Venstre, Danmarks Liberale Parti","Henrik Vang, Espergærde",0,Helsingør Kommune,Nej,Nej
kommunalvalg,"V. Venstre, Danmarks Liberale Parti","Henrik Vest, Brændkjær",112,Kolding Kommune,Nej,Nej
kommunalvalg,"V. Venstre, Danmarks Liberale Parti",Holger Lunden,0,Ringsted Kommune,Nej,Nej
kommunalvalg,"V. Venstre, Danmarks Liberale Parti","Ib Bjerregaard, Viborg",356,Viborg Kommune,Nej,Nej
kommunalvalg,"V. Venstre, Danmarks Liberale Parti",Ib Haahr,0,Odense Kommune,Nej,Nej
kommunalvalg,"V. Venstre, Danmarks Liberale Parti",Ib Lauritsen,1138,Ikast-Brande Kommune,Nej,Nej
kommunalvalg,"V. Venstre, Danmarks Liberale Parti","Iben Holm, Gentofte",56,Gentofte Kommune,Nej,Nej
kommunalvalg,"V. Venstre, Danmarks Liberale Parti","Ilka Daniel, Kristiansminde",0,Norddjurs Kommune,Nej,Nej
kommunalvalg,"V. Venstre, Danmarks Liberale Parti","Imee Tappa Henriksen, Gråsten",0,Sønderborg Kommune,Nej,Nej
kommunalvalg,"V. Venstre, Danmarks Liberale Parti",Ina Nyvang,0,Skive Kommune,Nej,Nej
kommunalvalg,"V. Venstre, Danmarks Liberale Parti",Inge Jepsen,0,Tønder Kommune,Nej,Nej
kommunalvalg,"V. Venstre, Danmarks Liberale Parti",Ingelise Holde,0,Lolland Kommune,Nej,Nej
kommunalvalg,"V. Venstre, Danmarks Liberale Parti","Inger Marie Kristensen, Varde",0,Varde Kommune,Nej,Nej
kommunalvalg,"V. Venstre, Danmarks Liberale Parti",Inger-Marie Albertsen,116,Ærø Kommune,Nej,Nej
kommunalvalg,"V. Venstre, Danmarks Liberale Parti","Ingrid Johannsen, Gråsten",0,Sønderborg Kommune,Nej,Nej
kommunalvalg,"V. Venstre, Danmarks Liberale Parti","Irene Tørnæs, Middelfart",0,Middelfart Kommune,Nej,Nej
kommunalvalg,"V. Venstre, Danmarks Liberale Parti","J. Preben Morth, Lynge",0,Allerød Kommune,Nej,Nej
kommunalvalg,"V. Venstre, Danmarks Liberale Parti",Jack Odgaard,0,Faaborg-Midtfyn Kommune,Nej,Nej
kommunalvalg,"V. Venstre, Danmarks Liberale Parti",Jacob A. Christensen,0,Herning Kommune,Nej,Nej
kommunalvalg,"V. Venstre, Danmarks Liberale Parti","Jacob Bach Meldal, Lillerød",0,Allerød Kommune,Nej,Nej
kommunalvalg,"V. Venstre, Danmarks Liberale Parti",Jacob Bogh Nielsen,0,Vejle Kommune,Nej,Nej
kommunalvalg,"V. Venstre, Danmarks Liberale Parti","Jacob Høfler, Brønderslev",0,Brønderslev Kommune,Nej,Nej
kommunalvalg,"V. Venstre, Danmarks Liberale Parti",Jacob Madum-Kyhl,0,Slagelse Kommune,Nej,Nej
kommunalvalg,"V. Venstre, Danmarks Liberale Parti",Jacob Nilsson,0,Nyborg Kommune,Nej,Nej
kommunalvalg,"V. Venstre, Danmarks Liberale Parti",Jacob Schulze,0,Hørsholm Kommune,Nej,Nej
kommunalvalg,"V. Venstre, Danmarks Liberale Parti",Jacob Vestergaard,16,Fredensborg Kommune,Nej,Nej
kommunalvalg,"V. Venstre, Danmarks Liberale Parti","Jakob Ahrendt, Næstved",388,Næstved Kommune,Nej,Nej
kommunalvalg,"V. Venstre, Danmarks Liberale Parti",Jakob Beck Jensen,0,Kalundborg Kommune,Nej,Nej
kommunalvalg,"V. Venstre, Danmarks Liberale Parti",Jakob Dyrman,347,Vesthimmerlands Kommune,Nej,Nej
kommunalvalg,"V. Venstre, Danmarks Liberale Parti",Jakob Faber Hartig,0,Odense Kommune,Nej,Nej
kommunalvalg,"V. Venstre, Danmarks Liberale Parti",Jakob Hedegaard,0,Lejre Kommune,Nej,Nej
kommunalvalg,"V. Venstre, Danmarks Liberale Parti","Jakob Kærsbøl, Kauslunde",0,Middelfart Kommune,Nej,Nej
kommunalvalg,"V. Venstre, Danmarks Liberale Parti","Jakob Raae Petersen, Nørre Aaby",0,Middelfart Kommune,Nej,Nej
kommunalvalg,"V. Venstre, Danmarks Liberale Parti","Jakob Repsholt, Viborg Kommune",44,Viborg Kommune,Nej,Nej
kommunalvalg,"V. Venstre, Danmarks Liberale Parti",Jakob Ræbild Nørgaard,158,Vesthimmerlands Kommune,Nej,Nej
kommunalvalg,"V. Venstre, Danmarks Liberale Parti",Jakob S. Stokbæk,0,Tønder Kommune,Nej,Nej
kommunalvalg,"V. Venstre, Danmarks Liberale Parti",Jakob Toftebjerg,0,Hedensted Kommune,Nej,Nej
kommunalvalg,"V. Venstre, Danmarks Liberale Parti","Jakob Ville, Kolding",5779,Kolding Kommune,Nej,Nej
kommunalvalg,"V. Venstre, Danmarks Liberale Parti","Jan Aggerlin Hansen, Mosede",0,Greve Kommune,Nej,Nej
kommunalvalg,"V. Venstre, Danmarks Liberale Parti","Jan Andersen, Øster Hurup",268,Mariagerfjord Kommune,Nej,Nej
kommunalvalg,"V. Venstre, Danmarks Liberale Parti",Jan B. Larsen,0,Køge Kommune,Nej,Nej
kommunalvalg,"V. Venstre, Danmarks Liberale Parti",Jan Baeré,5,Dragør Kommune,Nej,Nej
kommunalvalg,"V. Venstre, Danmarks Liberale Parti","Jan Bering, Hjørring",109,Hjørring Kommune,Nej,Nej
kommunalvalg,"V. Venstre, Danmarks Liberale Parti","Jan Bjeldbak, Frederikshavn",0,Frederikshavn Kommune,Nej,Nej
kommunalvalg,"V. Venstre, Danmarks Liberale Parti","Jan Buus Larsen, Randers NV",0,Randers Kommune,Nej,Nej
kommunalvalg,"V. Venstre, Danmarks Liberale Parti",Jan E. Jørgensen,0,Frederiksberg Kommune,Nej,Nej
kommunalvalg,"V. Venstre, Danmarks Liberale Parti",Jan Fogh,0,Tønder Kommune,Nej,Nej
kommunalvalg,"V. Venstre, Danmarks Liberale Parti",Jan Gade,67,Odder Kommune,Nej,Nej
kommunalvalg,"V. Venstre, Danmarks Liberale Parti","Jan Kaspersen, Tappernøje",31,Næstved Kommune,Nej,Nej
kommunalvalg,"V. Venstre, Danmarks Liberale Parti","Jan Møller Pedersen, Holsted",0,Vejen Kommune,Nej,Nej
kommunalvalg,"V. Venstre, Danmarks Liberale Parti","Jan Nymark Rose Thaysen, Kongerslev",0,Aalborg Kommune,Nej,Nej
kommunalvalg,"V. Venstre, Danmarks Liberale Parti","Jan Olesen, Gistrup",0,Aalborg Kommune,Nej,Nej
kommunalvalg,"V. Venstre, Danmarks Liberale Parti",Jan Pinndal,0,Herlev Kommune,Nej,Nej
kommunalvalg,"V. Venstre, Danmarks Liberale Parti",Jan Reimer,0,Nyborg Kommune,Nej,Nej
kommunalvalg,"V. Venstre, Danmarks Liberale Parti",Jan Riisager,0,Fredericia Kommune,Nej,Nej
kommunalvalg,"V. Venstre, Danmarks Liberale Parti","Jan Schjerning, Lunderskov",980,Kolding Kommune,Nej,Nej
kommunalvalg,"V. Venstre, Danmarks Liberale Parti",Jan Schoubo,0,Fredericia Kommune,Nej,Nej
kommunalvalg,"V. Venstre, Danmarks Liberale Parti","Jane Koller, Saltum",0,Jammerbugt Kommune,Nej,Nej
kommunalvalg,"V. Venstre, Danmarks Liberale Parti",Janne Molin,74,Rødovre Kommune,Nej,Nej
kommunalvalg,"V. Venstre, Danmarks Liberale Parti",Jannich Petersen,0,Gribskov Kommune,Nej,Nej
kommunalvalg,"V. Venstre, Danmarks Liberale Parti",Jari Thomas Schmidt,0,Ringkøbing-Skjern Kommune,Nej,Nej
kommunalvalg,"V. Venstre, Danmarks Liberale Parti","Jean Thomsen, Lillerød",0,Allerød Kommune,Nej,Nej
kommunalvalg,"V. Venstre, Danmarks Liberale Parti",Jeanette Hjerrild Würtz,0,Hedensted Kommune,Nej,Nej
kommunalvalg,"V. Venstre, Danmarks Liberale Parti",Jeannette Klitgaard Andersen,130,Læsø Kommune,Nej,Nej
kommunalvalg,"V. Venstre, Danmarks Liberale Parti","Jens Andersen, Serritslev",0,Brønderslev Kommune,Nej,Nej
kommunalvalg,"V. Venstre, Danmarks Liberale Parti","Jens Anker Hornemann, Rudkøbing",91,Langeland Kommune,Nej,Nej
kommunalvalg,"V. Venstre, Danmarks Liberale Parti","Jens Borup, Skagen",0,Frederikshavn Kommune,Nej,Nej
kommunalvalg,"V. Venstre, Danmarks Liberale Parti","Jens Christian Kjærulf Bruhn, Vejen",0,Vejen Kommune,Nej,Nej
kommunalvalg,"V. Venstre, Danmarks Liberale Parti",Jens Dissing Odgaard,0,Lyngby-Taarbæk Kommune,Nej,Nej
kommunalvalg,"V. Venstre, Danmarks Liberale Parti",Jens Ejner Christensen,0,Vejle Kommune,Nej,Nej
kommunalvalg,"V. Venstre, Danmarks Liberale Parti","Jens Erik Larsen, Rødekro",0,Aabenraa Kommune,Nej,Nej
kommunalvalg,"V. Venstre, Danmarks Liberale Parti",Jens Fjeldal,19,Læsø Kommune,Nej,Nej
kommunalvalg,"V. Venstre, Danmarks Liberale Parti","Jens Frode Fogt, Vordingborg",0,Vordingborg Kommune,Nej,Nej
kommunalvalg,"V. Venstre, Danmarks Liberale Parti","Jens Gantriis, Kerteminde",183,Kerteminde Kommune,Nej,Nej
kommunalvalg,"V. Venstre, Danmarks Liberale Parti",Jens Graff,0,Tårnby Kommune,Nej,Nej
kommunalvalg,"V. Venstre, Danmarks Liberale Parti",Jens Have,0,Skive Kommune,Nej,Nej
kommunalvalg,"V. Venstre, Danmarks Liberale Parti",Jens Hjul-Nielsen,0,Bornholms Regionskommune,Nej,Nej
kommunalvalg,"V. Venstre, Danmarks Liberale Parti","Jens J. Nohns Bay, Gedser",0,Guldborgsund Kommune,Nej,Nej
kommunalvalg,"V. Venstre, Danmarks Liberale Parti",Jens Jacob Østergaard,0,Ringkøbing-Skjern Kommune,Nej,Nej
kommunalvalg,"V. Venstre, Danmarks Liberale Parti","Jens Jakobsen, Haarby",0,Assens Kommune,Nej,Nej
kommunalvalg,"V. Venstre, Danmarks Liberale Parti",Jens Jørgensen,0,Frederikssund Kommune,Nej,Nej
kommunalvalg,"V. Venstre, Danmarks Liberale Parti",Jens Jørn Nielsen,336,Vesthimmerlands Kommune,Nej,Nej
kommunalvalg,"V. Venstre, Danmarks Liberale Parti",Jens K. Jensen,0,Lejre Kommune,Nej,Nej
kommunalvalg,"V. Venstre, Danmarks Liberale Parti",Jens Kloppenborg,0,Rudersdal Kommune,Nej,Nej
kommunalvalg,"V. Venstre, Danmarks Liberale Parti",Jens Knudsen,0,Skive Kommune,Nej,Nej
kommunalvalg,"V. Venstre, Danmarks Liberale Parti",Jens Kofoed,0,Tårnby Kommune,Nej,Nej
kommunalvalg,"V. Venstre, Danmarks Liberale Parti","Jens Kristian Hedegaard, Vemb",0,Holstebro Kommune,Nej,Nej
kommunalvalg,"V. Venstre, Danmarks Liberale Parti",Jens Morten Hansen,19,Læsø Kommune,Nej,Nej
kommunalvalg,"V. Venstre, Danmarks Liberale Parti",Jens Møller,0,Tønder Kommune,Nej,Nej
kommunalvalg,"V. Venstre, Danmarks Liberale Parti",Jens Ottosen,0,Hedensted Kommune,Nej,Nej
kommunalvalg,"V. Venstre, Danmarks Liberale Parti",Jens Peder K. Bendtsen,0,Ringkøbing-Skjern Kommune,Nej,Nej
kommunalvalg,"V. Venstre, Danmarks Liberale Parti","Jens Pedersen, Nim",0,Horsens Kommune,Nej,Nej
kommunalvalg,"V. Venstre, Danmarks Liberale Parti",Jens Peter Høllsberg,0,Hedensted Kommune,Nej,Nej
kommunalvalg,"V. Venstre, Danmarks Liberale Parti",Jens Poulsen,0,Skive Kommune,Nej,Nej
kommunalvalg,"V. Venstre, Danmarks Liberale Parti","Jens Prang-Andersen, Kolind",115,Syddjurs Kommune,Nej,Nej
kommunalvalg,"V. Venstre, Danmarks Liberale Parti","Jens Steffensen, Viborg",130,Viborg Kommune,Nej,Nej
kommunalvalg,"V. Venstre, Danmarks Liberale Parti","Jens Szabo, Ry",0,Skanderborg Kommune,Nej,Nej
kommunalvalg,"V. Venstre, Danmarks Liberale Parti","Jens Wistoft, Kruså",0,Aabenraa Kommune,Nej,Nej
kommunalvalg,"V. Venstre, Danmarks Liberale Parti",Jens-Bernhard Knudsen,0,Herning Kommune,Nej,Nej
kommunalvalg,"V. Venstre, Danmarks Liberale Parti",Jens-Kristian Lütken,0,Københavns Kommune,Nej,Nej
kommunalvalg,"V. Venstre, Danmarks Liberale Parti","Jens-Otto Jensen, Tullebølle",4,Langeland Kommune,Nej,Nej
kommunalvalg,"V. Venstre, Danmarks Liberale Parti",Jeppe Grøndahl Westh,0,Slagelse Kommune,Nej,Nej
kommunalvalg,"V. Venstre, Danmarks Liberale Parti",Jeppe Mouritsen,0,Hedensted Kommune,Nej,Nej
kommunalvalg,"V. Venstre, Danmarks Liberale Parti",Jeppe Ugilt,668,Rebild Kommune,Nej,Nej
kommunalvalg,"V. Venstre, Danmarks Liberale Parti","Jes Henrik Jensen, Stubbekøbing",0,Guldborgsund Kommune,Nej,Nej
kommunalvalg,"V. Venstre, Danmarks Liberale Parti",Jesper Balle Kristensen,405,Morsø Kommune,Nej,Nej
kommunalvalg,"V. Venstre, Danmarks Liberale Parti","Jesper Bendtsen, Østbirk",0,Horsens Kommune,Nej,Nej
kommunalvalg,"V. Venstre, Danmarks Liberale Parti","Jesper Brønnum, Greve",0,Greve Kommune,Nej,Nej
kommunalvalg,"V. Venstre, Danmarks Liberale Parti","Jesper Fini Kuhre, Hundige",0,Greve Kommune,Nej,Nej
kommunalvalg,"V. Venstre, Danmarks Liberale Parti","Jesper Frost Rasmussen, Esbjerg",0,Esbjerg Kommune,Nej,Nej
kommunalvalg,"V. Venstre, Danmarks Liberale Parti",Jesper Greth,1269,Rebild Kommune,Nej,Nej
kommunalvalg,"V. Venstre, Danmarks Liberale Parti",Jesper Hammer,125,Fredensborg Kommune,Nej,Nej
kommunalvalg,"V. Venstre, Danmarks Liberale Parti","Jesper Hebsgaard Pedersen, Mejdal-Halgård",0,Holstebro Kommune,Nej,Nej
kommunalvalg,"V. Venstre, Danmarks Liberale Parti",Jesper Jørgensen,0,Ringsted Kommune,Nej,Nej
kommunalvalg,"V. Venstre, Danmarks Liberale Parti",Jesper Kaaslev Juul Lunde,0,Nyborg Kommune,Nej,Nej
kommunalvalg,"V. Venstre, Danmarks Liberale Parti",Jesper Kirkholm Madsen,0,Nyborg Kommune,Nej,Nej
kommunalvalg,"V. Venstre, Danmarks Liberale Parti","Jesper Kohberg-Skov, Aabenraa",0,Aabenraa Kommune,Nej,Nej
kommunalvalg,"V. Venstre, Danmarks Liberale Parti",Jesper Kongstad,0,Gribskov Kommune,Nej,Nej
kommunalvalg,"V. Venstre, Danmarks Liberale Parti","Jesper Lund Jensen, St. Andst",0,Vejen Kommune,Nej,Nej
kommunalvalg,"V. Venstre, Danmarks Liberale Parti","Jesper Løje, Nysted",0,Guldborgsund Kommune,Nej,Nej
kommunalvalg,"V. Venstre, Danmarks Liberale Parti",Jesper Martinusen,93,Odder Kommune,Nej,Nej
kommunalvalg,"V. Venstre, Danmarks Liberale Parti","Jesper Mølgaard Axelsen, Dybbøl",0,Sønderborg Kommune,Nej,Nej
kommunalvalg,"V. Venstre, Danmarks Liberale Parti",Jesper Rasmussen,3,Dragør Kommune,Nej,Nej
kommunalvalg,"V. Venstre, Danmarks Liberale Parti","Jesper Ringsmose, Svendborg",0,Svendborg Kommune,Nej,Nej
kommunalvalg,"V. Venstre, Danmarks Liberale Parti","Jesper Skov Mikkelsen, Hobro",1458,Mariagerfjord Kommune,Nej,Nej
kommunalvalg,"V. Venstre, Danmarks Liberale Parti",Jesper Sperling,0,Hørsholm Kommune,Nej,Nej
kommunalvalg,"V. Venstre, Danmarks Liberale Parti","Jesper Ullemose, Oure",0,Svendborg Kommune,Nej,Nej
kommunalvalg,"V. Venstre, Danmarks Liberale Parti",Jesper Volmer,0,Lolland Kommune,Nej,Nej
kommunalvalg,"V. Venstre, Danmarks Liberale Parti",Jesper Winther Andersen,0,Rudersdal Kommune,Nej,Nej
kommunalvalg,"V. Venstre, Danmarks Liberale Parti","Jess V. Laursen, Hadsund",171,Mariagerfjord Kommune,Nej,Nej
kommunalvalg,"V. Venstre, Danmarks Liberale Parti","Jette Asdal Nielsen, Greve Landsby",0,Greve Kommune,Nej,Nej
kommunalvalg,"V. Venstre, Danmarks Liberale Parti",Jette Fabech,0,Lyngby-Taarbæk Kommune,Nej,Nej
kommunalvalg,"V. Venstre, Danmarks Liberale Parti",Jette Kingod,0,Fredericia Kommune,Nej,Nej
kommunalvalg,"V. Venstre, Danmarks Liberale Parti","Jette Maul Nielsen, Grenaa",0,Norddjurs Kommune,Nej,Nej
kommunalvalg,"V. Venstre, Danmarks Liberale Parti",Jette Nygaard,0,Ringsted Kommune,Nej,Nej
kommunalvalg,"V. Venstre, Danmarks Liberale Parti",Jette Tibert,0,Herning Kommune,Nej,Nej
kommunalvalg,"V. Venstre, Danmarks Liberale Parti","Jill Byrdal, Skagen",0,Frederikshavn Kommune,Nej,Nej
kommunalvalg,"V. Venstre, Danmarks Liberale Parti","Jimmy Simonsen, Nordborg",0,Sønderborg Kommune,Nej,Nej
kommunalvalg,"V. Venstre, Danmarks Liberale Parti",Jimmy Støttrup,474,Vesthimmerlands Kommune,Nej,Nej
kommunalvalg,"V. Venstre, Danmarks Liberale Parti",Joachim Høyrup,0,Frederiksberg Kommune,Nej,Nej
kommunalvalg,"V. Venstre, Danmarks Liberale Parti",Joan Hansen,0,Herning Kommune,Nej,Nej
kommunalvalg,"V. Venstre, Danmarks Liberale Parti","Joe Michael Andreasen, Brøndbyvester",0,Brøndby Kommune,Nej,Nej
kommunalvalg,"V. Venstre, Danmarks Liberale Parti",Johan Alsøe,0,Københavns Kommune,Nej,Nej
kommunalvalg,"V. Venstre, Danmarks Liberale Parti",Johan Johansen,0,Tønder Kommune,Nej,Nej
kommunalvalg,"V. Venstre, Danmarks Liberale Parti","Johannes F. Vesterby, Viborg Kommune",453,Viborg Kommune,Nej,Nej
kommunalvalg,"V. Venstre, Danmarks Liberale Parti",Johannes Jørgensen,92,Morsø Kommune,Nej,Nej
kommunalvalg,"V. Venstre, Danmarks Liberale Parti",John Burke-Hansen,0,Nyborg Kommune,Nej,Nej
kommunalvalg,"V. Venstre, Danmarks Liberale Parti","John Dalsgaard, Magleby",0,Stevns Kommune,Nej,Nej
kommunalvalg,"V. Venstre, Danmarks Liberale Parti","John Finmann, Ebeltoft",82,Syddjurs Kommune,Nej,Nej
kommunalvalg,"V. Venstre, Danmarks Liberale Parti",John Jakobsen,0,Faaborg-Midtfyn Kommune,Nej,Nej
kommunalvalg,"V. Venstre, Danmarks Liberale Parti","John Kaptain, Dronninglund",0,Brønderslev Kommune,Nej,Nej
kommunalvalg,"V. Venstre, Danmarks Liberale Parti","John Kromann, Nørre Aaby",0,Middelfart Kommune,Nej,Nej
kommunalvalg,"V. Venstre, Danmarks Liberale Parti","John Madsen, Viborg",10,Viborg Kommune,Nej,Nej
kommunalvalg,"V. Venstre, Danmarks Liberale Parti",John Schmidt Andersen,0,Frederikssund Kommune,Nej,Nej
kommunalvalg,"V. Venstre, Danmarks Liberale Parti",John Thomsen,0,Herning Kommune,Nej,Nej
kommunalvalg,"V. Venstre, Danmarks Liberale Parti","Johnni Olesen, Hjallerup",0,Brønderslev Kommune,Nej,Nej
kommunalvalg,"V. Venstre, Danmarks Liberale Parti",Johnny Agerby,0,Ishøj Kommune,Nej,Nej
kommunalvalg,"V. Venstre, Danmarks Liberale Parti",Johnny B. L. Dahlgaard,0,Ringsted Kommune,Nej,Nej
kommunalvalg,"V. Venstre, Danmarks Liberale Parti",Johnny Hessellund,127,Ikast-Brande Kommune,Nej,Nej
kommunalvalg,"V. Venstre, Danmarks Liberale Parti",Johnny Persson,0,Slagelse Kommune,Nej,Nej
kommunalvalg,"V. Venstre, Danmarks Liberale Parti","Jon Andersen, Sæby",0,Frederikshavn Kommune,Nej,Nej
kommunalvalg,"V. Venstre, Danmarks Liberale Parti",Jon Bak Fabricius,0,Tønder Kommune,Nej,Nej
kommunalvalg,"V. Venstre, Danmarks Liberale Parti",Jonas Bøssing Nielsen,0,Københavns Kommune,Nej,Nej
kommunalvalg,"V. Venstre, Danmarks Liberale Parti","Jonas Kallan Langvad, Vonsild",498,Kolding Kommune,Nej,Nej
kommunalvalg,"V. Venstre, Danmarks Liberale Parti","Jonas Kramer, Horsens",0,Horsens Kommune,Nej,Nej
kommunalvalg,"V. Venstre, Danmarks Liberale Parti",Jonas Lundgren Korsgaard,57,Morsø Kommune,Nej,Nej
kommunalvalg,"V. Venstre, Danmarks Liberale Parti","Jonas Parello-Plesner, Gentofte",171,Gentofte Kommune,Nej,Nej
kommunalvalg,"V. Venstre, Danmarks Liberale Parti",Jonas Richardt Hansen,0,Odense Kommune,Nej,Nej
kommunalvalg,"V. Venstre, Danmarks Liberale Parti",Josefine Paaske,0,Køge Kommune,Nej,Nej
kommunalvalg,"V. Venstre, Danmarks Liberale Parti",Josh Bjørkman,0,Slagelse Kommune,Nej,Nej
kommunalvalg,"V. Venstre, Danmarks Liberale Parti","Juan Semir Sinou, Assens",0,Assens Kommune,Nej,Nej
kommunalvalg,"V. Venstre, Danmarks Liberale Parti",Julie Bruus Jensen,0,Odense Kommune,Nej,Nej
kommunalvalg,"V. Venstre, Danmarks Liberale Parti",Julie Quass,0,Rudersdal Kommune,Nej,Nej
kommunalvalg,"V. Venstre, Danmarks Liberale Parti","Jytte Jacobsen, Aabenraa",0,Aabenraa Kommune,Nej,Nej
kommunalvalg,"V. Venstre, Danmarks Liberale Parti",Jytte Knuth,0,Slagelse Kommune,Nej,Nej
kommunalvalg,"V. Venstre, Danmarks Liberale Parti",Jóhannes Miðskarð,0,Københavns Kommune,Nej,Nej
kommunalvalg,"V. Venstre, Danmarks Liberale Parti",Jørgen Barsøe,0,Ringsted Kommune,Nej,Nej
kommunalvalg,"V. Venstre, Danmarks Liberale Parti",Jørgen Bech,0,Frederikssund Kommune,Nej,Nej
kommunalvalg,"V. Venstre, Danmarks Liberale Parti","Jørgen Bonne, Brøndbyøster",0,Brøndby Kommune,Nej,Nej
kommunalvalg,"V. Venstre, Danmarks Liberale Parti",Jørgen Christiansen,0,Skive Kommune,Nej,Nej
kommunalvalg,"V. Venstre, Danmarks Liberale Parti",Jørgen Clement,0,Billund Kommune,Nej,Nej
kommunalvalg,"V. Venstre, Danmarks Liberale Parti",Jørgen Eirfeldt,0,Hørsholm Kommune,Nej,Nej
kommunalvalg,"V. Venstre, Danmarks Liberale Parti","Jørgen Ivar Brus Mikkelsen, Mols",443,Syddjurs Kommune,Nej,Nej
kommunalvalg,"V. Venstre, Danmarks Liberale Parti",Jørgen Jørgensen,0,Nyborg Kommune,Nej,Nej
kommunalvalg,"V. Venstre, Danmarks Liberale Parti","Jørgen Korshøj, Brædstrup",0,Horsens Kommune,Nej,Nej
kommunalvalg,"V. Venstre, Danmarks Liberale Parti","Jørgen Lastein, Jels",0,Vejen Kommune,Nej,Nej
kommunalvalg,"V. Venstre, Danmarks Liberale Parti","Jørgen Lykke Aagreen, Østervrå",0,Frederikshavn Kommune,Nej,Nej
kommunalvalg,"V. Venstre, Danmarks Liberale Parti",Jørgen Mikkelsen,0,Vejle Kommune,Nej,Nej
kommunalvalg,"V. Venstre, Danmarks Liberale Parti",Jørgen Oldenburg,0,Bornholms Regionskommune,Nej,Nej
kommunalvalg,"V. Venstre, Danmarks Liberale Parti","Jørgen Pontoppidan, Hobro",254,Mariagerfjord Kommune,Nej,Nej
kommunalvalg,"V. Venstre, Danmarks Liberale Parti",Jørgen Seyfarth,24,Fanø Kommune,Nej,Nej
kommunalvalg,"V. Venstre, Danmarks Liberale Parti","Jørgen Winther Øster, Tjele",396,Viborg Kommune,Nej,Nej
kommunalvalg,"V. Venstre, Danmarks Liberale Parti",Jørgen Ø. Johnsen,0,Aarhus Kommune,Nej,Nej
kommunalvalg,"V. Venstre, Danmarks Liberale Parti",Jørn Gustavsen,0,Nyborg Kommune,Nej,Nej
kommunalvalg,"V. Venstre, Danmarks Liberale Parti",Jørn Poulsen,0,Billund Kommune,Nej,Nej
kommunalvalg,"V. Venstre, Danmarks Liberale Parti",K. Liv Rasmussen,0,Kalundborg Kommune,Nej,Nej
kommunalvalg,"V. Venstre, Danmarks Liberale Parti",Kai Hansen,0,Odsherred Kommune,Nej,Nej
kommunalvalg,"V. Venstre, Danmarks Liberale Parti","Kai Hansen, Grenaa",0,Norddjurs Kommune,Nej,Nej
kommunalvalg,"V. Venstre, Danmarks Liberale Parti",Kai Nørholm,0,Herning Kommune,Nej,Nej
kommunalvalg,"V. Venstre, Danmarks Liberale Parti","Kaj Piilgaard Nielsen, Brenderup",0,Middelfart Kommune,Nej,Nej
kommunalvalg,"V. Venstre, Danmarks Liberale Parti",Kaj Refslund,0,Nyborg Kommune,Nej,Nej
kommunalvalg,"V. Venstre, Danmarks Liberale Parti","Kamma Skjøth Jessen, Holsted",0,Vejen Kommune,Nej,Nej
kommunalvalg,"V. Venstre, Danmarks Liberale Parti","Karen Kruse, Thurø",0,Svendborg Kommune,Nej,Nej
kommunalvalg,"V. Venstre, Danmarks Liberale Parti","Karen Løkke, Bøgesø",31,Næstved Kommune,Nej,Nej
kommunalvalg,"V. Venstre, Danmarks Liberale Parti","Karen Sandrini, Ribe",0,Esbjerg Kommune,Nej,Nej
kommunalvalg,"V. Venstre, Danmarks Liberale Parti","Karin Andersen, Hornbæk",0,Helsingør Kommune,Nej,Nej
kommunalvalg,"V. Venstre, Danmarks Liberale Parti",Karin Frøidt,123,Rødovre Kommune,Nej,Nej
kommunalvalg,"V. Venstre, Danmarks Liberale Parti",Karin Nødgaard,0,Ringsted Kommune,Nej,Nej
kommunalvalg,"V. Venstre, Danmarks Liberale Parti","Karin Riishede, Strib",0,Middelfart Kommune,Nej,Nej
kommunalvalg,"V. Venstre, Danmarks Liberale Parti",Karin Øgaard Petersen,0,Slagelse Kommune,Nej,Nej
kommunalvalg,"V. Venstre, Danmarks Liberale Parti","Karina Aamann, Horsens",0,Horsens Kommune,Nej,Nej
kommunalvalg,"V. Venstre, Danmarks Liberale Parti","Karina Foss, Møn",0,Vordingborg Kommune,Nej,Nej
kommunalvalg,"V. Venstre, Danmarks Liberale Parti","Karina Frederiksen, Greve",0,Greve Kommune,Nej,Nej
kommunalvalg,"V. Venstre, Danmarks Liberale Parti","Karina Fromberg, Præstø",0,Vordingborg Kommune,Nej,Nej
kommunalvalg,"V. Venstre, Danmarks Liberale Parti","Karina Helmer, Ugerløse",0,Holbæk Kommune,Nej,Nej
kommunalvalg,"V. Venstre, Danmarks Liberale Parti",Karl Skovgaard,0,Vejle Kommune,Nej,Nej
kommunalvalg,"V. Venstre, Danmarks Liberale Parti",Karl-Åge Hornshøj Poulsen,0,Kalundborg Kommune,Nej,Nej
kommunalvalg,"V. Venstre, Danmarks Liberale Parti","Karsten Degnbol, Darum",0,Esbjerg Kommune,Nej,Nej
kommunalvalg,"V. Venstre, Danmarks Liberale Parti",Karsten E. Møller,0,Tønder Kommune,Nej,Nej
kommunalvalg,"V. Venstre, Danmarks Liberale Parti",Karsten Jensen,0,Lolland Kommune,Nej,Nej
kommunalvalg,"V. Venstre, Danmarks Liberale Parti","Karsten Skov, Strøby Egede",0,Stevns Kommune,Nej,Nej
kommunalvalg,"V. Venstre, Danmarks Liberale Parti","Karsten Søndergaard, Smørum",0,Egedal Kommune,Nej,Nej
kommunalvalg,"V. Venstre, Danmarks Liberale Parti","Karsten Toksvig, Taastrup",0,Høje-Taastrup Kommune,Nej,Nej
kommunalvalg,"V. Venstre, Danmarks Liberale Parti","Kaspar  Kjærgaard, Knabstrup",0,Holbæk Kommune,Nej,Nej
kommunalvalg,"V. Venstre, Danmarks Liberale Parti","Kasper Bjerregaard, Lyngby",0,Norddjurs Kommune,Nej,Nej
kommunalvalg,"V. Venstre, Danmarks Liberale Parti","Kasper R. Nielsen, Viborg",83,Viborg Kommune,Nej,Nej
kommunalvalg,"V. Venstre, Danmarks Liberale Parti",Kasper Thomassen,0,Silkeborg Kommune,Nej,Nej
kommunalvalg,"V. Venstre, Danmarks Liberale Parti","Katarina Ammitzbøll, Charlottenlund",521,Gentofte Kommune,Nej,Nej
kommunalvalg,"V. Venstre, Danmarks Liberale Parti",Katri Berg,391,Ikast-Brande Kommune,Nej,Nej
kommunalvalg,"V. Venstre, Danmarks Liberale Parti","Katrine Fusager Rohde, Viborg",2641,Viborg Kommune,Nej,Nej
kommunalvalg,"V. Venstre, Danmarks Liberale Parti",Katrine Kildedal,199,Rebild Kommune,Nej,Nej
kommunalvalg,"V. Venstre, Danmarks Liberale Parti",Keen Andersen,0,Tønder Kommune,Nej,Nej
kommunalvalg,"V. Venstre, Danmarks Liberale Parti","Ken Guldberg Jespersen, Hundslev",25,Kerteminde Kommune,Nej,Nej
kommunalvalg,"V. Venstre, Danmarks Liberale Parti",Ken Kristensen,0,Køge Kommune,Nej,Nej
kommunalvalg,"V. Venstre, Danmarks Liberale Parti","Kenneth Krog, Mejrup",0,Holstebro Kommune,Nej,Nej
kommunalvalg,"V. Venstre, Danmarks Liberale Parti","Kenneth Kästner Jensen, Bramdrupdam",21,Kolding Kommune,Nej,Nej
kommunalvalg,"V. Venstre, Danmarks Liberale Parti",Kenneth Lind,0,Ringsted Kommune,Nej,Nej
kommunalvalg,"V. Venstre, Danmarks Liberale Parti",Kenneth Muhs,0,Nyborg Kommune,Nej,Nej
kommunalvalg,"V. Venstre, Danmarks Liberale Parti","Kenneth Sørensen, Holmegaard",1879,Næstved Kommune,Nej,Nej
kommunalvalg,"V. Venstre, Danmarks Liberale Parti",Kenneth Taanquist,0,Nyborg Kommune,Nej,Nej
kommunalvalg,"V. Venstre, Danmarks Liberale Parti","Kenneth Tønning, Holstebro",0,Holstebro Kommune,Nej,Nej
kommunalvalg,"V. Venstre, Danmarks Liberale Parti",Kenny Bruun Olsen,0,Fredericia Kommune,Nej,Nej
kommunalvalg,"V. Venstre, Danmarks Liberale Parti","Kent Mosgård, Middelfart",0,Middelfart Kommune,Nej,Nej
kommunalvalg,"V. Venstre, Danmarks Liberale Parti","Kent Røge, Kettrup",0,Jammerbugt Kommune,Nej,Nej
kommunalvalg,"V. Venstre, Danmarks Liberale Parti","Kim Fussing, Greve Midt",0,Greve Kommune,Nej,Nej
kommunalvalg,"V. Venstre, Danmarks Liberale Parti","Kim Jensen, Fjerritslev",0,Jammerbugt Kommune,Nej,Nej
kommunalvalg,"V. Venstre, Danmarks Liberale Parti","Kim Kliver, Havdrup",0,Solrød Kommune,Nej,Nej
kommunalvalg,"V. Venstre, Danmarks Liberale Parti",Kim Kristensen,0,Herlev Kommune,Nej,Nej
kommunalvalg,"V. Venstre, Danmarks Liberale Parti","Kim Krogh Nielsen, Karup",85,Viborg Kommune,Nej,Nej
kommunalvalg,"V. Venstre, Danmarks Liberale Parti","Kim Kær Nielsen, Rødvig",0,Stevns Kommune,Nej,Nej
kommunalvalg,"V. Venstre, Danmarks Liberale Parti",Kim Magnussen,0,Lejre Kommune,Nej,Nej
kommunalvalg,"V. Venstre, Danmarks Liberale Parti","Kim Malmberg Hansen, Holbæk",0,Holbæk Kommune,Nej,Nej
kommunalvalg,"V. Venstre, Danmarks Liberale Parti","Kim Michaelsen, Fynshav",0,Sønderborg Kommune,Nej,Nej
kommunalvalg,"V. Venstre, Danmarks Liberale Parti",Kim Nilum,0,Odense Kommune,Nej,Nej
kommunalvalg,"V. Venstre, Danmarks Liberale Parti",Kim Schjermer,151,Ikast-Brande Kommune,Nej,Nej
kommunalvalg,"V. Venstre, Danmarks Liberale Parti",Kim Standly,50,Morsø Kommune,Nej,Nej
kommunalvalg,"V. Venstre, Danmarks Liberale Parti","Kim Tapdrup, Rodskov",42,Syddjurs Kommune,Nej,Nej
kommunalvalg,"V. Venstre, Danmarks Liberale Parti",Kim Tuominen,0,Hedensted Kommune,Nej,Nej
kommunalvalg,"V. Venstre, Danmarks Liberale Parti",Kim Tygesen,0,Tønder Kommune,Nej,Nej
kommunalvalg,"V. Venstre, Danmarks Liberale Parti","Kim Vermø, Sørup",0,Svendborg Kommune,Nej,Nej
kommunalvalg,"V. Venstre, Danmarks Liberale Parti","Kirsten Buhl Christensen, Arentsminde",0,Jammerbugt Kommune,Nej,Nej
kommunalvalg,"V. Venstre, Danmarks Liberale Parti","Kirsten Elvstrøm, Vangede/Dyssegård",10,Gentofte Kommune,Nej,Nej
kommunalvalg,"V. Venstre, Danmarks Liberale Parti","Kirsten Marie Colding, Ålsgårde",0,Helsingør Kommune,Nej,Nej
kommunalvalg,"V. Venstre, Danmarks Liberale Parti",Kirsten-Marie Roed,0,Vejle Kommune,Nej,Nej
kommunalvalg,"V. Venstre, Danmarks Liberale Parti",Kitna Thomsen,0,Hvidovre Kommune,Nej,Nej
kommunalvalg,"V. Venstre, Danmarks Liberale Parti",Kjeld Callesen,0,Tønder Kommune,Nej,Nej
kommunalvalg,"V. Venstre, Danmarks Liberale Parti","Kjeld Kjeldsen, Dalby",148,Kolding Kommune,Nej,Nej
kommunalvalg,"V. Venstre, Danmarks Liberale Parti",Kjeld Neumann,0,Ishøj Kommune,Nej,Nej
kommunalvalg,"V. Venstre, Danmarks Liberale Parti",Kjeld Oksen,0,Tønder Kommune,Nej,Nej
kommunalvalg,"V. Venstre, Danmarks Liberale Parti",Kjeld Risom,0,Herning Kommune,Nej,Nej
kommunalvalg,"V. Venstre, Danmarks Liberale Parti","Kjeld Stærk, Sønderborg",0,Sønderborg Kommune,Nej,Nej
kommunalvalg,"V. Venstre, Danmarks Liberale Parti",Klaus Bay Mikkelsen,0,Kalundborg Kommune,Nej,Nej
kommunalvalg,"V. Venstre, Danmarks Liberale Parti",Klaus Hansen,0,Ringsted Kommune,Nej,Nej
kommunalvalg,"V. Venstre, Danmarks Liberale Parti","Klaus Riis Klæstrup, Brønderslev",0,Brønderslev Kommune,Nej,Nej
kommunalvalg,"V. Venstre, Danmarks Liberale Parti","Klaus Sandfeld, Ribe",0,Esbjerg Kommune,Nej,Nej
kommunalvalg,"V. Venstre, Danmarks Liberale Parti",Knud Knudsen,0,Lolland Kommune,Nej,Nej
kommunalvalg,"V. Venstre, Danmarks Liberale Parti","Knud Søby, Assens",0,Assens Kommune,Nej,Nej
kommunalvalg,"V. Venstre, Danmarks Liberale Parti",Knud Vincents,0,Slagelse Kommune,Nej,Nej
kommunalvalg,"V. Venstre, Danmarks Liberale Parti","Kris Mortensen, Nørre Aaby",0,Middelfart Kommune,Nej,Nej
kommunalvalg,"V. Venstre, Danmarks Liberale Parti","Kristian Egeskov Bonefeld, Snogbæk",0,Sønderborg Kommune,Nej,Nej
kommunalvalg,"V. Venstre, Danmarks Liberale Parti","Kristian Gade, Naur-Sir",0,Holstebro Kommune,Nej,Nej
kommunalvalg,"V. Venstre, Danmarks Liberale Parti",Kristian Kallenbach,0,Kalundborg Kommune,Nej,Nej
kommunalvalg,"V. Venstre, Danmarks Liberale Parti",Kristian Møller,0,Ringsted Kommune,Nej,Nej
kommunalvalg,"V. Venstre, Danmarks Liberale Parti",Kristian Nielsen,0,Københavns Kommune,Nej,Nej
kommunalvalg,"V. Venstre, Danmarks Liberale Parti","Kristian Nørgaard, Smørum",0,Egedal Kommune,Nej,Nej
kommunalvalg,"V. Venstre, Danmarks Liberale Parti",Kristian Pihl,0,Silkeborg Kommune,Nej,Nej
kommunalvalg,"V. Venstre, Danmarks Liberale Parti","Kristian Skov-Andersen, Næstved",160,Næstved Kommune,Nej,Nej
kommunalvalg,"V. Venstre, Danmarks Liberale Parti",Kristian Tanderup,185,Fredensborg Kommune,Nej,Nej
kommunalvalg,"V. Venstre, Danmarks Liberale Parti",Kristian Wismann Kurlink,0,Lyngby-Taarbæk Kommune,Nej,Nej
kommunalvalg,"V. Venstre, Danmarks Liberale Parti",Kristina Delff Hedegaard,0,Slagelse Kommune,Nej,Nej
kommunalvalg,"V. Venstre, Danmarks Liberale Parti","Kristina Kongsted, Ålsgårde",0,Helsingør Kommune,Nej,Nej
kommunalvalg,"V. Venstre, Danmarks Liberale Parti","Kristina Themsen, Bårse",0,Vordingborg Kommune,Nej,Nej
kommunalvalg,"V. Venstre, Danmarks Liberale Parti","Kristine Winther Thomsen, Ebberup",0,Assens Kommune,Nej,Nej
kommunalvalg,"V. Venstre, Danmarks Liberale Parti","Kurt Bjerrum, Jernved",0,Esbjerg Kommune,Nej,Nej
kommunalvalg,"V. Venstre, Danmarks Liberale Parti","Kurt Damsted, Brøndbyvester",0,Brøndby Kommune,Nej,Nej
kommunalvalg,"V. Venstre, Danmarks Liberale Parti","Kurt Johansen, Skals",273,Viborg Kommune,Nej,Nej
kommunalvalg,"V. Venstre, Danmarks Liberale Parti","Kurt Mosgaard, Mønsted",396,Viborg Kommune,Nej,Nej
kommunalvalg,"V. Venstre, Danmarks Liberale Parti",Kurt Nielsen,0,Skive Kommune,Nej,Nej
kommunalvalg,"V. Venstre, Danmarks Liberale Parti",Kåre Traberg Smidt,0,Københavns Kommune,Nej,Nej
kommunalvalg,"V. Venstre, Danmarks Liberale Parti",Laila Leerholm,298,Ikast-Brande Kommune,Nej,Nej
kommunalvalg,"V. Venstre, Danmarks Liberale Parti",Lars Andresen,359,Vesthimmerlands Kommune,Nej,Nej
kommunalvalg,"V. Venstre, Danmarks Liberale Parti","Lars Bech-Jørgensen, Lillerød",0,Allerød Kommune,Nej,Nej
kommunalvalg,"V. Venstre, Danmarks Liberale Parti","Lars Berg, Væggerløse",0,Guldborgsund Kommune,Nej,Nej
kommunalvalg,"V. Venstre, Danmarks Liberale Parti",Lars Christian Lilleholt,0,Odense Kommune,Nej,Nej
kommunalvalg,"V. Venstre, Danmarks Liberale Parti",Lars Christoffersen,8,Fanø Kommune,Nej,Nej
kommunalvalg,"V. Venstre, Danmarks Liberale Parti",Lars Deleuran,0,Køge Kommune,Nej,Nej
kommunalvalg,"V. Venstre, Danmarks Liberale Parti",Lars Egedal,116,Fredensborg Kommune,Nej,Nej
kommunalvalg,"V. Venstre, Danmarks Liberale Parti","Lars Ejgaard Bissenbacker, Varde",0,Varde Kommune,Nej,Nej
kommunalvalg,"V. Venstre, Danmarks Liberale Parti",Lars Frederik Thalbitzer,0,Hørsholm Kommune,Nej,Nej
kommunalvalg,"V. Venstre, Danmarks Liberale Parti","Lars Gerner, Ebeltoft",186,Syddjurs Kommune,Nej,Nej
kommunalvalg,"V. Venstre, Danmarks Liberale Parti",Lars H. Snejbjerg,0,Lemvig Kommune,Nej,Nej
kommunalvalg,"V. Venstre, Danmarks Liberale Parti","Lars Høgh, Tornby",560,Hjørring Kommune,Nej,Nej
kommunalvalg,"V. Venstre, Danmarks Liberale Parti","Lars Jensen, Horsens",0,Horsens Kommune,Nej,Nej
kommunalvalg,"V. Venstre, Danmarks Liberale Parti",Lars Kjærhus,0,Billund Kommune,Nej,Nej
kommunalvalg,"V. Venstre, Danmarks Liberale Parti",Lars Kristensen,0,Rudersdal Kommune,Nej,Nej
kommunalvalg,"V. Venstre, Danmarks Liberale Parti","Lars Kristensen, Bov",0,Aabenraa Kommune,Nej,Nej
kommunalvalg,"V. Venstre, Danmarks Liberale Parti",Lars L. Olsen,0,Ringsted Kommune,Nej,Nej
kommunalvalg,"V. Venstre, Danmarks Liberale Parti",Lars Lyhne,238,Ikast-Brande Kommune,Nej,Nej
kommunalvalg,"V. Venstre, Danmarks Liberale Parti","Lars Nielsen, Ørsted",0,Norddjurs Kommune,Nej,Nej
kommunalvalg,"V. Venstre, Danmarks Liberale Parti",Lars Poulsen,0,Hedensted Kommune,Nej,Nej
kommunalvalg,"V. Venstre, Danmarks Liberale Parti",Lars Redder Jakobsen,0,Ringkøbing-Skjern Kommune,Nej,Nej
kommunalvalg,"V. Venstre, Danmarks Liberale Parti","Lars S. Ellegaard, Middelfart",0,Middelfart Kommune,Nej,Nej
kommunalvalg,"V. Venstre, Danmarks Liberale Parti","Lars Sandberg, Middelfart",0,Middelfart Kommune,Nej,Nej
kommunalvalg,"V. Venstre, Danmarks Liberale Parti",Lars Scheby,0,Faaborg-Midtfyn Kommune,Nej,Nej
kommunalvalg,"V. Venstre, Danmarks Liberale Parti","Lars Søgaard, Langå",0,Randers Kommune,Nej,Nej
kommunalvalg,"V. Venstre, Danmarks Liberale Parti",Lars Søndergaard,291,Fredensborg Kommune,Nej,Nej
kommunalvalg,"V. Venstre, Danmarks Liberale Parti","Lars Teglgaard, Ølgod",0,Varde Kommune,Nej,Nej
kommunalvalg,"V. Venstre, Danmarks Liberale Parti",Lars Tribler,0,Faaborg-Midtfyn Kommune,Nej,Nej
kommunalvalg,"V. Venstre, Danmarks Liberale Parti","Lars Voldsgaard, Tommerup",0,Assens Kommune,Nej,Nej
kommunalvalg,"V. Venstre, Danmarks Liberale Parti","Lars Østergaard, Grenaa",0,Norddjurs Kommune,Nej,Nej
kommunalvalg,"V. Venstre, Danmarks Liberale Parti","Lars-Peter Boel, Skallerup",361,Hjørring Kommune,Nej,Nej
kommunalvalg,"V. Venstre, Danmarks Liberale Parti","Larysa Novikova, Varde",0,Varde Kommune,Nej,Nej
kommunalvalg,"V. Venstre, Danmarks Liberale Parti",Lasse Hildingberg,0,Fredericia Kommune,Nej,Nej
kommunalvalg,"V. Venstre, Danmarks Liberale Parti",Lasse Hjorth Jørgensen,0,Herning Kommune,Nej,Nej
kommunalvalg,"V. Venstre, Danmarks Liberale Parti",Lasse Krogh Larsen,112,Morsø Kommune,Nej,Nej
kommunalvalg,"V. Venstre, Danmarks Liberale Parti",Lasse Mølholt,0,Ringsted Kommune,Nej,Nej
kommunalvalg,"V. Venstre, Danmarks Liberale Parti","Lasse Riisgaard, Brønderslev",0,Brønderslev Kommune,Nej,Nej
kommunalvalg,"V. Venstre, Danmarks Liberale Parti",Laura Mortensen,225,Fredensborg Kommune,Nej,Nej
kommunalvalg,"V. Venstre, Danmarks Liberale Parti",Laurits Mols,0,Vejle Kommune,Nej,Nej
kommunalvalg,"V. Venstre, Danmarks Liberale Parti",Laurits Nyholm Andersen,0,Aarhus Kommune,Nej,Nej
kommunalvalg,"V. Venstre, Danmarks Liberale Parti","Leif Brøgger, Nr. Felding",0,Holstebro Kommune,Nej,Nej
kommunalvalg,"V. Venstre, Danmarks Liberale Parti",Leif Gull Storbank,0,Billund Kommune,Nej,Nej
kommunalvalg,"V. Venstre, Danmarks Liberale Parti",Leif Høeg Jensen,0,Tønder Kommune,Nej,Nej
kommunalvalg,"V. Venstre, Danmarks Liberale Parti","Leif Poulsen, Ølgod",0,Varde Kommune,Nej,Nej
kommunalvalg,"V. Venstre, Danmarks Liberale Parti","Lena Grøndal Kaspersen, Brenderup",0,Middelfart Kommune,Nej,Nej
kommunalvalg,"V. Venstre, Danmarks Liberale Parti",Lena Holm Jensen Lindskog,0,Københavns Kommune,Nej,Nej
kommunalvalg,"V. Venstre, Danmarks Liberale Parti",Lene Aagaard,113,Odder Kommune,Nej,Nej
kommunalvalg,"V. Venstre, Danmarks Liberale Parti",Lene Ladegaard,290,Vesthimmerlands Kommune,Nej,Nej
kommunalvalg,"V. Venstre, Danmarks Liberale Parti",Lene Mortensen,0,Odsherred Kommune,Nej,Nej
kommunalvalg,"V. Venstre, Danmarks Liberale Parti","Lene Mølbak, Jersie Strand",0,Solrød Kommune,Nej,Nej
kommunalvalg,"V. Venstre, Danmarks Liberale Parti",Lene Stevnhoved,0,Køge Kommune,Nej,Nej
kommunalvalg,"V. Venstre, Danmarks Liberale Parti","Lennarth Hansen, Kolding",269,Kolding Kommune,Nej,Nej
kommunalvalg,"V. Venstre, Danmarks Liberale Parti",Leon Tilgaard,0,Hvidovre Kommune,Nej,Nej
kommunalvalg,"V. Venstre, Danmarks Liberale Parti",Linda Oksen,0,Tønder Kommune,Nej,Nej
kommunalvalg,"V. Venstre, Danmarks Liberale Parti",Line Nordli,0,Skive Kommune,Nej,Nej
kommunalvalg,"V. Venstre, Danmarks Liberale Parti","Line Thingberg, Middelfart",0,Middelfart Kommune,Nej,Nej
kommunalvalg,"V. Venstre, Danmarks Liberale Parti","Line Vanggaard Pedersen, Jerslev",0,Brønderslev Kommune,Nej,Nej
kommunalvalg,"V. Venstre, Danmarks Liberale Parti","Linette Uggerly Boysen, Hørby",38,Mariagerfjord Kommune,Nej,Nej
kommunalvalg,"V. Venstre, Danmarks Liberale Parti",Lis Lykke,0,Odsherred Kommune,Nej,Nej
kommunalvalg,"V. Venstre, Danmarks Liberale Parti","Lisa H. Pedersen, Hjørring",45,Hjørring Kommune,Nej,Nej
kommunalvalg,"V. Venstre, Danmarks Liberale Parti","Lisa Jonasson, Broager",0,Sønderborg Kommune,Nej,Nej
kommunalvalg,"V. Venstre, Danmarks Liberale Parti","Lisa Kronborg Sørensen, Tranum",0,Jammerbugt Kommune,Nej,Nej
kommunalvalg,"V. Venstre, Danmarks Liberale Parti",Lisbet Jensen,0,Frederikssund Kommune,Nej,Nej
kommunalvalg,"V. Venstre, Danmarks Liberale Parti","Lisbeth Kjærholt, Fløng",0,Høje-Taastrup Kommune,Nej,Nej
kommunalvalg,"V. Venstre, Danmarks Liberale Parti","Lisbeth Skov, Lynge",0,Allerød Kommune,Nej,Nej
kommunalvalg,"V. Venstre, Danmarks Liberale Parti",Lise Lotte Due,0,Frederikssund Kommune,Nej,Nej
kommunalvalg,"V. Venstre, Danmarks Liberale Parti",Listestemmer,13586,Lemvig Kommune,Nej,Nej
kommunalvalg,"V. Venstre, Danmarks Liberale Parti",Liv Ásta Holst Nielsen,0,Nyborg Kommune,Nej,Nej
kommunalvalg,"V. Venstre, Danmarks Liberale Parti",Liva Nørskov Heller,0,Hørsholm Kommune,Nej,Nej
kommunalvalg,"V. Venstre, Danmarks Liberale Parti",Lone Andersen,0,Ringkøbing-Skjern Kommune,Nej,Nej
kommunalvalg,"V. Venstre, Danmarks Liberale Parti",Lone C. Rahr Madsen,0,Tønder Kommune,Nej,Nej
kommunalvalg,"V. Venstre, Danmarks Liberale Parti",Lone Haargaard,0,Aarhus Kommune,Nej,Nej
kommunalvalg,"V. Venstre, Danmarks Liberale Parti",Lone Hudecek Ovesen,0,Billund Kommune,Nej,Nej
kommunalvalg,"V. Venstre, Danmarks Liberale Parti",Lone Ipsen,0,Lejre Kommune,Nej,Nej
kommunalvalg,"V. Venstre, Danmarks Liberale Parti","Lone Kastberg, Møldrup",684,Viborg Kommune,Nej,Nej
kommunalvalg,"V. Venstre, Danmarks Liberale Parti",Lone Krog,0,Herning Kommune,Nej,Nej
kommunalvalg,"V. Venstre, Danmarks Liberale Parti","Lone Mortensen, Greve",0,Greve Kommune,Nej,Nej
kommunalvalg,"V. Venstre, Danmarks Liberale Parti","Lone Olsen, Tårs",365,Hjørring Kommune,Nej,Nej
kommunalvalg,"V. Venstre, Danmarks Liberale Parti","Lone Sondrup, Glenstrup",198,Mariagerfjord Kommune,Nej,Nej
kommunalvalg,"V. Venstre, Danmarks Liberale Parti",Lone Sønderbo,0,Hørsholm Kommune,Nej,Nej
kommunalvalg,"V. Venstre, Danmarks Liberale Parti",Lotte Birkestrøm,0,Ringsted Kommune,Nej,Nej
kommunalvalg,"V. Venstre, Danmarks Liberale Parti",Lotte Greve,0,Lejre Kommune,Nej,Nej
kommunalvalg,"V. Venstre, Danmarks Liberale Parti","Lotte Rasmussen, Greve",0,Greve Kommune,Nej,Nej
kommunalvalg,"V. Venstre, Danmarks Liberale Parti",Louis Lindholm,0,Fredericia Kommune,Nej,Nej
kommunalvalg,"V. Venstre, Danmarks Liberale Parti","Louise Frilev, Hirtshals",192,Hjørring Kommune,Nej,Nej
kommunalvalg,"V. Venstre, Danmarks Liberale Parti","Louise Høeg, Hornbæk",0,Randers Kommune,Nej,Nej
kommunalvalg,"V. Venstre, Danmarks Liberale Parti","Louise Irgens, Solrød Strand",0,Solrød Kommune,Nej,Nej
kommunalvalg,"V. Venstre, Danmarks Liberale Parti",Louise Louring,1204,Odder Kommune,Nej,Nej
kommunalvalg,"V. Venstre, Danmarks Liberale Parti","Louise Madsgaard, Nibe",0,Aalborg Kommune,Nej,Nej
kommunalvalg,"V. Venstre, Danmarks Liberale Parti",Louise Theilade Thomsen,0,Københavns Kommune,Nej,Nej
kommunalvalg,"V. Venstre, Danmarks Liberale Parti","Lucas Berggren, Vorup",0,Randers Kommune,Nej,Nej
kommunalvalg,"V. Venstre, Danmarks Liberale Parti","Luise Hjortebjerg, Charlottenlund",220,Gentofte Kommune,Nej,Nej
kommunalvalg,"V. Venstre, Danmarks Liberale Parti",Luna Solhave,0,Københavns Kommune,Nej,Nej
kommunalvalg,"V. Venstre, Danmarks Liberale Parti",Mads Amstrup,0,Aarhus Kommune,Nej,Nej
kommunalvalg,"V. Venstre, Danmarks Liberale Parti","Mads Emil Møller, Båring Vig",0,Middelfart Kommune,Nej,Nej
kommunalvalg,"V. Venstre, Danmarks Liberale Parti",Mads Frandsen,0,Silkeborg Kommune,Nej,Nej
kommunalvalg,"V. Venstre, Danmarks Liberale Parti",Mads Graves Larsen,0,Odense Kommune,Nej,Nej
kommunalvalg,"V. Venstre, Danmarks Liberale Parti","Mads Hagen, Sønderborg",0,Sønderborg Kommune,Nej,Nej
kommunalvalg,"V. Venstre, Danmarks Liberale Parti",Mads Holm Danielsen,119,Rebild Kommune,Nej,Nej
kommunalvalg,"V. Venstre, Danmarks Liberale Parti",Mads Jansen,0,Vejle Kommune,Nej,Nej
kommunalvalg,"V. Venstre, Danmarks Liberale Parti","Mads Jessen Jensen, Espergærde",0,Helsingør Kommune,Nej,Nej
kommunalvalg,"V. Venstre, Danmarks Liberale Parti","Mads Justsen, Jægersborg",81,Gentofte Kommune,Nej,Nej
kommunalvalg,"V. Venstre, Danmarks Liberale Parti",Mads Olsen,0,Kalundborg Kommune,Nej,Nej
kommunalvalg,"V. Venstre, Danmarks Liberale Parti",Mads Reiflin Johannessen,0,Odense Kommune,Nej,Nej
kommunalvalg,"V. Venstre, Danmarks Liberale Parti",Mads Søbye Helbo,0,Billund Kommune,Nej,Nej
kommunalvalg,"V. Venstre, Danmarks Liberale Parti",Magnus Rasmussen,0,Albertslund Kommune,Nej,Nej
kommunalvalg,"V. Venstre, Danmarks Liberale Parti","Maj-Britt Kjær, Vestbjerg",0,Aalborg Kommune,Nej,Nej
kommunalvalg,"V. Venstre, Danmarks Liberale Parti",Maja Krogsgaard,0,Lemvig Kommune,Nej,Nej
kommunalvalg,"V. Venstre, Danmarks Liberale Parti","Maja Torp, Aalborg",0,Aalborg Kommune,Nej,Nej
kommunalvalg,"V. Venstre, Danmarks Liberale Parti",Majbrit Franklin Kock,28,Ærø Kommune,Nej,Nej
kommunalvalg,"V. Venstre, Danmarks Liberale Parti","Majbrit Nørgaard, Ravnstrup",346,Viborg Kommune,Nej,Nej
kommunalvalg,"V. Venstre, Danmarks Liberale Parti",Majbrit Rasmussen,0,Billund Kommune,Nej,Nej
kommunalvalg,"V. Venstre, Danmarks Liberale Parti",Malene Barkhus,0,Rudersdal Kommune,Nej,Nej
kommunalvalg,"V. Venstre, Danmarks Liberale Parti","Malene Fisker, Brønderslev",0,Brønderslev Kommune,Nej,Nej
kommunalvalg,"V. Venstre, Danmarks Liberale Parti",Malene Jøns,0,Herning Kommune,Nej,Nej
kommunalvalg,"V. Venstre, Danmarks Liberale Parti",Malene Riberholdt Christensen,0,Herning Kommune,Nej,Nej
kommunalvalg,"V. Venstre, Danmarks Liberale Parti",Malene Sandfeld,0,Frederiksberg Kommune,Nej,Nej
kommunalvalg,"V. Venstre, Danmarks Liberale Parti",Malene Søndergaard Nyby,258,Morsø Kommune,Nej,Nej
kommunalvalg,"V. Venstre, Danmarks Liberale Parti","Malou Skeel, Aabybro",0,Jammerbugt Kommune,Nej,Nej
kommunalvalg,"V. Venstre, Danmarks Liberale Parti",Malte Houe,646,Morsø Kommune,Nej,Nej
kommunalvalg,"V. Venstre, Danmarks Liberale Parti",Malte Valentin Rieva,20,Hillerød Kommune,Nej,Nej
kommunalvalg,"V. Venstre, Danmarks Liberale Parti",Malthe Broe,0,Silkeborg Kommune,Nej,Nej
kommunalvalg,"V. Venstre, Danmarks Liberale Parti",Malue Henriksen,0,Københavns Kommune,Nej,Nej
kommunalvalg,"V. Venstre, Danmarks Liberale Parti","Marc Genning, Karlslunde",0,Greve Kommune,Nej,Nej
kommunalvalg,"V. Venstre, Danmarks Liberale Parti","Marc Melgaard, Strib",0,Middelfart Kommune,Nej,Nej
kommunalvalg,"V. Venstre, Danmarks Liberale Parti",Marcus Danielsson,0,Slagelse Kommune,Nej,Nej
kommunalvalg,"V. Venstre, Danmarks Liberale Parti","Margit Chemnitz, Klokkerholm",0,Brønderslev Kommune,Nej,Nej
kommunalvalg,"V. Venstre, Danmarks Liberale Parti",Margot Riis,0,Københavns Kommune,Nej,Nej
kommunalvalg,"V. Venstre, Danmarks Liberale Parti",Maria A. Thomsen,8,Morsø Kommune,Nej,Nej
kommunalvalg,"V. Venstre, Danmarks Liberale Parti","Maria Høj Pedersen, Sønderris",0,Esbjerg Kommune,Nej,Nej
kommunalvalg,"V. Venstre, Danmarks Liberale Parti","Maria Martens, Lille Næstved",48,Næstved Kommune,Nej,Nej
kommunalvalg,"V. Venstre, Danmarks Liberale Parti",Maria Ronild,0,Ishøj Kommune,Nej,Nej
kommunalvalg,"V. Venstre, Danmarks Liberale Parti","Maria Tørnsø Østergaard, Lillerød",0,Allerød Kommune,Nej,Nej
kommunalvalg,"V. Venstre, Danmarks Liberale Parti","Mariane Andersen, Birkelse",0,Jammerbugt Kommune,Nej,Nej
kommunalvalg,"V. Venstre, Danmarks Liberale Parti",Marianne Bjørn,0,Herning Kommune,Nej,Nej
kommunalvalg,"V. Venstre, Danmarks Liberale Parti",Marianne Husted,0,Lejre Kommune,Nej,Nej
kommunalvalg,"V. Venstre, Danmarks Liberale Parti","Marianne Kirkegaard, Hornslet",176,Syddjurs Kommune,Nej,Nej
kommunalvalg,"V. Venstre, Danmarks Liberale Parti","Marianne Kyed, Båring",0,Middelfart Kommune,Nej,Nej
kommunalvalg,"V. Venstre, Danmarks Liberale Parti",Marianne Larsen,0,Faaborg-Midtfyn Kommune,Nej,Nej
kommunalvalg,"V. Venstre, Danmarks Liberale Parti",Marianne Moegreen,0,Københavns Kommune,Nej,Nej
kommunalvalg,"V. Venstre, Danmarks Liberale Parti",Marianne Oksbjerre,79,Ikast-Brande Kommune,Nej,Nej
kommunalvalg,"V. Venstre, Danmarks Liberale Parti",Maricel Frandsen,0,Lolland Kommune,Nej,Nej
kommunalvalg,"V. Venstre, Danmarks Liberale Parti","Marie Brixtofte, Hellerup",2731,Gentofte Kommune,Nej,Nej
kommunalvalg,"V. Venstre, Danmarks Liberale Parti",Marie Juul Moustesgaard,0,Ringkøbing-Skjern Kommune,Nej,Nej
kommunalvalg,"V. Venstre, Danmarks Liberale Parti",Marie Kamp From,0,Ringkøbing-Skjern Kommune,Nej,Nej
kommunalvalg,"V. Venstre, Danmarks Liberale Parti","Marina Klein, Kilden",0,Frederikshavn Kommune,Nej,Nej
kommunalvalg,"V. Venstre, Danmarks Liberale Parti","Marion Mortensen, Gesten",0,Vejen Kommune,Nej,Nej
kommunalvalg,"V. Venstre, Danmarks Liberale Parti",Mark Grossmann,0,Odense Kommune,Nej,Nej
kommunalvalg,"V. Venstre, Danmarks Liberale Parti",Marlene Ambo-Rasmussen,0,Odense Kommune,Nej,Nej
kommunalvalg,"V. Venstre, Danmarks Liberale Parti","Martin Boye, Københoved",0,Vejen Kommune,Nej,Nej
kommunalvalg,"V. Venstre, Danmarks Liberale Parti","Martin Brag, Bjergby",155,Hjørring Kommune,Nej,Nej
kommunalvalg,"V. Venstre, Danmarks Liberale Parti",Martin Christensen,0,Aarhus Kommune,Nej,Nej
kommunalvalg,"V. Venstre, Danmarks Liberale Parti",Martin Damm,0,Kalundborg Kommune,Nej,Nej
kommunalvalg,"V. Venstre, Danmarks Liberale Parti",Martin Ditlevsen,0,Fredericia Kommune,Nej,Nej
kommunalvalg,"V. Venstre, Danmarks Liberale Parti",Martin Ebmark,0,Billund Kommune,Nej,Nej
kommunalvalg,"V. Venstre, Danmarks Liberale Parti",Martin Eskildsen,0,Hvidovre Kommune,Nej,Nej
kommunalvalg,"V. Venstre, Danmarks Liberale Parti","Martin Grønkjær, Brøndby Strand",0,Brøndby Kommune,Nej,Nej
kommunalvalg,"V. Venstre, Danmarks Liberale Parti","Martin Hansen, Bylderup-Bov",0,Aabenraa Kommune,Nej,Nej
kommunalvalg,"V. Venstre, Danmarks Liberale Parti","Martin Holgersen, Greve",0,Greve Kommune,Nej,Nej
kommunalvalg,"V. Venstre, Danmarks Liberale Parti",Martin Huus,0,Nyborg Kommune,Nej,Nej
kommunalvalg,"V. Venstre, Danmarks Liberale Parti","Martin Ingemann-Kristiansen, Virring",0,Skanderborg Kommune,Nej,Nej
kommunalvalg,"V. Venstre, Danmarks Liberale Parti",Martin Iversen,0,Tønder Kommune,Nej,Nej
kommunalvalg,"V. Venstre, Danmarks Liberale Parti","Martin Kaszubinska Pedersen, Brylle",0,Assens Kommune,Nej,Nej
kommunalvalg,"V. Venstre, Danmarks Liberale Parti","Martin Kjeller Petersen, Oksbøl",0,Varde Kommune,Nej,Nej
kommunalvalg,"V. Venstre, Danmarks Liberale Parti",Martin Kruse,10,Faxe Kommune,Nej,Nej
kommunalvalg,"V. Venstre, Danmarks Liberale Parti",Martin Lastrup Hviid,0,Lejre Kommune,Nej,Nej
kommunalvalg,"V. Venstre, Danmarks Liberale Parti","Martin Lønborg, Lørslev",118,Hjørring Kommune,Nej,Nej
kommunalvalg,"V. Venstre, Danmarks Liberale Parti","Martin Ravn, Horsens",0,Horsens Kommune,Nej,Nej
kommunalvalg,"V. Venstre, Danmarks Liberale Parti","Mathias Christensen, Brønderslev",0,Brønderslev Kommune,Nej,Nej
kommunalvalg,"V. Venstre, Danmarks Liberale Parti","Mathias Hasager, Aalborg",0,Aalborg Kommune,Nej,Nej
kommunalvalg,"V. Venstre, Danmarks Liberale Parti",Mathias Jensen,11,Hillerød Kommune,Nej,Nej
kommunalvalg,"V. Venstre, Danmarks Liberale Parti",Mathias Morgen,0,Herning Kommune,Nej,Nej
kommunalvalg,"V. Venstre, Danmarks Liberale Parti","Mathias von Jessen, Vangede",43,Gentofte Kommune,Nej,Nej
kommunalvalg,"V. Venstre, Danmarks Liberale Parti",Mathilde Hjort Bressum,0,Aarhus Kommune,Nej,Nej
kommunalvalg,"V. Venstre, Danmarks Liberale Parti","Mattias Wennbring, Brønderslev",0,Brønderslev Kommune,Nej,Nej
kommunalvalg,"V. Venstre, Danmarks Liberale Parti","Max S. Andersen, Vordingborg",0,Vordingborg Kommune,Nej,Nej
kommunalvalg,"V. Venstre, Danmarks Liberale Parti",Mazlum Øz,0,Ringsted Kommune,Nej,Nej
kommunalvalg,"V. Venstre, Danmarks Liberale Parti","Medhat Khattab, Svendborg",0,Svendborg Kommune,Nej,Nej
kommunalvalg,"V. Venstre, Danmarks Liberale Parti",Merete Meyer,0,Lolland Kommune,Nej,Nej
kommunalvalg,"V. Venstre, Danmarks Liberale Parti",Merete Skovgaard,0,Hedensted Kommune,Nej,Nej
kommunalvalg,"V. Venstre, Danmarks Liberale Parti","Mette Bay Velling, Mariager",246,Mariagerfjord Kommune,Nej,Nej
kommunalvalg,"V. Venstre, Danmarks Liberale Parti",Mette Byrdal,0,Tårnby Kommune,Nej,Nej
kommunalvalg,"V. Venstre, Danmarks Liberale Parti",Mette Dunker,0,Køge Kommune,Nej,Nej
kommunalvalg,"V. Venstre, Danmarks Liberale Parti","Mette Hardam, Lyngså",0,Frederikshavn Kommune,Nej,Nej
kommunalvalg,"V. Venstre, Danmarks Liberale Parti",Mette Herløv Jepsen,0,Hedensted Kommune,Nej,Nej
kommunalvalg,"V. Venstre, Danmarks Liberale Parti","Mette Hjorth Hager Petermann, Ribe",0,Esbjerg Kommune,Nej,Nej
kommunalvalg,"V. Venstre, Danmarks Liberale Parti",Mette Jacobsen,0,Herlev Kommune,Nej,Nej
kommunalvalg,"V. Venstre, Danmarks Liberale Parti","Mette Kristensen, Gudme",0,Svendborg Kommune,Nej,Nej
kommunalvalg,"V. Venstre, Danmarks Liberale Parti","Mette Lene Jensen, Espergærde",0,Helsingør Kommune,Nej,Nej
kommunalvalg,"V. Venstre, Danmarks Liberale Parti",Mette Marie Christensen,0,Faaborg-Midtfyn Kommune,Nej,Nej
kommunalvalg,"V. Venstre, Danmarks Liberale Parti",Mette Marie Frandsen,158,Vesthimmerlands Kommune,Nej,Nej
kommunalvalg,"V. Venstre, Danmarks Liberale Parti","Mette Marie Thomsen, Vinderup",0,Holstebro Kommune,Nej,Nej
kommunalvalg,"V. Venstre, Danmarks Liberale Parti",Mette Riis Schmidt,0,Odsherred Kommune,Nej,Nej
kommunalvalg,"V. Venstre, Danmarks Liberale Parti","Mette Skovgaard, Blovstrød",0,Allerød Kommune,Nej,Nej
kommunalvalg,"V. Venstre, Danmarks Liberale Parti",Mette Wigand Bode,0,Køge Kommune,Nej,Nej
kommunalvalg,"V. Venstre, Danmarks Liberale Parti","Michael Bengtson, Grenaa",0,Norddjurs Kommune,Nej,Nej
kommunalvalg,"V. Venstre, Danmarks Liberale Parti",Michael Egelund,0,Herlev Kommune,Nej,Nej
kommunalvalg,"V. Venstre, Danmarks Liberale Parti","Michael Engbjerg, Hirtshals",392,Hjørring Kommune,Nej,Nej
kommunalvalg,"V. Venstre, Danmarks Liberale Parti","Michael Frandsen, Taastrup",0,Høje-Taastrup Kommune,Nej,Nej
kommunalvalg,"V. Venstre, Danmarks Liberale Parti","Michael Jensen, Hadsten",64,Favrskov Kommune,Nej,Nej
kommunalvalg,"V. Venstre, Danmarks Liberale Parti",Michael Larsen,0,Herning Kommune,Nej,Nej
kommunalvalg,"V. Venstre, Danmarks Liberale Parti","Michael Leuenhagen, Tjæreborg",0,Esbjerg Kommune,Nej,Nej
kommunalvalg,"V. Venstre, Danmarks Liberale Parti",Michael Najbjerg Jakobsen,0,Herning Kommune,Nej,Nej
kommunalvalg,"V. Venstre, Danmarks Liberale Parti","Michael Nøhr, Klejtrup",372,Viborg Kommune,Nej,Nej
kommunalvalg,"V. Venstre, Danmarks Liberale Parti","Michael Nørregaard, Lillerød",0,Allerød Kommune,Nej,Nej
kommunalvalg,"V. Venstre, Danmarks Liberale Parti",Michael Rusbjerg,0,Herlev Kommune,Nej,Nej
kommunalvalg,"V. Venstre, Danmarks Liberale Parti",Michael Schrøder,0,Frederiksberg Kommune,Nej,Nej
kommunalvalg,"V. Venstre, Danmarks Liberale Parti","Michael Seiding Larsen, Vordingborg",0,Vordingborg Kommune,Nej,Nej
kommunalvalg,"V. Venstre, Danmarks Liberale Parti",Michael Strand,0,Københavns Kommune,Nej,Nej
kommunalvalg,"V. Venstre, Danmarks Liberale Parti",Michael Thomsen,0,Halsnæs Kommune,Nej,Nej
kommunalvalg,"V. Venstre, Danmarks Liberale Parti",Mie Stattau,799,Fredensborg Kommune,Nej,Nej
kommunalvalg,"V. Venstre, Danmarks Liberale Parti",Mikael Freitag,0,Københavns Kommune,Nej,Nej
kommunalvalg,"V. Venstre, Danmarks Liberale Parti","Mikael Heibrock Sørensen, Snekkersten",0,Helsingør Kommune,Nej,Nej
kommunalvalg,"V. Venstre, Danmarks Liberale Parti","Mikael Klitgaard, Dronninglund",0,Brønderslev Kommune,Nej,Nej
kommunalvalg,"V. Venstre, Danmarks Liberale Parti","Mikkel Agerskov Jørgensen, Næstved",38,Næstved Kommune,Nej,Nej
kommunalvalg,"V. Venstre, Danmarks Liberale Parti","Mikkel Bisgaard, Vive",206,Mariagerfjord Kommune,Nej,Nej
kommunalvalg,"V. Venstre, Danmarks Liberale Parti","Mikkel Dam Christensen, Holstebro",0,Holstebro Kommune,Nej,Nej
kommunalvalg,"V. Venstre, Danmarks Liberale Parti",Mikkel Johansen,0,Frederikssund Kommune,Nej,Nej
kommunalvalg,"V. Venstre, Danmarks Liberale Parti",Mikkel Molin,88,Rødovre Kommune,Nej,Nej
kommunalvalg,"V. Venstre, Danmarks Liberale Parti",Mikkel Olsen,0,Ringsted Kommune,Nej,Nej
kommunalvalg,"V. Venstre, Danmarks Liberale Parti",Mikkel Strube-Weber,0,Aarhus Kommune,Nej,Nej
kommunalvalg,"V. Venstre, Danmarks Liberale Parti",Mille Boll-Kragelund,98,Rebild Kommune,Nej,Nej
kommunalvalg,"V. Venstre, Danmarks Liberale Parti","Mogens Bay, Fjerritslev",0,Jammerbugt Kommune,Nej,Nej
kommunalvalg,"V. Venstre, Danmarks Liberale Parti","Mogens Brag, Sørå",0,Frederikshavn Kommune,Nej,Nej
kommunalvalg,"V. Venstre, Danmarks Liberale Parti","Mogens Gade, Skovsgård",0,Jammerbugt Kommune,Nej,Nej
kommunalvalg,"V. Venstre, Danmarks Liberale Parti","Mogens Hald Pedersen, Brøndby Strand",0,Brøndby Kommune,Nej,Nej
kommunalvalg,"V. Venstre, Danmarks Liberale Parti","Mogens Jensen, Kvanløse",0,Holbæk Kommune,Nej,Nej
kommunalvalg,"V. Venstre, Danmarks Liberale Parti","Mogens Mulle Johansen, Glamsbjerg",0,Assens Kommune,Nej,Nej
kommunalvalg,"V. Venstre, Danmarks Liberale Parti","Morten  Løvschall, Holbæk",0,Holbæk Kommune,Nej,Nej
kommunalvalg,"V. Venstre, Danmarks Liberale Parti",Morten Bentholm-Pedersen,0,Aarhus Kommune,Nej,Nej
kommunalvalg,"V. Venstre, Danmarks Liberale Parti",Morten Bille,199,Hillerød Kommune,Nej,Nej
kommunalvalg,"V. Venstre, Danmarks Liberale Parti","Morten Birkelund, Lynge",0,Allerød Kommune,Nej,Nej
kommunalvalg,"V. Venstre, Danmarks Liberale Parti",Morten Blenker,0,Hedensted Kommune,Nej,Nej
kommunalvalg,"V. Venstre, Danmarks Liberale Parti","Morten Dreier, Augustenborg",0,Sønderborg Kommune,Nej,Nej
kommunalvalg,"V. Venstre, Danmarks Liberale Parti",Morten Enggaard,0,Skive Kommune,Nej,Nej
kommunalvalg,"V. Venstre, Danmarks Liberale Parti",Morten Gaarde Gad,0,Tønder Kommune,Nej,Nej
kommunalvalg,"V. Venstre, Danmarks Liberale Parti",Morten Halkjær,16,Fanø Kommune,Nej,Nej
kommunalvalg,"V. Venstre, Danmarks Liberale Parti","Morten Hoffmann-Timmol, Høje Taastrup",0,Høje-Taastrup Kommune,Nej,Nej
kommunalvalg,"V. Venstre, Danmarks Liberale Parti",Morten Høgh,275,Silkeborg Kommune,Nej,Nej
kommunalvalg,"V. Venstre, Danmarks Liberale Parti","Morten Jans, Rudkøbing",46,Langeland Kommune,Nej,Nej
kommunalvalg,"V. Venstre, Danmarks Liberale Parti","Morten Kryger Vestergaard, Tune",0,Greve Kommune,Nej,Nej
kommunalvalg,"V. Venstre, Danmarks Liberale Parti","Morten Løkkegaard, Charlottenlund",397,Gentofte Kommune,Nej,Nej
kommunalvalg,"V. Venstre, Danmarks Liberale Parti","Morten Møller Pedersen, Skanderup",159,Kolding Kommune,Nej,Nej
kommunalvalg,"V. Venstre, Danmarks Liberale Parti","Morten Møller, Galten-Skovby",0,Skanderborg Kommune,Nej,Nej
kommunalvalg,"V. Venstre, Danmarks Liberale Parti",Morten Petersen,0,Herning Kommune,Nej,Nej
kommunalvalg,"V. Venstre, Danmarks Liberale Parti",Morten Rasmussen,0,Nyborg Kommune,Nej,Nej
kommunalvalg,"V. Venstre, Danmarks Liberale Parti",Morten Skjelmose,0,Frederikssund Kommune,Nej,Nej
kommunalvalg,"V. Venstre, Danmarks Liberale Parti","Morten Westergaard, Espergærde",0,Helsingør Kommune,Nej,Nej
kommunalvalg,"V. Venstre, Danmarks Liberale Parti",Mostafa M. Zaarab,0,Københavns Kommune,Nej,Nej
kommunalvalg,"V. Venstre, Danmarks Liberale Parti","Musa Akin, Jersie Strand",0,Solrød Kommune,Nej,Nej
kommunalvalg,"V. Venstre, Danmarks Liberale Parti","Mustafa Diken, Tved",0,Svendborg Kommune,Nej,Nej
kommunalvalg,"V. Venstre, Danmarks Liberale Parti",Mustapha Badr,0,Kalundborg Kommune,Nej,Nej
kommunalvalg,"V. Venstre, Danmarks Liberale Parti",Nadja Henriksen,0,Ringsted Kommune,Nej,Nej
kommunalvalg,"V. Venstre, Danmarks Liberale Parti",Nadja Nordmaj,7,Hillerød Kommune,Nej,Nej
kommunalvalg,"V. Venstre, Danmarks Liberale Parti",Najib Adnan Almasri,0,Faaborg-Midtfyn Kommune,Nej,Nej
kommunalvalg,"V. Venstre, Danmarks Liberale Parti","Nanna Birkkjær, Gistrup",0,Aalborg Kommune,Nej,Nej
kommunalvalg,"V. Venstre, Danmarks Liberale Parti","Nanna Skov Iversen, Ulstrup",169,Favrskov Kommune,Nej,Nej
kommunalvalg,"V. Venstre, Danmarks Liberale Parti",Neel Rudebeck,0,Tønder Kommune,Nej,Nej
kommunalvalg,"V. Venstre, Danmarks Liberale Parti",Nellie Bradsted,338,Faxe Kommune,Nej,Nej
kommunalvalg,"V. Venstre, Danmarks Liberale Parti",Nicki Ottevig,0,Slagelse Kommune,Nej,Nej
kommunalvalg,"V. Venstre, Danmarks Liberale Parti",Nicklas Petterson,0,Københavns Kommune,Nej,Nej
kommunalvalg,"V. Venstre, Danmarks Liberale Parti","Nicolai Boelsmand Asmussen, Alminde-Viuf",757,Kolding Kommune,Nej,Nej
kommunalvalg,"V. Venstre, Danmarks Liberale Parti",Nicolai Busch Bæhrenz,0,Odense Kommune,Nej,Nej
kommunalvalg,"V. Venstre, Danmarks Liberale Parti","Nicolai Hansen, Esbjerg Ø",0,Esbjerg Kommune,Nej,Nej
kommunalvalg,"V. Venstre, Danmarks Liberale Parti",Nicolai Stensdal Dalgaard,0,Herning Kommune,Nej,Nej
kommunalvalg,"V. Venstre, Danmarks Liberale Parti",Niels Bruun,0,Halsnæs Kommune,Nej,Nej
kommunalvalg,"V. Venstre, Danmarks Liberale Parti",Niels Chr. Lind,0,Lemvig Kommune,Nej,Nej
kommunalvalg,"V. Venstre, Danmarks Liberale Parti","Niels Christian Just, Gråsten",0,Sønderborg Kommune,Nej,Nej
kommunalvalg,"V. Venstre, Danmarks Liberale Parti",Niels Elmo Jensen,0,Lyngby-Taarbæk Kommune,Nej,Nej
kommunalvalg,"V. Venstre, Danmarks Liberale Parti","Niels Erik Christensen, Ø. Bjerregrav",0,Randers Kommune,Nej,Nej
kommunalvalg,"V. Venstre, Danmarks Liberale Parti","Niels Erik Poulsen, Brøndbjerg",322,Mariagerfjord Kommune,Nej,Nej
kommunalvalg,"V. Venstre, Danmarks Liberale Parti","Niels Erik Storm, Lindknud",0,Vejen Kommune,Nej,Nej
kommunalvalg,"V. Venstre, Danmarks Liberale Parti","Niels H. Bünemann, Skagen",0,Frederikshavn Kommune,Nej,Nej
kommunalvalg,"V. Venstre, Danmarks Liberale Parti","Niels Henning Bladt, Kolding",577,Kolding Kommune,Nej,Nej
kommunalvalg,"V. Venstre, Danmarks Liberale Parti","Niels Hörup, Solrød Strand",0,Solrød Kommune,Nej,Nej
kommunalvalg,"V. Venstre, Danmarks Liberale Parti",Niels Jarnø Johansen,0,Rudersdal Kommune,Nej,Nej
kommunalvalg,"V. Venstre, Danmarks Liberale Parti",Niels Jørgen Christensen,0,Lyngby-Taarbæk Kommune,Nej,Nej
kommunalvalg,"V. Venstre, Danmarks Liberale Parti","Niels Jørgen Ottesen, Bjerringbro",381,Viborg Kommune,Nej,Nej
kommunalvalg,"V. Venstre, Danmarks Liberale Parti",Niels Jørgensen,0,Vallensbæk Kommune,Nej,Nej
kommunalvalg,"V. Venstre, Danmarks Liberale Parti","Niels Jørn Nielsen, Ravsted",0,Aabenraa Kommune,Nej,Nej
kommunalvalg,"V. Venstre, Danmarks Liberale Parti","Niels Kirkegaard, Blovstrød",0,Allerød Kommune,Nej,Nej
kommunalvalg,"V. Venstre, Danmarks Liberale Parti",Niels Martin Vind,0,Fredericia Kommune,Nej,Nej
kommunalvalg,"V. Venstre, Danmarks Liberale Parti","Niels Ole Birk, Vivild",0,Norddjurs Kommune,Nej,Nej
kommunalvalg,"V. Venstre, Danmarks Liberale Parti",Niels Plum,0,Bornholms Regionskommune,Nej,Nej
kommunalvalg,"V. Venstre, Danmarks Liberale Parti","Niels Ringvig, Næstved Syd",88,Næstved Kommune,Nej,Nej
kommunalvalg,"V. Venstre, Danmarks Liberale Parti","Niels Søren Rasmussen, Mols",291,Syddjurs Kommune,Nej,Nej
kommunalvalg,"V. Venstre, Danmarks Liberale Parti",Niels Venge Olesen,8,Fredensborg Kommune,Nej,Nej
kommunalvalg,"V. Venstre, Danmarks Liberale Parti","Niels Vestergaard Salling, Brønderslev",0,Brønderslev Kommune,Nej,Nej
kommunalvalg,"V. Venstre, Danmarks Liberale Parti",Niels-Erik Sørensen,0,Kalundborg Kommune,Nej,Nej
kommunalvalg,"V. Venstre, Danmarks Liberale Parti",Niklas Andersen,0,Fredericia Kommune,Nej,Nej
kommunalvalg,"V. Venstre, Danmarks Liberale Parti",Niklas Stenbye,0,Herlev Kommune,Nej,Nej
kommunalvalg,"V. Venstre, Danmarks Liberale Parti",Nikolai Løvbjerg Friis,0,Billund Kommune,Nej,Nej
kommunalvalg,"V. Venstre, Danmarks Liberale Parti",Nikolaj Bjørk Christensen,0,Slagelse Kommune,Nej,Nej
kommunalvalg,"V. Venstre, Danmarks Liberale Parti","Nikolaj Leed Henriksen, Aarup",0,Assens Kommune,Nej,Nej
kommunalvalg,"V. Venstre, Danmarks Liberale Parti",Nikolaj Møller Jensen,0,Silkeborg Kommune,Nej,Nej
kommunalvalg,"V. Venstre, Danmarks Liberale Parti","Nikolaj Schwartz, Solrød Strand",0,Solrød Kommune,Nej,Nej
kommunalvalg,"V. Venstre, Danmarks Liberale Parti",Nikolaj Østergaard Bull,107,Morsø Kommune,Nej,Nej
kommunalvalg,"V. Venstre, Danmarks Liberale Parti","Nils Juhl Andreasen, Jægersborg",26,Gentofte Kommune,Nej,Nej
kommunalvalg,"V. Venstre, Danmarks Liberale Parti","Nino Rizzato, Næstved",512,Næstved Kommune,Nej,Nej
kommunalvalg,"V. Venstre, Danmarks Liberale Parti",Noah B. Bandholm,0,Vejle Kommune,Nej,Nej
kommunalvalg,"V. Venstre, Danmarks Liberale Parti","Noor Meng, Hjerting",0,Esbjerg Kommune,Nej,Nej
kommunalvalg,"V. Venstre, Danmarks Liberale Parti",Oksana Gjermstad,0,Københavns Kommune,Nej,Nej
kommunalvalg,"V. Venstre, Danmarks Liberale Parti","Ole B. Hovøre, Veksø",0,Egedal Kommune,Nej,Nej
kommunalvalg,"V. Venstre, Danmarks Liberale Parti",Ole B. Sørensen,14,Vesthimmerlands Kommune,Nej,Nej
kommunalvalg,"V. Venstre, Danmarks Liberale Parti",Ole Beckmann,0,Ishøj Kommune,Nej,Nej
kommunalvalg,"V. Venstre, Danmarks Liberale Parti",Ole Buchardt Olesen,0,Gribskov Kommune,Nej,Nej
kommunalvalg,"V. Venstre, Danmarks Liberale Parti","Ole Dahl Kristensen, Brædstrup",0,Horsens Kommune,Nej,Nej
kommunalvalg,"V. Venstre, Danmarks Liberale Parti","Ole Hoffgaard Munk, Søvind",0,Horsens Kommune,Nej,Nej
kommunalvalg,"V. Venstre, Danmarks Liberale Parti",Ole Holm Petersen,62,Ærø Kommune,Nej,Nej
kommunalvalg,"V. Venstre, Danmarks Liberale Parti","Ole Jørgensen, Frejlev",0,Guldborgsund Kommune,Nej,Nej
kommunalvalg,"V. Venstre, Danmarks Liberale Parti","Ole K. Larsen, Nysted",0,Guldborgsund Kommune,Nej,Nej
kommunalvalg,"V. Venstre, Danmarks Liberale Parti","Ole Knudsen, Vissenbjerg",0,Assens Kommune,Nej,Nej
kommunalvalg,"V. Venstre, Danmarks Liberale Parti",Ole Lyngby Pedersen,234,Odder Kommune,Nej,Nej
kommunalvalg,"V. Venstre, Danmarks Liberale Parti","Ole Maagaard Pedersen, Ørsted",0,Assens Kommune,Nej,Nej
kommunalvalg,"V. Venstre, Danmarks Liberale Parti",Ole Nees,0,Lemvig Kommune,Nej,Nej
kommunalvalg,"V. Venstre, Danmarks Liberale Parti",Ole Nielsen,0,Lejre Kommune,Nej,Nej
kommunalvalg,"V. Venstre, Danmarks Liberale Parti","Ole Rasmussen, Frederikshavn",0,Frederikshavn Kommune,Nej,Nej
kommunalvalg,"V. Venstre, Danmarks Liberale Parti",Ole Stark,32,Hillerød Kommune,Nej,Nej
kommunalvalg,"V. Venstre, Danmarks Liberale Parti","Ole Vad Hansen, Nr. Nebel",0,Varde Kommune,Nej,Nej
kommunalvalg,"V. Venstre, Danmarks Liberale Parti",Ole Vind,0,Hedensted Kommune,Nej,Nej
kommunalvalg,"V. Venstre, Danmarks Liberale Parti",Ole Vive,1283,Faxe Kommune,Nej,Nej
kommunalvalg,"V. Venstre, Danmarks Liberale Parti",Oleksandr Rybachok,36,Ikast-Brande Kommune,Nej,Nej
kommunalvalg,"V. Venstre, Danmarks Liberale Parti","Olfert Krog, Esbjerg",0,Esbjerg Kommune,Nej,Nej
kommunalvalg,"V. Venstre, Danmarks Liberale Parti","Oliver L. V. Simonsen, Dronninglund",0,Brønderslev Kommune,Nej,Nej
kommunalvalg,"V. Venstre, Danmarks Liberale Parti",Ove Ferrini Lundgren,7,Hillerød Kommune,Nej,Nej
kommunalvalg,"V. Venstre, Danmarks Liberale Parti",Ove Holm,0,Dragør Kommune,Nej,Nej
kommunalvalg,"V. Venstre, Danmarks Liberale Parti","Ozan Yücelbas, Horsens",0,Horsens Kommune,Nej,Nej
kommunalvalg,"V. Venstre, Danmarks Liberale Parti",Palle Høj,483,Ikast-Brande Kommune,Nej,Nej
kommunalvalg,"V. Venstre, Danmarks Liberale Parti",Parvaneh Abdoulmaleki,21,Odder Kommune,Nej,Nej
kommunalvalg,"V. Venstre, Danmarks Liberale Parti","Paul O'Connor, Sig",0,Varde Kommune,Nej,Nej
kommunalvalg,"V. Venstre, Danmarks Liberale Parti",Peder Gade Svensson,0,Nyborg Kommune,Nej,Nej
kommunalvalg,"V. Venstre, Danmarks Liberale Parti",Peder Hummel,0,Lemvig Kommune,Nej,Nej
kommunalvalg,"V. Venstre, Danmarks Liberale Parti",Peder Hummelmose,0,Vejle Kommune,Nej,Nej
kommunalvalg,"V. Venstre, Danmarks Liberale Parti","Peder Krogsgaard, Hårlev",0,Stevns Kommune,Nej,Nej
kommunalvalg,"V. Venstre, Danmarks Liberale Parti",Peder Tind,0,Fredericia Kommune,Nej,Nej
kommunalvalg,"V. Venstre, Danmarks Liberale Parti",Peder Toftgård,17,Rødovre Kommune,Nej,Nej
kommunalvalg,"V. Venstre, Danmarks Liberale Parti",Per Askestad,107,Fredensborg Kommune,Nej,Nej
kommunalvalg,"V. Venstre, Danmarks Liberale Parti",Per Bach Laursen,2049,Vesthimmerlands Kommune,Nej,Nej
kommunalvalg,"V. Venstre, Danmarks Liberale Parti",Per Bisgaard,301,Vesthimmerlands Kommune,Nej,Nej
kommunalvalg,"V. Venstre, Danmarks Liberale Parti",Per Carøe,0,Rudersdal Kommune,Nej,Nej
kommunalvalg,"V. Venstre, Danmarks Liberale Parti","Per Dahlin, Solrød Strand",0,Solrød Kommune,Nej,Nej
kommunalvalg,"V. Venstre, Danmarks Liberale Parti",Per Faldborg Olesen,3,Dragør Kommune,Nej,Nej
kommunalvalg,"V. Venstre, Danmarks Liberale Parti",Per Gjesing,1,Hillerød Kommune,Nej,Nej
kommunalvalg,"V. Venstre, Danmarks Liberale Parti",Per Henrik Dålfogt,30,Rebild Kommune,Nej,Nej
kommunalvalg,"V. Venstre, Danmarks Liberale Parti","Per Kragelund, Vebbestrup",268,Mariagerfjord Kommune,Nej,Nej
kommunalvalg,"V. Venstre, Danmarks Liberale Parti","Per Laursen, Arden",329,Mariagerfjord Kommune,Nej,Nej
kommunalvalg,"V. Venstre, Danmarks Liberale Parti",Per Ludvigsen,0,Frederiksberg Kommune,Nej,Nej
kommunalvalg,"V. Venstre, Danmarks Liberale Parti",Per M. Olesen,0,Lemvig Kommune,Nej,Nej
kommunalvalg,"V. Venstre, Danmarks Liberale Parti","Per N. Mortensen, Tvis",0,Holstebro Kommune,Nej,Nej
kommunalvalg,"V. Venstre, Danmarks Liberale Parti",Per Paludan Hansen,0,Frederiksberg Kommune,Nej,Nej
kommunalvalg,"V. Venstre, Danmarks Liberale Parti",Per Rasmussen,0,Odense Kommune,Nej,Nej
kommunalvalg,"V. Venstre, Danmarks Liberale Parti",Per Roswall,0,Gribskov Kommune,Nej,Nej
kommunalvalg,"V. Venstre, Danmarks Liberale Parti",Per Skou Larsen,0,Odsherred Kommune,Nej,Nej
kommunalvalg,"V. Venstre, Danmarks Liberale Parti",Per Sønder,0,Nyborg Kommune,Nej,Nej
kommunalvalg,"V. Venstre, Danmarks Liberale Parti","Per Thisted, Skovlund - Ansager",0,Varde Kommune,Nej,Nej
kommunalvalg,"V. Venstre, Danmarks Liberale Parti",Pernelle Jensen,0,Fredericia Kommune,Nej,Nej
kommunalvalg,"V. Venstre, Danmarks Liberale Parti","Pernille Beckmann, Hundige",0,Greve Kommune,Nej,Nej
kommunalvalg,"V. Venstre, Danmarks Liberale Parti",Pernille Breivik,41,Hillerød Kommune,Nej,Nej
kommunalvalg,"V. Venstre, Danmarks Liberale Parti","Pernille Brunse, Vangede",100,Gentofte Kommune,Nej,Nej
kommunalvalg,"V. Venstre, Danmarks Liberale Parti","Pernille List Kristensen, Vester Nebel",0,Esbjerg Kommune,Nej,Nej
kommunalvalg,"V. Venstre, Danmarks Liberale Parti","Pernille Lundsgaard, Tyrsted",0,Horsens Kommune,Nej,Nej
kommunalvalg,"V. Venstre, Danmarks Liberale Parti",Pernille Meinertz,0,Tårnby Kommune,Nej,Nej
kommunalvalg,"V. Venstre, Danmarks Liberale Parti","Pernille Plantener, Hjerting",0,Esbjerg Kommune,Nej,Nej
kommunalvalg,"V. Venstre, Danmarks Liberale Parti","Pernille Steen, Næstved",335,Næstved Kommune,Nej,Nej
kommunalvalg,"V. Venstre, Danmarks Liberale Parti",Pernille Thaisen,0,Nyborg Kommune,Nej,Nej
kommunalvalg,"V. Venstre, Danmarks Liberale Parti",Peter Bech,0,Slagelse Kommune,Nej,Nej
kommunalvalg,"V. Venstre, Danmarks Liberale Parti",Peter Borresen,0,Rudersdal Kommune,Nej,Nej
kommunalvalg,"V. Venstre, Danmarks Liberale Parti","Peter Christensen, Stenløse",0,Egedal Kommune,Nej,Nej
kommunalvalg,"V. Venstre, Danmarks Liberale Parti","Peter Freiesleben, Ganløse",0,Egedal Kommune,Nej,Nej
kommunalvalg,"V. Venstre, Danmarks Liberale Parti",Peter Gertsen,0,Lolland Kommune,Nej,Nej
kommunalvalg,"V. Venstre, Danmarks Liberale Parti","Peter Glibstrup, Voerladegård",0,Skanderborg Kommune,Nej,Nej
kommunalvalg,"V. Venstre, Danmarks Liberale Parti",Peter Hjulmann,256,Rebild Kommune,Nej,Nej
kommunalvalg,"V. Venstre, Danmarks Liberale Parti",Peter Juul,0,Samsø Kommune,Nej,Nej
kommunalvalg,"V. Venstre, Danmarks Liberale Parti","Peter Krog-Meyer, Rønde",73,Syddjurs Kommune,Nej,Nej
kommunalvalg,"V. Venstre, Danmarks Liberale Parti",Peter Lennø,7,Hillerød Kommune,Nej,Nej
kommunalvalg,"V. Venstre, Danmarks Liberale Parti",Peter Lillebæk,186,Morsø Kommune,Nej,Nej
kommunalvalg,"V. Venstre, Danmarks Liberale Parti","Peter Molnit, Karlslunde",0,Greve Kommune,Nej,Nej
kommunalvalg,"V. Venstre, Danmarks Liberale Parti",Peter Munch,262,Faxe Kommune,Nej,Nej
kommunalvalg,"V. Venstre, Danmarks Liberale Parti","Peter Ole Sørensen, Præstø",0,Vordingborg Kommune,Nej,Nej
kommunalvalg,"V. Venstre, Danmarks Liberale Parti","Peter Poulsen, Aarup",0,Assens Kommune,Nej,Nej
kommunalvalg,"V. Venstre, Danmarks Liberale Parti","Peter Poulsen, Ørsted",0,Norddjurs Kommune,Nej,Nej
kommunalvalg,"V. Venstre, Danmarks Liberale Parti","Peter Ravn, Houlbjerg",138,Favrskov Kommune,Nej,Nej
kommunalvalg,"V. Venstre, Danmarks Liberale Parti",Peter Riise,62,Rebild Kommune,Nej,Nej
kommunalvalg,"V. Venstre, Danmarks Liberale Parti","Peter Rye, Hundige",0,Greve Kommune,Nej,Nej
kommunalvalg,"V. Venstre, Danmarks Liberale Parti","Peter Sand, Ebeltoft",190,Syddjurs Kommune,Nej,Nej
kommunalvalg,"V. Venstre, Danmarks Liberale Parti",Peter Sebastian Petersen,0,Hedensted Kommune,Nej,Nej
kommunalvalg,"V. Venstre, Danmarks Liberale Parti",Peter Stampe,0,Silkeborg Kommune,Nej,Nej
kommunalvalg,"V. Venstre, Danmarks Liberale Parti",Peter Stegmann,0,Slagelse Kommune,Nej,Nej
kommunalvalg,"V. Venstre, Danmarks Liberale Parti","Peter Svane, Vejen",0,Vejen Kommune,Nej,Nej
kommunalvalg,"V. Venstre, Danmarks Liberale Parti","Peter Thiel Søbjerg, Sdr. Bjert",121,Kolding Kommune,Nej,Nej
kommunalvalg,"V. Venstre, Danmarks Liberale Parti",Peter Vestergaard,0,Lejre Kommune,Nej,Nej
kommunalvalg,"V. Venstre, Danmarks Liberale Parti","Peter Viuf Christiansen, Mariager",10,Mariagerfjord Kommune,Nej,Nej
kommunalvalg,"V. Venstre, Danmarks Liberale Parti","Peter Viuff, Askov",0,Vejen Kommune,Nej,Nej
kommunalvalg,"V. Venstre, Danmarks Liberale Parti","Philip Tietje, Aabenraa",0,Aabenraa Kommune,Nej,Nej
kommunalvalg,"V. Venstre, Danmarks Liberale Parti",Pia Fuglsang,14,Morsø Kommune,Nej,Nej
kommunalvalg,"V. Venstre, Danmarks Liberale Parti",Pia Gade,0,Odsherred Kommune,Nej,Nej
kommunalvalg,"V. Venstre, Danmarks Liberale Parti",Pia Grønvang Stilling,0,Hedensted Kommune,Nej,Nej
kommunalvalg,"V. Venstre, Danmarks Liberale Parti","Pia Karlsen, Skagen",0,Frederikshavn Kommune,Nej,Nej
kommunalvalg,"V. Venstre, Danmarks Liberale Parti",Pia Kondrup Juul-Nielsen,0,Nyborg Kommune,Nej,Nej
kommunalvalg,"V. Venstre, Danmarks Liberale Parti",Pia Skourup,0,Ishøj Kommune,Nej,Nej
kommunalvalg,"V. Venstre, Danmarks Liberale Parti","Pia Viller Arendt, Frederiks",479,Viborg Kommune,Nej,Nej
kommunalvalg,"V. Venstre, Danmarks Liberale Parti",Poul Berggreen,0,Silkeborg Kommune,Nej,Nej
kommunalvalg,"V. Venstre, Danmarks Liberale Parti","Poul Bonderup, Sengeløse",0,Høje-Taastrup Kommune,Nej,Nej
kommunalvalg,"V. Venstre, Danmarks Liberale Parti","Poul Burgaard, Varde",0,Varde Kommune,Nej,Nej
kommunalvalg,"V. Venstre, Danmarks Liberale Parti",Poul Erik Jensen,0,Køge Kommune,Nej,Nej
kommunalvalg,"V. Venstre, Danmarks Liberale Parti",Poul Erik Kjær,0,Tønder Kommune,Nej,Nej
kommunalvalg,"V. Venstre, Danmarks Liberale Parti",Poul Henning Vive,0,Køge Kommune,Nej,Nej
kommunalvalg,"V. Venstre, Danmarks Liberale Parti",Poul Hjul Andersen,45,Vesthimmerlands Kommune,Nej,Nej
kommunalvalg,"V. Venstre, Danmarks Liberale Parti",Preben Boldt,0,Frederiksberg Kommune,Nej,Nej
kommunalvalg,"V. Venstre, Danmarks Liberale Parti","Preben Friis-Hauge, Tistrup",0,Varde Kommune,Nej,Nej
kommunalvalg,"V. Venstre, Danmarks Liberale Parti",Preben V. Enevoldsen,0,Ringkøbing-Skjern Kommune,Nej,Nej
kommunalvalg,"V. Venstre, Danmarks Liberale Parti",Rameesh Thirugnanasambanther,0,Nyborg Kommune,Nej,Nej
kommunalvalg,"V. Venstre, Danmarks Liberale Parti",Randi Mondorf,0,Rudersdal Kommune,Nej,Nej
kommunalvalg,"V. Venstre, Danmarks Liberale Parti","Rasmus Andresen, Felsted",0,Aabenraa Kommune,Nej,Nej
kommunalvalg,"V. Venstre, Danmarks Liberale Parti",Rasmus Boné,0,Ishøj Kommune,Nej,Nej
kommunalvalg,"V. Venstre, Danmarks Liberale Parti","Rasmus Brandstrup Larsen, Holbæk",0,Holbæk Kommune,Nej,Nej
kommunalvalg,"V. Venstre, Danmarks Liberale Parti",Rasmus Christensen,190,Morsø Kommune,Nej,Nej
kommunalvalg,"V. Venstre, Danmarks Liberale Parti","Rasmus Lorentzen, Vordingborg",0,Vordingborg Kommune,Nej,Nej
kommunalvalg,"V. Venstre, Danmarks Liberale Parti","Rasmus Nissen Pedersen, Hadsund",52,Mariagerfjord Kommune,Nej,Nej
kommunalvalg,"V. Venstre, Danmarks Liberale Parti","Rebecca Hoffmann, Store Heddinge",0,Stevns Kommune,Nej,Nej
kommunalvalg,"V. Venstre, Danmarks Liberale Parti",Rebecha Foged,0,Faaborg-Midtfyn Kommune,Nej,Nej
kommunalvalg,"V. Venstre, Danmarks Liberale Parti",Rene Toft,0,Slagelse Kommune,Nej,Nej
kommunalvalg,"V. Venstre, Danmarks Liberale Parti","René Haahr, Stenstrup",0,Svendborg Kommune,Nej,Nej
kommunalvalg,"V. Venstre, Danmarks Liberale Parti","René Langholm, Tommerup",0,Assens Kommune,Nej,Nej
kommunalvalg,"V. Venstre, Danmarks Liberale Parti",René Normann Jensen,0,Nyborg Kommune,Nej,Nej
kommunalvalg,"V. Venstre, Danmarks Liberale Parti","René Villadsen, Esbjerg",0,Esbjerg Kommune,Nej,Nej
kommunalvalg,"V. Venstre, Danmarks Liberale Parti","Riber Hog Anthonsen, Mørke",375,Syddjurs Kommune,Nej,Nej
kommunalvalg,"V. Venstre, Danmarks Liberale Parti","Ricco Guldager, Hobro",130,Mariagerfjord Kommune,Nej,Nej
kommunalvalg,"V. Venstre, Danmarks Liberale Parti","Rico Carlsen, Fuglebjerg",276,Næstved Kommune,Nej,Nej
kommunalvalg,"V. Venstre, Danmarks Liberale Parti","Rico Ray Hernandez Jensen, Hornslet",85,Syddjurs Kommune,Nej,Nej
kommunalvalg,"V. Venstre, Danmarks Liberale Parti",Rico Sandager,0,Halsnæs Kommune,Nej,Nej
kommunalvalg,"V. Venstre, Danmarks Liberale Parti","Rikke Albæk Jørgensen, Glesborg",0,Norddjurs Kommune,Nej,Nej
kommunalvalg,"V. Venstre, Danmarks Liberale Parti","Rikke Engelbrecht Andersen, Næstved",129,Næstved Kommune,Nej,Nej
kommunalvalg,"V. Venstre, Danmarks Liberale Parti",Rikke Kornval,0,Køge Kommune,Nej,Nej
kommunalvalg,"V. Venstre, Danmarks Liberale Parti",Rikke Rocatis,0,Herning Kommune,Nej,Nej
kommunalvalg,"V. Venstre, Danmarks Liberale Parti","Rikke Stjerne, Frederikshavn",0,Frederikshavn Kommune,Nej,Nej
kommunalvalg,"V. Venstre, Danmarks Liberale Parti","Rikke Werner Kruse, Kolding",362,Kolding Kommune,Nej,Nej
kommunalvalg,"V. Venstre, Danmarks Liberale Parti",Rikke Worsøe,0,Herning Kommune,Nej,Nej
kommunalvalg,"V. Venstre, Danmarks Liberale Parti",Rita Byskov,0,Ringkøbing-Skjern Kommune,Nej,Nej
kommunalvalg,"V. Venstre, Danmarks Liberale Parti",Rita Primdahl,0,Skive Kommune,Nej,Nej
kommunalvalg,"V. Venstre, Danmarks Liberale Parti",Robert Terkelsen,0,Billund Kommune,Nej,Nej
kommunalvalg,"V. Venstre, Danmarks Liberale Parti","Rolf Eg Klint Sørensen, Holstebro",0,Holstebro Kommune,Nej,Nej
kommunalvalg,"V. Venstre, Danmarks Liberale Parti","Rolf Rasmussen, Holbæk",0,Holbæk Kommune,Nej,Nej
kommunalvalg,"V. Venstre, Danmarks Liberale Parti","Roman Ogorodnik, Vejen",0,Vejen Kommune,Nej,Nej
kommunalvalg,"V. Venstre, Danmarks Liberale Parti","Ronni Lykkehus, Vordingborg",0,Vordingborg Kommune,Nej,Nej
kommunalvalg,"V. Venstre, Danmarks Liberale Parti","Ronni Mark Nielsen, Greve",0,Greve Kommune,Nej,Nej
kommunalvalg,"V. Venstre, Danmarks Liberale Parti","Ronnie Esmann Pedersen, Roager",0,Esbjerg Kommune,Nej,Nej
kommunalvalg,"V. Venstre, Danmarks Liberale Parti","Ruben Lykke Pedersen, Klippinge",0,Stevns Kommune,Nej,Nej
kommunalvalg,"V. Venstre, Danmarks Liberale Parti",Rumle Lynard-Weltz,0,Albertslund Kommune,Nej,Nej
kommunalvalg,"V. Venstre, Danmarks Liberale Parti",Rune Buhl Frederiksen,0,Albertslund Kommune,Nej,Nej
kommunalvalg,"V. Venstre, Danmarks Liberale Parti",Sanne Skougaard Andersen,0,Odense Kommune,Nej,Nej
kommunalvalg,"V. Venstre, Danmarks Liberale Parti","Santana Malling, Thorsø",190,Favrskov Kommune,Nej,Nej
kommunalvalg,"V. Venstre, Danmarks Liberale Parti",Sara Sloth Faaborg,89,Odder Kommune,Nej,Nej
kommunalvalg,"V. Venstre, Danmarks Liberale Parti","Sarah Andersen, Starup - Tofterup",0,Varde Kommune,Nej,Nej
kommunalvalg,"V. Venstre, Danmarks Liberale Parti",Sarah Crone,0,Tårnby Kommune,Nej,Nej
kommunalvalg,"V. Venstre, Danmarks Liberale Parti",Sarah Sørensen,0,Odense Kommune,Nej,Nej
kommunalvalg,"V. Venstre, Danmarks Liberale Parti","Sebastian Bruun Bernhardt, Tune",0,Greve Kommune,Nej,Nej
kommunalvalg,"V. Venstre, Danmarks Liberale Parti",Sebastian Bærnthsen,0,Bornholms Regionskommune,Nej,Nej
kommunalvalg,"V. Venstre, Danmarks Liberale Parti",Sebastian Sandgaard,0,Herning Kommune,Nej,Nej
kommunalvalg,"V. Venstre, Danmarks Liberale Parti","Sebastian Støckler, Hørning",0,Skanderborg Kommune,Nej,Nej
kommunalvalg,"V. Venstre, Danmarks Liberale Parti",Selina Harris,0,Odense Kommune,Nej,Nej
kommunalvalg,"V. Venstre, Danmarks Liberale Parti","Serena Albeck Jonas, Nordborg",0,Sønderborg Kommune,Nej,Nej
kommunalvalg,"V. Venstre, Danmarks Liberale Parti",Siem Gebreslase,0,Hørsholm Kommune,Nej,Nej
kommunalvalg,"V. Venstre, Danmarks Liberale Parti",Signe Kirstine Johansen,0,Lejre Kommune,Nej,Nej
kommunalvalg,"V. Venstre, Danmarks Liberale Parti","Signe Rothgarn, Tølløse",0,Holbæk Kommune,Nej,Nej
kommunalvalg,"V. Venstre, Danmarks Liberale Parti",Silke Jagd,0,Odsherred Kommune,Nej,Nej
kommunalvalg,"V. Venstre, Danmarks Liberale Parti",Simon Bendfeldt,0,Hedensted Kommune,Nej,Nej
kommunalvalg,"V. Venstre, Danmarks Liberale Parti","Simon Burkarl, Horne",0,Varde Kommune,Nej,Nej
kommunalvalg,"V. Venstre, Danmarks Liberale Parti","Simon Ettrup Hansen, Mesinge",100,Kerteminde Kommune,Nej,Nej
kommunalvalg,"V. Venstre, Danmarks Liberale Parti",Simon Seidelin,0,Tønder Kommune,Nej,Nej
kommunalvalg,"V. Venstre, Danmarks Liberale Parti","Simon Østergaard, Mosede",0,Greve Kommune,Nej,Nej
kommunalvalg,"V. Venstre, Danmarks Liberale Parti","Simone Bruun, Esbjerg",0,Esbjerg Kommune,Nej,Nej
kommunalvalg,"V. Venstre, Danmarks Liberale Parti",Simone Holme,0,Slagelse Kommune,Nej,Nej
kommunalvalg,"V. Venstre, Danmarks Liberale Parti",Simone Jessen Hansen,0,Kalundborg Kommune,Nej,Nej
kommunalvalg,"V. Venstre, Danmarks Liberale Parti",Simone Vestergaard Laursen,0,Skive Kommune,Nej,Nej
kommunalvalg,"V. Venstre, Danmarks Liberale Parti",Sofie Mosgaard,0,Odense Kommune,Nej,Nej
kommunalvalg,"V. Venstre, Danmarks Liberale Parti","Sofie Nissen, Nordals",0,Sønderborg Kommune,Nej,Nej
kommunalvalg,"V. Venstre, Danmarks Liberale Parti",Sofie Schmahl,0,Billund Kommune,Nej,Nej
kommunalvalg,"V. Venstre, Danmarks Liberale Parti","Stanley Johansen, Henne",0,Varde Kommune,Nej,Nej
kommunalvalg,"V. Venstre, Danmarks Liberale Parti",Steen Aggergaard Sørensen,0,Slagelse Kommune,Nej,Nej
kommunalvalg,"V. Venstre, Danmarks Liberale Parti","Steen Bukdahl, Aalborg",0,Aalborg Kommune,Nej,Nej
kommunalvalg,"V. Venstre, Danmarks Liberale Parti","Steen H. Petersen, Esbjerg",0,Esbjerg Kommune,Nej,Nej
kommunalvalg,"V. Venstre, Danmarks Liberale Parti",Steen Hasselriis,0,Halsnæs Kommune,Nej,Nej
kommunalvalg,"V. Venstre, Danmarks Liberale Parti",Steen Thomassen,8,Faxe Kommune,Nej,Nej
kommunalvalg,"V. Venstre, Danmarks Liberale Parti",Steen Vindum,0,Silkeborg Kommune,Nej,Nej
kommunalvalg,"V. Venstre, Danmarks Liberale Parti","Steen-Ove Teisner, Flemløse",0,Assens Kommune,Nej,Nej
kommunalvalg,"V. Venstre, Danmarks Liberale Parti",Stefan Berg,405,Rebild Kommune,Nej,Nej
kommunalvalg,"V. Venstre, Danmarks Liberale Parti","Stefan Brixtofte, Stensved",0,Vordingborg Kommune,Nej,Nej
kommunalvalg,"V. Venstre, Danmarks Liberale Parti","Stefan Karlborg, Løkken",289,Hjørring Kommune,Nej,Nej
kommunalvalg,"V. Venstre, Danmarks Liberale Parti",Stefan Marcussen,0,Tønder Kommune,Nej,Nej
kommunalvalg,"V. Venstre, Danmarks Liberale Parti","Steffen Gram Lauridsen, Gl. Rye",0,Skanderborg Kommune,Nej,Nej
kommunalvalg,"V. Venstre, Danmarks Liberale Parti",Steffen Skovfoged,0,Aarhus Kommune,Nej,Nej
kommunalvalg,"V. Venstre, Danmarks Liberale Parti","Steffen Stenbak Christiansen, Dybvad",0,Frederikshavn Kommune,Nej,Nej
kommunalvalg,"V. Venstre, Danmarks Liberale Parti","Stephan Arnold, Egebjerg",0,Horsens Kommune,Nej,Nej
kommunalvalg,"V. Venstre, Danmarks Liberale Parti",Stephanie Storbank,0,Billund Kommune,Nej,Nej
kommunalvalg,"V. Venstre, Danmarks Liberale Parti","Stig Johansen, Havdrup",0,Solrød Kommune,Nej,Nej
kommunalvalg,"V. Venstre, Danmarks Liberale Parti",Stig Overkær,0,Slagelse Kommune,Nej,Nej
kommunalvalg,"V. Venstre, Danmarks Liberale Parti","Stina Stubkjær, Mogenstrup",52,Næstved Kommune,Nej,Nej
kommunalvalg,"V. Venstre, Danmarks Liberale Parti","Stine Andersen, Næstved",323,Næstved Kommune,Nej,Nej
kommunalvalg,"V. Venstre, Danmarks Liberale Parti",Stine Søgaard,0,Slagelse Kommune,Nej,Nej
kommunalvalg,"V. Venstre, Danmarks Liberale Parti",Sune Raunkjær,0,Halsnæs Kommune,Nej,Nej
kommunalvalg,"V. Venstre, Danmarks Liberale Parti",Susan Eirfeldt,0,Halsnæs Kommune,Nej,Nej
kommunalvalg,"V. Venstre, Danmarks Liberale Parti",Susanne Blomsterberg,0,Albertslund Kommune,Nej,Nej
kommunalvalg,"V. Venstre, Danmarks Liberale Parti",Susanne Bonfils,0,Frederiksberg Kommune,Nej,Nej
kommunalvalg,"V. Venstre, Danmarks Liberale Parti",Susanne Hansen,136,Vesthimmerlands Kommune,Nej,Nej
kommunalvalg,"V. Venstre, Danmarks Liberale Parti",Susanne Jacobsen,0,Silkeborg Kommune,Nej,Nej
kommunalvalg,"V. Venstre, Danmarks Liberale Parti","Susanne Karlsson, Lillerød",0,Allerød Kommune,Nej,Nej
kommunalvalg,"V. Venstre, Danmarks Liberale Parti",Susanne Pedersen,0,Tønder Kommune,Nej,Nej
kommunalvalg,"V. Venstre, Danmarks Liberale Parti","Susanne Provstgaard, Kollund",0,Aabenraa Kommune,Nej,Nej
kommunalvalg,"V. Venstre, Danmarks Liberale Parti",Susanne Rasmussen,0,Hvidovre Kommune,Nej,Nej
kommunalvalg,"V. Venstre, Danmarks Liberale Parti",Susanne Waltenburg,0,Frederikssund Kommune,Nej,Nej
kommunalvalg,"V. Venstre, Danmarks Liberale Parti",Sven Kolstrup,0,Rudersdal Kommune,Nej,Nej
kommunalvalg,"V. Venstre, Danmarks Liberale Parti","Svend Bjerre Bøgh, Dronninglund",0,Brønderslev Kommune,Nej,Nej
kommunalvalg,"V. Venstre, Danmarks Liberale Parti",Svend Müller,0,Kalundborg Kommune,Nej,Nej
kommunalvalg,"V. Venstre, Danmarks Liberale Parti","Svend Rolff Heiselberg, Tune",0,Greve Kommune,Nej,Nej
kommunalvalg,"V. Venstre, Danmarks Liberale Parti","Sytter Kristensen, Holbæk",0,Holbæk Kommune,Nej,Nej
kommunalvalg,"V. Venstre, Danmarks Liberale Parti",Søren Bach,0,Frederiksberg Kommune,Nej,Nej
kommunalvalg,"V. Venstre, Danmarks Liberale Parti",Søren Bang Knudsen,0,Kalundborg Kommune,Nej,Nej
kommunalvalg,"V. Venstre, Danmarks Liberale Parti",Søren Bersang,0,Odense Kommune,Nej,Nej
kommunalvalg,"V. Venstre, Danmarks Liberale Parti",Søren Brask,0,Køge Kommune,Nej,Nej
kommunalvalg,"V. Venstre, Danmarks Liberale Parti","Søren Bøving-Andersen, Skårup",0,Svendborg Kommune,Nej,Nej
kommunalvalg,"V. Venstre, Danmarks Liberale Parti",Søren Christiansen,472,Ikast-Brande Kommune,Nej,Nej
kommunalvalg,"V. Venstre, Danmarks Liberale Parti",Søren Dolmer,103,Vesthimmerlands Kommune,Nej,Nej
kommunalvalg,"V. Venstre, Danmarks Liberale Parti","Søren Fisker Olesen, Bred",0,Assens Kommune,Nej,Nej
kommunalvalg,"V. Venstre, Danmarks Liberale Parti","Søren Frederiksen, Kliplev",0,Aabenraa Kommune,Nej,Nej
kommunalvalg,"V. Venstre, Danmarks Liberale Parti",Søren Friis,154,Vesthimmerlands Kommune,Nej,Nej
kommunalvalg,"V. Venstre, Danmarks Liberale Parti",Søren Frost,0,Frederiksberg Kommune,Nej,Nej
kommunalvalg,"V. Venstre, Danmarks Liberale Parti",Søren Goul,138,Morsø Kommune,Nej,Nej
kommunalvalg,"V. Venstre, Danmarks Liberale Parti",Søren Hansen,0,Slagelse Kommune,Nej,Nej
kommunalvalg,"V. Venstre, Danmarks Liberale Parti","Søren Harders, Strib",0,Middelfart Kommune,Nej,Nej
kommunalvalg,"V. Venstre, Danmarks Liberale Parti","Søren Heide Lambertsen, Esbjerg",0,Esbjerg Kommune,Nej,Nej
kommunalvalg,"V. Venstre, Danmarks Liberale Parti","Søren Kejser, Rimsø",0,Norddjurs Kommune,Nej,Nej
kommunalvalg,"V. Venstre, Danmarks Liberale Parti",Søren Kristensen,0,Faaborg-Midtfyn Kommune,Nej,Nej
kommunalvalg,"V. Venstre, Danmarks Liberale Parti",Søren Moss Rasmussen,0,Hedensted Kommune,Nej,Nej
kommunalvalg,"V. Venstre, Danmarks Liberale Parti",Søren Nielsen,0,Nyborg Kommune,Nej,Nej
kommunalvalg,"V. Venstre, Danmarks Liberale Parti","Søren Overgaard, Assens",0,Assens Kommune,Nej,Nej
kommunalvalg,"V. Venstre, Danmarks Liberale Parti",Søren Peder Jensen,0,Herning Kommune,Nej,Nej
kommunalvalg,"V. Venstre, Danmarks Liberale Parti",Søren Porse,0,Fredericia Kommune,Nej,Nej
kommunalvalg,"V. Venstre, Danmarks Liberale Parti",Søren Schou,0,Fredericia Kommune,Nej,Nej
kommunalvalg,"V. Venstre, Danmarks Liberale Parti","Søren Sloth, Sindal",125,Hjørring Kommune,Nej,Nej
kommunalvalg,"V. Venstre, Danmarks Liberale Parti","Søren Smalbro, Bjergby",2481,Hjørring Kommune,Nej,Nej
kommunalvalg,"V. Venstre, Danmarks Liberale Parti","Søren Steen Andersen, Tommerup",0,Assens Kommune,Nej,Nej
kommunalvalg,"V. Venstre, Danmarks Liberale Parti","Søren Stilling, Skovshoved",7,Gentofte Kommune,Nej,Nej
kommunalvalg,"V. Venstre, Danmarks Liberale Parti",Søren Svendsen,0,Nyborg Kommune,Nej,Nej
kommunalvalg,"V. Venstre, Danmarks Liberale Parti",Søren T. Hansen,0,Tønder Kommune,Nej,Nej
kommunalvalg,"V. Venstre, Danmarks Liberale Parti",Søren V. Jensen,0,Lemvig Kommune,Nej,Nej
kommunalvalg,"V. Venstre, Danmarks Liberale Parti",Søren Vang Fischer,0,Kalundborg Kommune,Nej,Nej
kommunalvalg,"V. Venstre, Danmarks Liberale Parti",Søren Wiese,0,Samsø Kommune,Nej,Nej
kommunalvalg,"V. Venstre, Danmarks Liberale Parti","Süleyman Yücel, Næstved",1122,Næstved Kommune,Nej,Nej
kommunalvalg,"V. Venstre, Danmarks Liberale Parti",Tage Andersen,98,Morsø Kommune,Nej,Nej
kommunalvalg,"V. Venstre, Danmarks Liberale Parti","Tage Petersen, Midtals",0,Sønderborg Kommune,Nej,Nej
kommunalvalg,"V. Venstre, Danmarks Liberale Parti",Tanja Møllebæk Knudsen,0,Fredericia Kommune,Nej,Nej
kommunalvalg,"V. Venstre, Danmarks Liberale Parti","Terkel Hansen, Sandved",224,Næstved Kommune,Nej,Nej
kommunalvalg,"V. Venstre, Danmarks Liberale Parti",Tetiana Khaliuk,0,Ringkøbing-Skjern Kommune,Nej,Nej
kommunalvalg,"V. Venstre, Danmarks Liberale Parti","Therese Ørskov Kunoy, Mosede",0,Greve Kommune,Nej,Nej
kommunalvalg,"V. Venstre, Danmarks Liberale Parti","Thomas Andresen, Aabenraa",0,Aabenraa Kommune,Nej,Nej
kommunalvalg,"V. Venstre, Danmarks Liberale Parti","Thomas Baggi, Hjørring",56,Hjørring Kommune,Nej,Nej
kommunalvalg,"V. Venstre, Danmarks Liberale Parti",Thomas Bak,0,Københavns Kommune,Nej,Nej
kommunalvalg,"V. Venstre, Danmarks Liberale Parti","Thomas Bomm, Aabenraa",0,Aabenraa Kommune,Nej,Nej
kommunalvalg,"V. Venstre, Danmarks Liberale Parti","Thomas Borup Laursen, Viborg",63,Viborg Kommune,Nej,Nej
kommunalvalg,"V. Venstre, Danmarks Liberale Parti","Thomas Cilius Hansen, Strøby Egede",0,Stevns Kommune,Nej,Nej
kommunalvalg,"V. Venstre, Danmarks Liberale Parti",Thomas Dahlgaard,47,Morsø Kommune,Nej,Nej
kommunalvalg,"V. Venstre, Danmarks Liberale Parti","Thomas Damgaard, Møn",0,Vordingborg Kommune,Nej,Nej
kommunalvalg,"V. Venstre, Danmarks Liberale Parti",Thomas Hartmann,0,Lejre Kommune,Nej,Nej
kommunalvalg,"V. Venstre, Danmarks Liberale Parti",Thomas Hestbæk,0,Vejle Kommune,Nej,Nej
kommunalvalg,"V. Venstre, Danmarks Liberale Parti","Thomas Huge, Nørre Alslev",0,Guldborgsund Kommune,Nej,Nej
kommunalvalg,"V. Venstre, Danmarks Liberale Parti",Thomas Hørby,0,Albertslund Kommune,Nej,Nej
kommunalvalg,"V. Venstre, Danmarks Liberale Parti","Thomas Jørgensen, Sæby",0,Frederikshavn Kommune,Nej,Nej
kommunalvalg,"V. Venstre, Danmarks Liberale Parti",Thomas Kristensen,272,Ikast-Brande Kommune,Nej,Nej
kommunalvalg,"V. Venstre, Danmarks Liberale Parti",Thomas Kristoffersen,0,Odense Kommune,Nej,Nej
kommunalvalg,"V. Venstre, Danmarks Liberale Parti",Thomas Madsen,0,Hørsholm Kommune,Nej,Nej
kommunalvalg,"V. Venstre, Danmarks Liberale Parti",Thomas Møller Nielsen,0,Halsnæs Kommune,Nej,Nej
kommunalvalg,"V. Venstre, Danmarks Liberale Parti",Thomas Nordahl,315,Vesthimmerlands Kommune,Nej,Nej
kommunalvalg,"V. Venstre, Danmarks Liberale Parti",Thomas Olsen,82,Dragør Kommune,Nej,Nej
kommunalvalg,"V. Venstre, Danmarks Liberale Parti",Thomas Pedersen,0,Kalundborg Kommune,Nej,Nej
kommunalvalg,"V. Venstre, Danmarks Liberale Parti",Thomas Rosenkrands,0,Skive Kommune,Nej,Nej
kommunalvalg,"V. Venstre, Danmarks Liberale Parti","Thomas Sand Larsen, Øster Tørslev",0,Randers Kommune,Nej,Nej
kommunalvalg,"V. Venstre, Danmarks Liberale Parti","Thomas Schelde Pedersen, Hellebæk",0,Helsingør Kommune,Nej,Nej
kommunalvalg,"V. Venstre, Danmarks Liberale Parti","Thomas Sciavitsky Bentsen, Charlottenlund",93,Gentofte Kommune,Nej,Nej
kommunalvalg,"V. Venstre, Danmarks Liberale Parti","Thomas Skov Rasmussen, Ølstykke",0,Egedal Kommune,Nej,Nej
kommunalvalg,"V. Venstre, Danmarks Liberale Parti","Thomas Storm, Søften",704,Favrskov Kommune,Nej,Nej
kommunalvalg,"V. Venstre, Danmarks Liberale Parti",Thomas Tonsberg Schlie,0,Silkeborg Kommune,Nej,Nej
kommunalvalg,"V. Venstre, Danmarks Liberale Parti","Thomas Worm Larsen, Sydals",0,Sønderborg Kommune,Nej,Nej
kommunalvalg,"V. Venstre, Danmarks Liberale Parti",Thomas Østergaard,622,Ikast-Brande Kommune,Nej,Nej
kommunalvalg,"V. Venstre, Danmarks Liberale Parti","Thor Kryhlmand, Gistrup",0,Aalborg Kommune,Nej,Nej
kommunalvalg,"V. Venstre, Danmarks Liberale Parti","Thorkild NB Nielsen, Viborg",102,Viborg Kommune,Nej,Nej
kommunalvalg,"V. Venstre, Danmarks Liberale Parti","Thorsten Larsen-Seul, Holbæk",0,Holbæk Kommune,Nej,Nej
kommunalvalg,"V. Venstre, Danmarks Liberale Parti",Thrine Rimdal Nørgaard,0,Hedensted Kommune,Nej,Nej
kommunalvalg,"V. Venstre, Danmarks Liberale Parti",Thyge Havgaard Bjerring,0,Vejle Kommune,Nej,Nej
kommunalvalg,"V. Venstre, Danmarks Liberale Parti",Tilde Holch Duedahl,0,Tønder Kommune,Nej,Nej
kommunalvalg,"V. Venstre, Danmarks Liberale Parti","Tim Toldbod, Øster Brønderslev",0,Brønderslev Kommune,Nej,Nej
kommunalvalg,"V. Venstre, Danmarks Liberale Parti","Tina Agergaard Hansen, Ølgod",0,Varde Kommune,Nej,Nej
kommunalvalg,"V. Venstre, Danmarks Liberale Parti","Tina Bagh Kristensen, Aalborg",0,Aalborg Kommune,Nej,Nej
kommunalvalg,"V. Venstre, Danmarks Liberale Parti",Tina Hosbond,296,Morsø Kommune,Nej,Nej
kommunalvalg,"V. Venstre, Danmarks Liberale Parti","Tina Høve, Hårlev",0,Stevns Kommune,Nej,Nej
kommunalvalg,"V. Venstre, Danmarks Liberale Parti","Tina Løyche, Taastrup",0,Høje-Taastrup Kommune,Nej,Nej
kommunalvalg,"V. Venstre, Danmarks Liberale Parti",Tina Mandrup,0,Lejre Kommune,Nej,Nej
kommunalvalg,"V. Venstre, Danmarks Liberale Parti","Tina Skov Larsen, Ribe",0,Esbjerg Kommune,Nej,Nej
kommunalvalg,"V. Venstre, Danmarks Liberale Parti","Tine Grau Poulsen, Vissenbjerg",0,Assens Kommune,Nej,Nej
kommunalvalg,"V. Venstre, Danmarks Liberale Parti","Tine Lykke Thomsen, Maltbæk",0,Vejen Kommune,Nej,Nej
kommunalvalg,"V. Venstre, Danmarks Liberale Parti","Tine Riis Kristensen, Dalby",58,Kerteminde Kommune,Nej,Nej
kommunalvalg,"V. Venstre, Danmarks Liberale Parti",Tine Vinther Clausen,0,Lolland Kommune,Nej,Nej
kommunalvalg,"V. Venstre, Danmarks Liberale Parti","Tobias Dahl, Aalborg Øst",0,Aalborg Kommune,Nej,Nej
kommunalvalg,"V. Venstre, Danmarks Liberale Parti","Tobias Jørgensen, Hoppeshuse",427,Kolding Kommune,Nej,Nej
kommunalvalg,"V. Venstre, Danmarks Liberale Parti","Tom Arnt Thorup, Varde",0,Varde Kommune,Nej,Nej
kommunalvalg,"V. Venstre, Danmarks Liberale Parti",Tom Lysgaard,0,Frederikssund Kommune,Nej,Nej
kommunalvalg,"V. Venstre, Danmarks Liberale Parti",Tom Rytkjær,0,Hørsholm Kommune,Nej,Nej
kommunalvalg,"V. Venstre, Danmarks Liberale Parti",Tomas Sundbäck,8,Læsø Kommune,Nej,Nej
kommunalvalg,"V. Venstre, Danmarks Liberale Parti","Tommy Bødker Jensen, Randers",0,Randers Kommune,Nej,Nej
kommunalvalg,"V. Venstre, Danmarks Liberale Parti",Tommy Wedel,0,Lyngby-Taarbæk Kommune,Nej,Nej
kommunalvalg,"V. Venstre, Danmarks Liberale Parti","Tonny Winther, Vrå",73,Hjørring Kommune,Nej,Nej
kommunalvalg,"V. Venstre, Danmarks Liberale Parti",Torben Bloch,0,Silkeborg Kommune,Nej,Nej
kommunalvalg,"V. Venstre, Danmarks Liberale Parti","Torben Froberg Poulsen, Nibe",0,Aalborg Kommune,Nej,Nej
kommunalvalg,"V. Venstre, Danmarks Liberale Parti","Torben Haraldsted, Hellerup",29,Gentofte Kommune,Nej,Nej
kommunalvalg,"V. Venstre, Danmarks Liberale Parti","Torben Lund, Kolding",675,Kolding Kommune,Nej,Nej
kommunalvalg,"V. Venstre, Danmarks Liberale Parti",Torben Nielsen,0,Nyborg Kommune,Nej,Nej
kommunalvalg,"V. Venstre, Danmarks Liberale Parti",Torben Nowicki Rasmussen,0,Hvidovre Kommune,Nej,Nej
kommunalvalg,"V. Venstre, Danmarks Liberale Parti",Torben Rasmussen,0,Slagelse Kommune,Nej,Nej
kommunalvalg,"V. Venstre, Danmarks Liberale Parti",Torben Rønne Petersen,10,Hillerød Kommune,Nej,Nej
kommunalvalg,"V. Venstre, Danmarks Liberale Parti",Torben Skytte Raahede,0,Københavns Kommune,Nej,Nej
kommunalvalg,"V. Venstre, Danmarks Liberale Parti","Torben Thillemann Jakobsen, Svendborg",0,Svendborg Kommune,Nej,Nej
kommunalvalg,"V. Venstre, Danmarks Liberale Parti",Troels Overgaard,0,Vejle Kommune,Nej,Nej
kommunalvalg,"V. Venstre, Danmarks Liberale Parti",Tue Villebro,0,Gribskov Kommune,Nej,Nej
kommunalvalg,"V. Venstre, Danmarks Liberale Parti","Ulla Bollerup Petersen, Veerst",0,Vejen Kommune,Nej,Nej
kommunalvalg,"V. Venstre, Danmarks Liberale Parti","Ulla Flintholm, Fjerritslev",0,Jammerbugt Kommune,Nej,Nej
kommunalvalg,"V. Venstre, Danmarks Liberale Parti",Ulla Hansen,23,Hillerød Kommune,Nej,Nej
kommunalvalg,"V. Venstre, Danmarks Liberale Parti",Ulla Thillerup,0,Rudersdal Kommune,Nej,Nej
kommunalvalg,"V. Venstre, Danmarks Liberale Parti",Ulrich Kristensen,0,Billund Kommune,Nej,Nej
kommunalvalg,"V. Venstre, Danmarks Liberale Parti",Ulrik Bjørn Nielsen,0,Ishøj Kommune,Nej,Nej
kommunalvalg,"V. Venstre, Danmarks Liberale Parti",Ulrik Hyldgaard,0,Herning Kommune,Nej,Nej
kommunalvalg,"V. Venstre, Danmarks Liberale Parti",Ulrik Iversen,0,Rudersdal Kommune,Nej,Nej
kommunalvalg,"V. Venstre, Danmarks Liberale Parti","Ulrik Kølle Hansen, Bagenkop",488,Langeland Kommune,Nej,Nej
kommunalvalg,"V. Venstre, Danmarks Liberale Parti",Ulrik Sejersdal Nielsen,0,Køge Kommune,Nej,Nej
kommunalvalg,"V. Venstre, Danmarks Liberale Parti","Ulrikka Brændgaard Nissen, Solevad",0,Assens Kommune,Nej,Nej
kommunalvalg,"V. Venstre, Danmarks Liberale Parti",Vagn Koch Jensen,4,Fredensborg Kommune,Nej,Nej
kommunalvalg,"V. Venstre, Danmarks Liberale Parti","Vagn Sørensen, Glejbjerg",0,Vejen Kommune,Nej,Nej
kommunalvalg,"V. Venstre, Danmarks Liberale Parti","Valle Hansen, Rudkøbing",25,Langeland Kommune,Nej,Nej
kommunalvalg,"V. Venstre, Danmarks Liberale Parti",Vibeke Nørly,0,Slagelse Kommune,Nej,Nej
kommunalvalg,"V. Venstre, Danmarks Liberale Parti","Victor Lindberg, Helsingør",0,Helsingør Kommune,Nej,Nej
kommunalvalg,"V. Venstre, Danmarks Liberale Parti",Viggo Kjær Poulsen,0,Hedensted Kommune,Nej,Nej
kommunalvalg,"V. Venstre, Danmarks Liberale Parti",Viggo Søbjerg,0,Halsnæs Kommune,Nej,Nej
kommunalvalg,"V. Venstre, Danmarks Liberale Parti","Vincent Lucas Daniel, Kristiansminde",0,Norddjurs Kommune,Nej,Nej
kommunalvalg,"V. Venstre, Danmarks Liberale Parti",Viola Mathiasen,0,Gribskov Kommune,Nej,Nej
kommunalvalg,"V. Venstre, Danmarks Liberale Parti","Vivi Brit Nielsen, Sønderborg",0,Sønderborg Kommune,Nej,Nej
kommunalvalg,"V. Venstre, Danmarks Liberale Parti","Vivi Gilsager, Helgenæs",43,Syddjurs Kommune,Nej,Nej
kommunalvalg,"V. Venstre, Danmarks Liberale Parti",Vivian Munch Petersen,0,Bornholms Regionskommune,Nej,Nej
kommunalvalg,"V. Venstre, Danmarks Liberale Parti",Zeljka Secerbegovic,0,Herning Kommune,Nej,Nej
kommunalvalg,"V. Venstre, Danmarks Liberale Parti",Zeynep Bardakci,0,Københavns Kommune,Nej,Nej
kommunalvalg,"V. Venstre, Danmarks Liberale Parti",Øyvind B. Fabricius Holm,0,Albertslund Kommune,Nej,Nej
kommunalvalg,"V. Venstre, Danmarks Liberale Parti",Øzgen Yücel,595,Hillerød Kommune,Nej,Nej
kommunalvalg,W. Thomas Bech - Børn og Borgere først,Listestemmer,0,Frederikssund Kommune,Nej,Nej
kommunalvalg,W. Thomas Bech - Børn og Borgere først,"Thomas Bech, Jægerspris",0,Frederikssund Kommune,Nej,Nej
kommunalvalg,Y. Fælles Fremtid,Khalid Al-Subaihi,0,Københavns Kommune,Nej,Nej
kommunalvalg,Y. Fælles Fremtid,Listestemmer,0,Københavns Kommune,Nej,Nej
kommunalvalg,Y. Fælles Fremtid,Sander Pennerup,0,Københavns Kommune,Nej,Nej
kommunalvalg,Y. Klar Retning,Listestemmer,10,Faxe Kommune,Nej,Nej
kommunalvalg,Y. Klar Retning,"Simon Dedenroth Sveigaard, Dalby",22,Faxe Kommune,Nej,Nej
kommunalvalg,Y. Solidarisk ansvar,Listestemmer,0,Middelfart Kommune,Nej,Nej
kommunalvalg,Y. Solidarisk ansvar,Morten Bender Adamsen,0,Middelfart Kommune,Nej,Nej
kommunalvalg,Y. Stefan Warburg,Listestemmer,0,Helsingør Kommune,Nej,Nej
kommunalvalg,Y. Stefan Warburg,Stefan Warburg,0,Helsingør Kommune,Nej,Nej
kommunalvalg,Y. Velfærdsdemokraterne,"Barbara Krarup Hansen, Tønder",0,Tønder Kommune,Nej,Nej
kommunalvalg,Y. Velfærdsdemokraterne,Birgith Bondekjær Langballe,81,Viborg Kommune,Nej,Nej
kommunalvalg,Y. Velfærdsdemokraterne,Birthe Harritz,200,Viborg Kommune,Nej,Nej
kommunalvalg,Y. Velfærdsdemokraterne,Katrine Ørnebjerg Larsen,6,Viborg Kommune,Nej,Nej
kommunalvalg,Y. Velfærdsdemokraterne,Listestemmer,142,Tønder Kommune,Nej,Nej
kommunalvalg,Y. Velfærdsdemokraterne,Marianne Aaris Andersen,82,Viborg Kommune,Nej,Nej
kommunalvalg,Y. Velfærdsdemokraterne,Mette Nielsen,609,Viborg Kommune,Nej,Nej
kommunalvalg,Y. Velfærdsdemokraterne,Rikke Cramer Christiansen,60,Viborg Kommune,Nej,Nej
kommunalvalg,Y. Velfærdsdemokraterne,"Sigurd Lidegaard Olesen, Tønder",0,Tønder Kommune,Nej,Nej
kommunalvalg,Z. Folkebevægelsen Danmark,Christina Hammergaard,0,Guldborgsund Kommune,Nej,Nej
kommunalvalg,Z. Folkebevægelsen Danmark,John Bo Hansen,0,Guldborgsund Kommune,Nej,Nej
kommunalvalg,Z. Folkebevægelsen Danmark,Kai Jørgensen,0,Guldborgsund Kommune,Nej,Nej
kommunalvalg,Z. Folkebevægelsen Danmark,Kim Egelund,0,Guldborgsund Kommune,Nej,Nej
kommunalvalg,Z. Folkebevægelsen Danmark,Listestemmer,0,Guldborgsund Kommune,Nej,Nej
kommunalvalg,Z. Folkebevægelsen Danmark,Michael Christiansen,0,Guldborgsund Kommune,Nej,Nej
kommunalvalg,Z. Saxen,Listestemmer,0,Lyngby-Taarbæk Kommune,Nej,Nej
kommunalvalg,Z. Saxen,"Martin Saxen, Lundtofte",0,Lyngby-Taarbæk Kommune,Nej,Nej
kommunalvalg,Z. Solidarisk Integritet,Listestemmer,0,Københavns Kommune,Nej,Nej
kommunalvalg,Z. Solidarisk Integritet,Stig Jørgensen,0,Københavns Kommune,Nej,Nej
kommunalvalg,Z. Velfærdslisten Syddjurs,Listestemmer,37,Syddjurs Kommune,Nej,Nej
kommunalvalg,Z. Velfærdslisten Syddjurs,Per Øxenholt,127,Syddjurs Kommune,Nej,Nej
kommunalvalg,Z. Velfærdslisten Syddjurs,Thea Hjøllund Hansen,84,Syddjurs Kommune,Nej,Nej
kommunalvalg,Å. Alternativet,André Charles Knudsen,0,Middelfart Kommune,Nej,Nej
kommunalvalg,Å. Alternativet,Anette Jensen Smith,274,Mariagerfjord Kommune,Nej,Nej
kommunalvalg,Å. Alternativet,"Ann-Sophie Christensen, Odense C",0,Odense Kommune,Nej,Nej
kommunalvalg,Å. Alternativet,"Anna Calero, Malling",0,Aarhus Kommune,Nej,Nej
kommunalvalg,Å. Alternativet,"Anna Holst Schumacher, Overlund",75,Viborg Kommune,Nej,Nej
kommunalvalg,Å. Alternativet,Anne Guldborg Pedersen,0,Aalborg Kommune,Nej,Nej
kommunalvalg,Å. Alternativet,Anne-Dorrit Harris,0,Aalborg Kommune,Nej,Nej
kommunalvalg,Å. Alternativet,Anne-Marie Hemmeth,0,Aalborg Kommune,Nej,Nej
kommunalvalg,Å. Alternativet,Annedorthe Kring,0,Frederiksberg Kommune,Nej,Nej
kommunalvalg,Å. Alternativet,Anton Hannibal Gregersen,0,Lejre Kommune,Nej,Nej
kommunalvalg,Å. Alternativet,"Astrid Fogh, Erritsø",0,Fredericia Kommune,Nej,Nej
kommunalvalg,Å. Alternativet,"Aurin R., Ørbæk",0,Nyborg Kommune,Nej,Nej
kommunalvalg,Å. Alternativet,Benjamin Strand Andersen,132,Fanø Kommune,Nej,Nej
kommunalvalg,Å. Alternativet,"Bent Kyndesen, Husby",0,Vejle Kommune,Nej,Nej
kommunalvalg,Å. Alternativet,Birgitte Kehler Holst,0,Københavns Kommune,Nej,Nej
kommunalvalg,Å. Alternativet,"Bjarne Christiansen, Nyborg",0,Nyborg Kommune,Nej,Nej
kommunalvalg,Å. Alternativet,"Bjørn Olsen, Risskov",0,Aarhus Kommune,Nej,Nej
kommunalvalg,Å. Alternativet,"Bo Nielsen, Holsted",0,Vejen Kommune,Nej,Nej
kommunalvalg,Å. Alternativet,"Bodil Helbo, Odense C",0,Odense Kommune,Nej,Nej
kommunalvalg,Å. Alternativet,Camilla Dolberg Schmidt,0,Lyngby-Taarbæk Kommune,Nej,Nej
kommunalvalg,Å. Alternativet,"Carsten Borup, Beder",0,Aarhus Kommune,Nej,Nej
kommunalvalg,Å. Alternativet,Cassandra James,0,Svendborg Kommune,Nej,Nej
kommunalvalg,Å. Alternativet,Catharina Næsby Malkki,0,Københavns Kommune,Nej,Nej
kommunalvalg,Å. Alternativet,Charlotte Torp,0,Furesø Kommune,Nej,Nej
kommunalvalg,Å. Alternativet,"Christa If Jensen, Holte",0,Rudersdal Kommune,Nej,Nej
kommunalvalg,Å. Alternativet,"Christina Maria Petersen, Kulhuse",0,Frederikssund Kommune,Nej,Nej
kommunalvalg,Å. Alternativet,Christoffer Vaaben Ladefoged,0,Middelfart Kommune,Nej,Nej
kommunalvalg,Å. Alternativet,"Coco Kjærgaard, Børkop",0,Vejle Kommune,Nej,Nej
kommunalvalg,Å. Alternativet,Dan Zaklikowesky,0,Helsingør Kommune,Nej,Nej
kommunalvalg,Å. Alternativet,Daniel Barrera Madsen,59,Fredensborg Kommune,Nej,Nej
kommunalvalg,Å. Alternativet,"Dennis Bo Petersen, Ødum",102,Favrskov Kommune,Nej,Nej
kommunalvalg,Å. Alternativet,"Didde Krabbe Johannesen, Viborg",58,Viborg Kommune,Nej,Nej
kommunalvalg,Å. Alternativet,Edvard Korsbæk,0,Esbjerg Kommune,Nej,Nej
kommunalvalg,Å. Alternativet,Emil Sloth,0,Københavns Kommune,Nej,Nej
kommunalvalg,Å. Alternativet,"Emma Laumann, Viborg",124,Viborg Kommune,Nej,Nej
kommunalvalg,Å. Alternativet,Hanne Juel,0,Furesø Kommune,Nej,Nej
kommunalvalg,Å. Alternativet,"Hans Biering Fonsbøl, Bredballe",0,Vejle Kommune,Nej,Nej
kommunalvalg,Å. Alternativet,Hekla Hekla,0,Lyngby-Taarbæk Kommune,Nej,Nej
kommunalvalg,Å. Alternativet,"Inger Isaksen, Viborg",15,Viborg Kommune,Nej,Nej
kommunalvalg,Å. Alternativet,Isabella Apelroth,0,Roskilde Kommune,Nej,Nej
kommunalvalg,Å. Alternativet,"Jacob Holm, Odense SØ",0,Odense Kommune,Nej,Nej
kommunalvalg,Å. Alternativet,Jakob Ravn Karlsen,0,Københavns Kommune,Nej,Nej
kommunalvalg,Å. Alternativet,"Jan Allan Andersen, Rødvig",0,Stevns Kommune,Nej,Nej
kommunalvalg,Å. Alternativet,"Jens Boll, Bjerringbro",24,Viborg Kommune,Nej,Nej
kommunalvalg,Å. Alternativet,"Jens Peter Mølgaard, Feldballe",11,Syddjurs Kommune,Nej,Nej
kommunalvalg,Å. Alternativet,"Jeppe Spure Nielsen, Aarhus C",0,Aarhus Kommune,Nej,Nej
kommunalvalg,Å. Alternativet,Jiesper Tristan Pedersen,0,Københavns Kommune,Nej,Nej
kommunalvalg,Å. Alternativet,Johannes Erfurth,0,Københavns Kommune,Nej,Nej
kommunalvalg,Å. Alternativet,"Joy Estlander, Klippinge",0,Stevns Kommune,Nej,Nej
kommunalvalg,Å. Alternativet,Jytte Madvig Evald,0,Tønder Kommune,Nej,Nej
kommunalvalg,Å. Alternativet,"Karen Bønløkke Davis, Hornslet",30,Syddjurs Kommune,Nej,Nej
kommunalvalg,Å. Alternativet,"Karina Konrad, Malling",0,Aarhus Kommune,Nej,Nej
kommunalvalg,Å. Alternativet,Karoline Lindgaard,0,Københavns Kommune,Nej,Nej
kommunalvalg,Å. Alternativet,"Kim Arthur, Skærbæk",0,Fredericia Kommune,Nej,Nej
kommunalvalg,Å. Alternativet,Kim Hjerrild,0,Frederiksberg Kommune,Nej,Nej
kommunalvalg,Å. Alternativet,"Kim Sørensen, Hornslet",22,Syddjurs Kommune,Nej,Nej
kommunalvalg,Å. Alternativet,"Lars Erik Sørensen, Hornslet",40,Syddjurs Kommune,Nej,Nej
kommunalvalg,Å. Alternativet,"Lars Therkelsen, Vejle",0,Vejle Kommune,Nej,Nej
kommunalvalg,Å. Alternativet,Lars-Emil Woetmann,0,Holbæk Kommune,Nej,Nej
kommunalvalg,Å. Alternativet,"Lene K. Nielsen, Birkerød",0,Rudersdal Kommune,Nej,Nej
kommunalvalg,Å. Alternativet,Lene Kaltwasser Leonhardt,2,Fanø Kommune,Nej,Nej
kommunalvalg,Å. Alternativet,Linda Frølund,0,Middelfart Kommune,Nej,Nej
kommunalvalg,Å. Alternativet,Liselotte Katarina Rotfeld,121,Næstved Kommune,Nej,Nej
kommunalvalg,Å. Alternativet,Listestemmer,698,Aalborg Kommune,Nej,Nej
kommunalvalg,Å. Alternativet,"Ludvig Wittrup, Slangerup",0,Frederikssund Kommune,Nej,Nej
kommunalvalg,Å. Alternativet,"Mads Damgaard Mortensen, Hedensted",0,Hedensted Kommune,Nej,Nej
kommunalvalg,Å. Alternativet,"Maria Dalum, Odense C",0,Odense Kommune,Nej,Nej
kommunalvalg,Å. Alternativet,Maria Lund Nielsen,0,Middelfart Kommune,Nej,Nej
kommunalvalg,Å. Alternativet,"Maria Rasmussen, Ebeltoft",23,Syddjurs Kommune,Nej,Nej
kommunalvalg,Å. Alternativet,"Maria Staffe, Strøby",0,Stevns Kommune,Nej,Nej
kommunalvalg,Å. Alternativet,Mariane Lunden,0,Halsnæs Kommune,Nej,Nej
kommunalvalg,Å. Alternativet,Martin Kjærulff,0,Københavns Kommune,Nej,Nej
kommunalvalg,Å. Alternativet,"Maud Margrethe Pedersen, Dronningmølle",0,Gribskov Kommune,Nej,Nej
kommunalvalg,Å. Alternativet,"Maya Maria Raunsholt, Øverød",0,Rudersdal Kommune,Nej,Nej
kommunalvalg,Å. Alternativet,Mayanoa Kjærgård,0,Odsherred Kommune,Nej,Nej
kommunalvalg,Å. Alternativet,"Mette B. Valentin, Ullerslev",0,Nyborg Kommune,Nej,Nej
kommunalvalg,Å. Alternativet,Mette Bielefeldt Bruun,68,Næstved Kommune,Nej,Nej
kommunalvalg,Å. Alternativet,Mette Bram,0,Frederiksberg Kommune,Nej,Nej
kommunalvalg,Å. Alternativet,"Mette Foged, Egens",390,Syddjurs Kommune,Nej,Nej
kommunalvalg,Å. Alternativet,Michael Monberg,0,Køge Kommune,Nej,Nej
kommunalvalg,Å. Alternativet,Mikael Hertig,0,Sønderborg Kommune,Nej,Nej
kommunalvalg,Å. Alternativet,Mikael Winther,0,Haderslev Kommune,Nej,Nej
kommunalvalg,Å. Alternativet,Mikkel Bahl,0,Københavns Kommune,Nej,Nej
kommunalvalg,Å. Alternativet,Mikkel Larsson,0,Aalborg Kommune,Nej,Nej
kommunalvalg,Å. Alternativet,Mikkel Skovlyst,0,Egedal Kommune,Nej,Nej
kommunalvalg,Å. Alternativet,Morten Greve,0,Helsingør Kommune,Nej,Nej
kommunalvalg,Å. Alternativet,Nana Løcke Buttenschøn,0,Glostrup Kommune,Nej,Nej
kommunalvalg,Å. Alternativet,Nanna Høyrup,0,Halsnæs Kommune,Nej,Nej
kommunalvalg,Å. Alternativet,"Nikoline Erbs Hillers-Bendtsen, Aarhus C",0,Aarhus Kommune,Nej,Nej
kommunalvalg,Å. Alternativet,"Nilas Bay-Foged, Brabrand",0,Aarhus Kommune,Nej,Nej
kommunalvalg,Å. Alternativet,"Olav Bach, Bredballe",0,Vejle Kommune,Nej,Nej
kommunalvalg,Å. Alternativet,Ole Dupont Kofod,0,Assens Kommune,Nej,Nej
kommunalvalg,Å. Alternativet,Per Fabricius Ramsing,0,Københavns Kommune,Nej,Nej
kommunalvalg,Å. Alternativet,"Peter Bilgrav, Knudby",86,Viborg Kommune,Nej,Nej
kommunalvalg,Å. Alternativet,Qasam Nazir Ahmad,0,Halsnæs Kommune,Nej,Nej
kommunalvalg,Å. Alternativet,Rasmus Rydahl,0,Billund Kommune,Nej,Nej
kommunalvalg,Å. Alternativet,"Rune Ranaivo Bjerremand, Gadbjerg",0,Vejle Kommune,Nej,Nej
kommunalvalg,Å. Alternativet,Salik Anders Rosing,0,Helsingør Kommune,Nej,Nej
kommunalvalg,Å. Alternativet,"Sarah Roued Thomsen, Feldballe",149,Syddjurs Kommune,Nej,Nej
kommunalvalg,Å. Alternativet,"Simon Nyborg Jensen, Odense V",0,Odense Kommune,Nej,Nej
kommunalvalg,Å. Alternativet,"Simon Rigét, Annisse Nord",0,Gribskov Kommune,Nej,Nej
kommunalvalg,Å. Alternativet,Sofie Faureholm Lundsberg,0,Halsnæs Kommune,Nej,Nej
kommunalvalg,Å. Alternativet,"Stine Isaksen, Viborg",1140,Viborg Kommune,Nej,Nej
kommunalvalg,Å. Alternativet,"Susie O. Cowan, Birkerød",0,Rudersdal Kommune,Nej,Nej
kommunalvalg,Å. Alternativet,Søren B. Scott,0,Københavns Kommune,Nej,Nej
kommunalvalg,Å. Alternativet,"Søren Dalmark, Nyborg",0,Nyborg Kommune,Nej,Nej
kommunalvalg,Å. Alternativet,Søren Haastrup,0,Haderslev Kommune,Nej,Nej
kommunalvalg,Å. Alternativet,"Tenna Duch Schaldemose, Aarhus C",0,Aarhus Kommune,Nej,Nej
kommunalvalg,Å. Alternativet,Thomas Mølgaard Andersen,0,Frederiksberg Kommune,Nej,Nej
kommunalvalg,Å. Alternativet,"Thomas Quist Mortensen, Ebeltoft",31,Syddjurs Kommune,Nej,Nej
kommunalvalg,Å. Alternativet,"Thomas Vestergaard, Tange",15,Viborg Kommune,Nej,Nej
kommunalvalg,Å. Alternativet,"Thor C. Jonasen, Trøjborg",0,Aarhus Kommune,Nej,Nej
kommunalvalg,Å. Alternativet,Tim Wodskou,0,Frederiksberg Kommune,Nej,Nej
kommunalvalg,Å. Alternativet,Tine Loft Thomsen,0,Furesø Kommune,Nej,Nej
kommunalvalg,Å. Alternativet,Tola Lubieniecka-Majewska,147,Fredensborg Kommune,Nej,Nej
kommunalvalg,Å. Alternativet,"Trine Vind, Søballe",0,Skanderborg Kommune,Nej,Nej
kommunalvalg,Å. Alternativet,Yurdal Cicek,72,Næstved Kommune,Nej,Nej
kommunalvalg,Æ. Danmarksdemokraterne,Brian Hansen,34,Nordfyns Kommune,Nej,Nej
kommunalvalg,Æ. Danmarksdemokraterne,Henrik Damborg Sørensen,18,Nordfyns Kommune,Nej,Nej
kommunalvalg,Æ. Danmarksdemokraterne,Leif Olsen,135,Nordfyns Kommune,Nej,Nej
kommunalvalg,Æ. Danmarksdemokraterne,Listestemmer,360,Nordfyns Kommune,Nej,Nej
kommunalvalg,Æ. Danmarksdemokraterne,Nikolaj Vang,699,Nordfyns Kommune,Nej,Nej
kommunalvalg,Æ. Danmarksdemokraterne,Rikke Groth,103,Nordfyns Kommune,Nej,Nej
kommunalvalg,Æ. Danmarksdemokraterne -  Inger Støjberg,Aleksander Rinaldo,0,Hvidovre Kommune,Nej,Nej
kommunalvalg,Æ. Danmarksdemokraterne -  Inger Støjberg,Listestemmer,0,Hvidovre Kommune,Nej,Nej
kommunalvalg,Æ. Danmarksdemokraterne -  Inger Støjberg,Mathias Rinaldo,0,Hvidovre Kommune,Nej,Nej
kommunalvalg,Æ. Danmarksdemokraterne -  Inger Støjberg,Thomas Jensen,0,Hvidovre Kommune,Nej,Nej
kommunalvalg,Æ. Danmarksdemokraterne - Inger Støjberg,"Alexander Green, Them",0,Silkeborg Kommune,Nej,Nej
kommunalvalg,Æ. Danmarksdemokraterne - Inger Støjberg,Allan Clifford Christensen,155,Viborg Kommune,Nej,Nej
kommunalvalg,Æ. Danmarksdemokraterne - Inger Støjberg,Allan Iversen,0,Ringkøbing-Skjern Kommune,Nej,Nej
kommunalvalg,Æ. Danmarksdemokraterne - Inger Støjberg,"Allan S. Rasmussen, Aarø",0,Haderslev Kommune,Nej,Nej
kommunalvalg,Æ. Danmarksdemokraterne - Inger Støjberg,"Anders H. Andersen, Sølsted",0,Tønder Kommune,Nej,Nej
kommunalvalg,Æ. Danmarksdemokraterne - Inger Støjberg,Anders I. Brøns,149,Viborg Kommune,Nej,Nej
kommunalvalg,Æ. Danmarksdemokraterne - Inger Støjberg,"Anders Lund Nielsen, Store Heddinge",0,Stevns Kommune,Nej,Nej
kommunalvalg,Æ. Danmarksdemokraterne - Inger Støjberg,"Anders Lund, Skærbæk",0,Tønder Kommune,Nej,Nej
kommunalvalg,Æ. Danmarksdemokraterne - Inger Støjberg,"Anders Simmelsgaard Krogh, Skive",0,Skive Kommune,Nej,Nej
kommunalvalg,Æ. Danmarksdemokraterne - Inger Støjberg,"Andreas Fischer, Svendborg",0,Svendborg Kommune,Nej,Nej
kommunalvalg,Æ. Danmarksdemokraterne - Inger Støjberg,"Andreas Huus Andersen, Hjørring",618,Hjørring Kommune,Nej,Nej
kommunalvalg,Æ. Danmarksdemokraterne - Inger Støjberg,Andreas Kjeldsen,22,Viborg Kommune,Nej,Nej
kommunalvalg,Æ. Danmarksdemokraterne - Inger Støjberg,"Andreas Ranvits, Esbjerg",0,Esbjerg Kommune,Nej,Nej
kommunalvalg,Æ. Danmarksdemokraterne - Inger Støjberg,Anette Jensen,0,Aalborg Kommune,Nej,Nej
kommunalvalg,Æ. Danmarksdemokraterne - Inger Støjberg,Anfinn Miklagard,79,Viborg Kommune,Nej,Nej
kommunalvalg,Æ. Danmarksdemokraterne - Inger Støjberg,"Anja Busch, Ringe",0,Faaborg-Midtfyn Kommune,Nej,Nej
kommunalvalg,Æ. Danmarksdemokraterne - Inger Støjberg,"Anker Møller, Ringe",0,Faaborg-Midtfyn Kommune,Nej,Nej
kommunalvalg,Æ. Danmarksdemokraterne - Inger Støjberg,Ann Spetzler,0,Glostrup Kommune,Nej,Nej
kommunalvalg,Æ. Danmarksdemokraterne - Inger Støjberg,Anna Spindler,0,Holbæk Kommune,Nej,Nej
kommunalvalg,Æ. Danmarksdemokraterne - Inger Støjberg,Anne Grethe Hallum,0,Vejen Kommune,Nej,Nej
kommunalvalg,Æ. Danmarksdemokraterne - Inger Støjberg,"Annette Dyrbye Jensen, Vrensted",248,Hjørring Kommune,Nej,Nej
kommunalvalg,Æ. Danmarksdemokraterne - Inger Støjberg,"Anton Rosenstrøm Laursen, Smidstrup",0,Vejle Kommune,Nej,Nej
kommunalvalg,Æ. Danmarksdemokraterne - Inger Støjberg,Arne Andersen,0,Slagelse Kommune,Nej,Nej
kommunalvalg,Æ. Danmarksdemokraterne - Inger Støjberg,Arne Bo Nissen,0,Odense Kommune,Nej,Nej
kommunalvalg,Æ. Danmarksdemokraterne - Inger Støjberg,Arne Olsen,128,Sorø Kommune,Nej,Nej
kommunalvalg,Æ. Danmarksdemokraterne - Inger Støjberg,Arne Otto Ditlevsen,55,Kerteminde Kommune,Nej,Nej
kommunalvalg,Æ. Danmarksdemokraterne - Inger Støjberg,"Arne Raaballe, Vonge",0,Vejle Kommune,Nej,Nej
kommunalvalg,Æ. Danmarksdemokraterne - Inger Støjberg,Arne Simon Hansen,0,Tårnby Kommune,Nej,Nej
kommunalvalg,Æ. Danmarksdemokraterne - Inger Støjberg,Astrid Barslund,0,Lejre Kommune,Nej,Nej
kommunalvalg,Æ. Danmarksdemokraterne - Inger Støjberg,Benny Bindslev,0,Tårnby Kommune,Nej,Nej
kommunalvalg,Æ. Danmarksdemokraterne - Inger Støjberg,Benny Damgaard,0,Lolland Kommune,Nej,Nej
kommunalvalg,Æ. Danmarksdemokraterne - Inger Støjberg,Benny Schmidt,0,Norddjurs Kommune,Nej,Nej
kommunalvalg,Æ. Danmarksdemokraterne - Inger Støjberg,"Bent Bøgsted, Østervrå",0,Frederikshavn Kommune,Nej,Nej
kommunalvalg,Æ. Danmarksdemokraterne - Inger Støjberg,Bent Conradsen,0,Odense Kommune,Nej,Nej
kommunalvalg,Æ. Danmarksdemokraterne - Inger Støjberg,"Bent Juul Sørensen, Dunkær",315,Ærø Kommune,Nej,Nej
kommunalvalg,Æ. Danmarksdemokraterne - Inger Støjberg,Bente Abrahamsen,265,Faxe Kommune,Nej,Nej
kommunalvalg,Æ. Danmarksdemokraterne - Inger Støjberg,"Bente B. Larsen, Ebeltoft",117,Syddjurs Kommune,Nej,Nej
kommunalvalg,Æ. Danmarksdemokraterne - Inger Støjberg,Bente Tarp Rasmussen,0,Fredericia Kommune,Nej,Nej
kommunalvalg,Æ. Danmarksdemokraterne - Inger Støjberg,"Betina Bugge, Fur",0,Skive Kommune,Nej,Nej
kommunalvalg,Æ. Danmarksdemokraterne - Inger Støjberg,Betina Møldrup Ringsted,0,Odense Kommune,Nej,Nej
kommunalvalg,Æ. Danmarksdemokraterne - Inger Støjberg,Bill Larsen,102,Faxe Kommune,Nej,Nej
kommunalvalg,Æ. Danmarksdemokraterne - Inger Støjberg,"Birgit Erichsen, Ølstykke",0,Egedal Kommune,Nej,Nej
kommunalvalg,Æ. Danmarksdemokraterne - Inger Støjberg,Birgit Mejnert,69,Viborg Kommune,Nej,Nej
kommunalvalg,Æ. Danmarksdemokraterne - Inger Støjberg,"Birgitte Sørensen, Aars",386,Vesthimmerlands Kommune,Nej,Nej
kommunalvalg,Æ. Danmarksdemokraterne - Inger Støjberg,Bjarne Burgdorff,0,Varde Kommune,Nej,Nej
kommunalvalg,Æ. Danmarksdemokraterne - Inger Støjberg,"Bjarne Jensen, Horsens",0,Horsens Kommune,Nej,Nej
kommunalvalg,Æ. Danmarksdemokraterne - Inger Støjberg,"Bjarne Jeppesen, Blokhus",0,Jammerbugt Kommune,Nej,Nej
kommunalvalg,Æ. Danmarksdemokraterne - Inger Støjberg,"Bjarne Pedersen, Vejle",0,Vejle Kommune,Nej,Nej
kommunalvalg,Æ. Danmarksdemokraterne - Inger Støjberg,Bjørn Stampe,0,Nyborg Kommune,Nej,Nej
kommunalvalg,Æ. Danmarksdemokraterne - Inger Støjberg,"Bo Leander Gylling, Søvind",0,Horsens Kommune,Nej,Nej
kommunalvalg,Æ. Danmarksdemokraterne - Inger Støjberg,Bo Rasmussen,61,Kolding Kommune,Nej,Nej
kommunalvalg,Æ. Danmarksdemokraterne - Inger Støjberg,"Bo Sand Kristensen, Brande",301,Ikast-Brande Kommune,Nej,Nej
kommunalvalg,Æ. Danmarksdemokraterne - Inger Støjberg,"Bo Schnedler Pedersen, Thyregod",0,Vejle Kommune,Nej,Nej
kommunalvalg,Æ. Danmarksdemokraterne - Inger Støjberg,Bob Richard Nielsen,0,Guldborgsund Kommune,Nej,Nej
kommunalvalg,Æ. Danmarksdemokraterne - Inger Støjberg,"Brian Højmark, Ørebro",0,Jammerbugt Kommune,Nej,Nej
kommunalvalg,Æ. Danmarksdemokraterne - Inger Støjberg,Brian Mørch,0,Solrød Kommune,Nej,Nej
kommunalvalg,Æ. Danmarksdemokraterne - Inger Støjberg,Brian Winther,34,Læsø Kommune,Nej,Nej
kommunalvalg,Æ. Danmarksdemokraterne - Inger Støjberg,Bruno Bomholdt,0,Gribskov Kommune,Nej,Nej
kommunalvalg,Æ. Danmarksdemokraterne - Inger Støjberg,"Børge Egebak, Sæby",0,Frederikshavn Kommune,Nej,Nej
kommunalvalg,Æ. Danmarksdemokraterne - Inger Støjberg,Carsten Dohrmann,0,Sønderborg Kommune,Nej,Nej
kommunalvalg,Æ. Danmarksdemokraterne - Inger Støjberg,"Carsten Dyhre Hansen, Aarøsund",0,Haderslev Kommune,Nej,Nej
kommunalvalg,Æ. Danmarksdemokraterne - Inger Støjberg,Carsten Hempel-Hansen,72,Hillerød Kommune,Nej,Nej
kommunalvalg,Æ. Danmarksdemokraterne - Inger Støjberg,Carsten Petersen,0,Ringsted Kommune,Nej,Nej
kommunalvalg,Æ. Danmarksdemokraterne - Inger Støjberg,"Carsten Strandborg, Ommestrup",22,Syddjurs Kommune,Nej,Nej
kommunalvalg,Æ. Danmarksdemokraterne - Inger Støjberg,"Carsten Ullmann Andersen, Jerslev",0,Brønderslev Kommune,Nej,Nej
kommunalvalg,Æ. Danmarksdemokraterne - Inger Støjberg,"Charlotte Aabye, Ommel",17,Ærø Kommune,Nej,Nej
kommunalvalg,Æ. Danmarksdemokraterne - Inger Støjberg,"Charlotte Sommer, Børkop",0,Vejle Kommune,Nej,Nej
kommunalvalg,Æ. Danmarksdemokraterne - Inger Støjberg,Chresta Falkenberg,0,Lejre Kommune,Nej,Nej
kommunalvalg,Æ. Danmarksdemokraterne - Inger Støjberg,Christian Andersen Brejner,0,Holbæk Kommune,Nej,Nej
kommunalvalg,Æ. Danmarksdemokraterne - Inger Støjberg,"Christian Martens, Sdr. Omme",0,Billund Kommune,Nej,Nej
kommunalvalg,Æ. Danmarksdemokraterne - Inger Støjberg,"Christian Skovbo Hvistendahl-Hansen, Smørum",0,Egedal Kommune,Nej,Nej
kommunalvalg,Æ. Danmarksdemokraterne - Inger Støjberg,Christian Wibholm,0,Guldborgsund Kommune,Nej,Nej
kommunalvalg,Æ. Danmarksdemokraterne - Inger Støjberg,Christina Viffert,0,Aalborg Kommune,Nej,Nej
kommunalvalg,Æ. Danmarksdemokraterne - Inger Støjberg,Claus Ardahl Kristensen,0,Struer Kommune,Nej,Nej
kommunalvalg,Æ. Danmarksdemokraterne - Inger Støjberg,"Claus Guldberg-Møller, Blåhøj",78,Ikast-Brande Kommune,Nej,Nej
kommunalvalg,Æ. Danmarksdemokraterne - Inger Støjberg,Claus Hansen,38,Favrskov Kommune,Nej,Nej
kommunalvalg,Æ. Danmarksdemokraterne - Inger Støjberg,Claus Hembo,0,Varde Kommune,Nej,Nej
kommunalvalg,Æ. Danmarksdemokraterne - Inger Støjberg,Claus Laugesen,194,Viborg Kommune,Nej,Nej
kommunalvalg,Æ. Danmarksdemokraterne - Inger Støjberg,Claus Lundbæk,0,Gladsaxe Kommune,Nej,Nej
kommunalvalg,Æ. Danmarksdemokraterne - Inger Støjberg,"Claus Sørensen, Bording",88,Ikast-Brande Kommune,Nej,Nej
kommunalvalg,Æ. Danmarksdemokraterne - Inger Støjberg,Claus Toftegaard,0,Kalundborg Kommune,Nej,Nej
kommunalvalg,Æ. Danmarksdemokraterne - Inger Støjberg,"Claus Vildrik, Trøjborg",0,Aarhus Kommune,Nej,Nej
kommunalvalg,Æ. Danmarksdemokraterne - Inger Støjberg,Conni Simonsen,0,Odsherred Kommune,Nej,Nej
kommunalvalg,Æ. Danmarksdemokraterne - Inger Støjberg,Dan Skovlyst,0,Herning Kommune,Nej,Nej
kommunalvalg,Æ. Danmarksdemokraterne - Inger Støjberg,"Daniel Juhl, Ringe",0,Faaborg-Midtfyn Kommune,Nej,Nej
kommunalvalg,Æ. Danmarksdemokraterne - Inger Støjberg,David Rasmussen,0,Glostrup Kommune,Nej,Nej
kommunalvalg,Æ. Danmarksdemokraterne - Inger Støjberg,Diana Therese Mikkelsen,0,Norddjurs Kommune,Nej,Nej
kommunalvalg,Æ. Danmarksdemokraterne - Inger Støjberg,Dina Person,0,Slagelse Kommune,Nej,Nej
kommunalvalg,Æ. Danmarksdemokraterne - Inger Støjberg,Dion Christoffersen,0,Odense Kommune,Nej,Nej
kommunalvalg,Æ. Danmarksdemokraterne - Inger Støjberg,Dorrit Kærgaard,0,Thisted Kommune,Nej,Nej
kommunalvalg,Æ. Danmarksdemokraterne - Inger Støjberg,Dorthe Mehlberg,0,Sønderborg Kommune,Nej,Nej
kommunalvalg,Æ. Danmarksdemokraterne - Inger Støjberg,"Edel Nissen, Stubbæk",0,Aabenraa Kommune,Nej,Nej
kommunalvalg,Æ. Danmarksdemokraterne - Inger Støjberg,Elsebeth Horsted Skov,0,Ringkøbing-Skjern Kommune,Nej,Nej
kommunalvalg,Æ. Danmarksdemokraterne - Inger Støjberg,"Emil Christensen, Hesselager",0,Svendborg Kommune,Nej,Nej
kommunalvalg,Æ. Danmarksdemokraterne - Inger Støjberg,Emil Fredslund Rasmussen,0,Fredericia Kommune,Nej,Nej
kommunalvalg,Æ. Danmarksdemokraterne - Inger Støjberg,Emil Kirketerp Hansen,0,Solrød Kommune,Nej,Nej
kommunalvalg,Æ. Danmarksdemokraterne - Inger Støjberg,"Erik Poulsen, Mols",413,Syddjurs Kommune,Nej,Nej
kommunalvalg,Æ. Danmarksdemokraterne - Inger Støjberg,Erling Stoltze,63,Favrskov Kommune,Nej,Nej
kommunalvalg,Æ. Danmarksdemokraterne - Inger Støjberg,Esben Tøttrup,199,Viborg Kommune,Nej,Nej
kommunalvalg,Æ. Danmarksdemokraterne - Inger Støjberg,Eva Bechmann,0,Frederiksberg Kommune,Nej,Nej
kommunalvalg,Æ. Danmarksdemokraterne - Inger Støjberg,"Eva Pannerup, Tilst",0,Aarhus Kommune,Nej,Nej
kommunalvalg,Æ. Danmarksdemokraterne - Inger Støjberg,Flemming Hansen,0,Vordingborg Kommune,Nej,Nej
kommunalvalg,Æ. Danmarksdemokraterne - Inger Støjberg,"Flemming Jensen, Overlade",30,Vesthimmerlands Kommune,Nej,Nej
kommunalvalg,Æ. Danmarksdemokraterne - Inger Støjberg,Flemming Kirketerp Hansen,0,Solrød Kommune,Nej,Nej
kommunalvalg,Æ. Danmarksdemokraterne - Inger Støjberg,Flemming Molin,0,Greve Kommune,Nej,Nej
kommunalvalg,Æ. Danmarksdemokraterne - Inger Støjberg,Frank Green Strathe,22,Dragør Kommune,Nej,Nej
kommunalvalg,Æ. Danmarksdemokraterne - Inger Støjberg,Georg Pedersen,0,Lolland Kommune,Nej,Nej
kommunalvalg,Æ. Danmarksdemokraterne - Inger Støjberg,Gert Skov Henriksen,0,Ringkøbing-Skjern Kommune,Nej,Nej
kommunalvalg,Æ. Danmarksdemokraterne - Inger Støjberg,"Gitte Albertsen, Klovborg",73,Ikast-Brande Kommune,Nej,Nej
kommunalvalg,Æ. Danmarksdemokraterne - Inger Støjberg,Gitte Andersen,106,Sorø Kommune,Nej,Nej
kommunalvalg,Æ. Danmarksdemokraterne - Inger Støjberg,"Gitte Bundgaard, Nørager",555,Rebild Kommune,Nej,Nej
kommunalvalg,Æ. Danmarksdemokraterne - Inger Støjberg,"Gitte Sturm, Egå",0,Aarhus Kommune,Nej,Nej
kommunalvalg,Æ. Danmarksdemokraterne - Inger Støjberg,Gitte Svendsdatter,0,Odsherred Kommune,Nej,Nej
kommunalvalg,Æ. Danmarksdemokraterne - Inger Støjberg,Glenn Hansen,0,Vordingborg Kommune,Nej,Nej
kommunalvalg,Æ. Danmarksdemokraterne - Inger Støjberg,Hakon Fynbo,0,Helsingør Kommune,Nej,Nej
kommunalvalg,Æ. Danmarksdemokraterne - Inger Støjberg,Hans Erik Grønhøj,0,Gribskov Kommune,Nej,Nej
kommunalvalg,Æ. Danmarksdemokraterne - Inger Støjberg,"Hans Henrik Sørensen, Arden",236,Mariagerfjord Kommune,Nej,Nej
kommunalvalg,Æ. Danmarksdemokraterne - Inger Støjberg,Hans Kristian Skibby,0,Hedensted Kommune,Nej,Nej
kommunalvalg,Æ. Danmarksdemokraterne - Inger Støjberg,Hans Nygaard Zhou,0,Ringkøbing-Skjern Kommune,Nej,Nej
kommunalvalg,Æ. Danmarksdemokraterne - Inger Støjberg,"Hans-Jørgen Svendsen, Pandrup",0,Jammerbugt Kommune,Nej,Nej
kommunalvalg,Æ. Danmarksdemokraterne - Inger Støjberg,Harry Voigt,0,Varde Kommune,Nej,Nej
kommunalvalg,Æ. Danmarksdemokraterne - Inger Støjberg,Heidi Bjerre,0,Slagelse Kommune,Nej,Nej
kommunalvalg,Æ. Danmarksdemokraterne - Inger Støjberg,"Heidi Voetmann, Skørping",103,Rebild Kommune,Nej,Nej
kommunalvalg,Æ. Danmarksdemokraterne - Inger Støjberg,Helene Nørgaard Herping,0,Lemvig Kommune,Nej,Nej
kommunalvalg,Æ. Danmarksdemokraterne - Inger Støjberg,"Helle Husted Lehmann, Vemb",0,Holstebro Kommune,Nej,Nej
kommunalvalg,Æ. Danmarksdemokraterne - Inger Støjberg,Helle Jørgensen,0,Glostrup Kommune,Nej,Nej
kommunalvalg,Æ. Danmarksdemokraterne - Inger Støjberg,Helle Sommer,251,Viborg Kommune,Nej,Nej
kommunalvalg,Æ. Danmarksdemokraterne - Inger Støjberg,"Henning Baverslund Jokumsen, Vitved",0,Skanderborg Kommune,Nej,Nej
kommunalvalg,Æ. Danmarksdemokraterne - Inger Støjberg,Henning Christensen,0,Glostrup Kommune,Nej,Nej
kommunalvalg,Æ. Danmarksdemokraterne - Inger Støjberg,"Henning Engelhardt Simonsen, Brædstrup",0,Horsens Kommune,Nej,Nej
kommunalvalg,Æ. Danmarksdemokraterne - Inger Støjberg,Henning Sloth,0,Lemvig Kommune,Nej,Nej
kommunalvalg,Æ. Danmarksdemokraterne - Inger Støjberg,Henrich Jessen,139,Faxe Kommune,Nej,Nej
kommunalvalg,Æ. Danmarksdemokraterne - Inger Støjberg,Henriette Harmuth,0,Varde Kommune,Nej,Nej
kommunalvalg,Æ. Danmarksdemokraterne - Inger Støjberg,Henrik Grøn,0,Lemvig Kommune,Nej,Nej
kommunalvalg,Æ. Danmarksdemokraterne - Inger Støjberg,"Henrik Hove, Randers",0,Randers Kommune,Nej,Nej
kommunalvalg,Æ. Danmarksdemokraterne - Inger Støjberg,"Henrik Hyltoft, Sønderbæk",0,Randers Kommune,Nej,Nej
kommunalvalg,Æ. Danmarksdemokraterne - Inger Støjberg,"Henrik Lek, Søby",4,Ærø Kommune,Nej,Nej
kommunalvalg,Æ. Danmarksdemokraterne - Inger Støjberg,"Henrik Mielke Ravn, Sydbyen, Haderslev",0,Haderslev Kommune,Nej,Nej
kommunalvalg,Æ. Danmarksdemokraterne - Inger Støjberg,"Henrik Olsen, Bjæverskov",0,Køge Kommune,Nej,Nej
kommunalvalg,Æ. Danmarksdemokraterne - Inger Støjberg,"Henrik Struntze, Aalestrup",111,Vesthimmerlands Kommune,Nej,Nej
kommunalvalg,Æ. Danmarksdemokraterne - Inger Støjberg,Henrik Thinggaard,0,Struer Kommune,Nej,Nej
kommunalvalg,Æ. Danmarksdemokraterne - Inger Støjberg,Herluf Møller,0,Hedensted Kommune,Nej,Nej
kommunalvalg,Æ. Danmarksdemokraterne - Inger Støjberg,"Ida Smed, Aabenraa",0,Aabenraa Kommune,Nej,Nej
kommunalvalg,Æ. Danmarksdemokraterne - Inger Støjberg,Ingvald á Kamarinum,0,Lejre Kommune,Nej,Nej
kommunalvalg,Æ. Danmarksdemokraterne - Inger Støjberg,"Jacob Dahl, Brædstrup",0,Horsens Kommune,Nej,Nej
kommunalvalg,Æ. Danmarksdemokraterne - Inger Støjberg,Jakob Kjærsgaard,0,Herning Kommune,Nej,Nej
kommunalvalg,Æ. Danmarksdemokraterne - Inger Støjberg,Jakob Lyder,0,Nyborg Kommune,Nej,Nej
kommunalvalg,Æ. Danmarksdemokraterne - Inger Støjberg,"Jakob Riddersholm, Grindsted",0,Billund Kommune,Nej,Nej
kommunalvalg,Æ. Danmarksdemokraterne - Inger Støjberg,Jakob Svendsen,532,Viborg Kommune,Nej,Nej
kommunalvalg,Æ. Danmarksdemokraterne - Inger Støjberg,"Jakob Søgaard Clausen, Lystrup",0,Aarhus Kommune,Nej,Nej
kommunalvalg,Æ. Danmarksdemokraterne - Inger Støjberg,"Jakob Venø Heiwald, Egtved",0,Vejle Kommune,Nej,Nej
kommunalvalg,Æ. Danmarksdemokraterne - Inger Støjberg,"Jamie Voldby, Brønderslev",0,Brønderslev Kommune,Nej,Nej
kommunalvalg,Æ. Danmarksdemokraterne - Inger Støjberg,"Jan Foyet, Slet",0,Aarhus Kommune,Nej,Nej
kommunalvalg,Æ. Danmarksdemokraterne - Inger Støjberg,"Jan Knudsen, Vrå",149,Hjørring Kommune,Nej,Nej
kommunalvalg,Æ. Danmarksdemokraterne - Inger Støjberg,Jan Pedersen,0,Aalborg Kommune,Nej,Nej
kommunalvalg,Æ. Danmarksdemokraterne - Inger Støjberg,Jan Pless,0,Gladsaxe Kommune,Nej,Nej
kommunalvalg,Æ. Danmarksdemokraterne - Inger Støjberg,Jan Skou Bahrenfeld,24,Langeland Kommune,Nej,Nej
kommunalvalg,Æ. Danmarksdemokraterne - Inger Støjberg,Jan Werner,99,Langeland Kommune,Nej,Nej
kommunalvalg,Æ. Danmarksdemokraterne - Inger Støjberg,Jan-Erik Olsen,0,Københavns Kommune,Nej,Nej
kommunalvalg,Æ. Danmarksdemokraterne - Inger Støjberg,"Jann Rosenkilde Olesen, Esbjerg",0,Esbjerg Kommune,Nej,Nej
kommunalvalg,Æ. Danmarksdemokraterne - Inger Støjberg,"Janne  Altenburg, Moseby",0,Jammerbugt Kommune,Nej,Nej
kommunalvalg,Æ. Danmarksdemokraterne - Inger Støjberg,Janni Baad Pedersen,0,Lolland Kommune,Nej,Nej
kommunalvalg,Æ. Danmarksdemokraterne - Inger Støjberg,"Janni Hoel, Glamsbjerg",0,Assens Kommune,Nej,Nej
kommunalvalg,Æ. Danmarksdemokraterne - Inger Støjberg,"Jannich Panduro Nielsen, Fårvang",0,Silkeborg Kommune,Nej,Nej
kommunalvalg,Æ. Danmarksdemokraterne - Inger Støjberg,Jeanne Blum,0,Ringsted Kommune,Nej,Nej
kommunalvalg,Æ. Danmarksdemokraterne - Inger Støjberg,Jens Fiskbæk,0,Solrød Kommune,Nej,Nej
kommunalvalg,Æ. Danmarksdemokraterne - Inger Støjberg,"Jens Henrik Thulesen Dahl, Assens",0,Assens Kommune,Nej,Nej
kommunalvalg,Æ. Danmarksdemokraterne - Inger Støjberg,Jens Holst,0,Norddjurs Kommune,Nej,Nej
kommunalvalg,Æ. Danmarksdemokraterne - Inger Støjberg,Jens Hougaard,0,Kalundborg Kommune,Nej,Nej
kommunalvalg,Æ. Danmarksdemokraterne - Inger Støjberg,"Jens Nygaard, Dybvad",0,Frederikshavn Kommune,Nej,Nej
kommunalvalg,Æ. Danmarksdemokraterne - Inger Støjberg,Jens Ross Andersen,0,Frederikssund Kommune,Nej,Nej
kommunalvalg,Æ. Danmarksdemokraterne - Inger Støjberg,Jeppe Bang Jensen,0,Nyborg Kommune,Nej,Nej
kommunalvalg,Æ. Danmarksdemokraterne - Inger Støjberg,"Jeppe W. Pedersen, Svanninge",0,Faaborg-Midtfyn Kommune,Nej,Nej
kommunalvalg,Æ. Danmarksdemokraterne - Inger Støjberg,"Jesper Elbæk, Nr. Søby",0,Skive Kommune,Nej,Nej
kommunalvalg,Æ. Danmarksdemokraterne - Inger Støjberg,"Jesper Krogh, Aabybro",0,Jammerbugt Kommune,Nej,Nej
kommunalvalg,Æ. Danmarksdemokraterne - Inger Støjberg,"Jette Vinther Nielsen, Skive",0,Skive Kommune,Nej,Nej
kommunalvalg,Æ. Danmarksdemokraterne - Inger Støjberg,"Jette Weiss, Holtug",0,Stevns Kommune,Nej,Nej
kommunalvalg,Æ. Danmarksdemokraterne - Inger Støjberg,"Jim Davidsen, Langå",0,Randers Kommune,Nej,Nej
kommunalvalg,Æ. Danmarksdemokraterne - Inger Støjberg,Jim Winther,0,Greve Kommune,Nej,Nej
kommunalvalg,Æ. Danmarksdemokraterne - Inger Støjberg,Joan Forup,0,Solrød Kommune,Nej,Nej
kommunalvalg,Æ. Danmarksdemokraterne - Inger Støjberg,John Brill Engkebølle,0,Guldborgsund Kommune,Nej,Nej
kommunalvalg,Æ. Danmarksdemokraterne - Inger Støjberg,"John Haarup Laursen, Stjær",0,Skanderborg Kommune,Nej,Nej
kommunalvalg,Æ. Danmarksdemokraterne - Inger Støjberg,John Thor Pedersen,0,Holbæk Kommune,Nej,Nej
kommunalvalg,Æ. Danmarksdemokraterne - Inger Støjberg,Jonas Ipsen,0,Bornholms Regionskommune,Nej,Nej
kommunalvalg,Æ. Danmarksdemokraterne - Inger Støjberg,Jonas Lee Jeppesen,0,Vejen Kommune,Nej,Nej
kommunalvalg,Æ. Danmarksdemokraterne - Inger Støjberg,Jonas Nørgaard,0,Odsherred Kommune,Nej,Nej
kommunalvalg,Æ. Danmarksdemokraterne - Inger Støjberg,Jonas René Jensen,0,Middelfart Kommune,Nej,Nej
kommunalvalg,Æ. Danmarksdemokraterne - Inger Støjberg,Josephine Fyhr,0,Guldborgsund Kommune,Nej,Nej
kommunalvalg,Æ. Danmarksdemokraterne - Inger Støjberg,"Jytte Jensen, Store Heddinge",0,Stevns Kommune,Nej,Nej
kommunalvalg,Æ. Danmarksdemokraterne - Inger Støjberg,"Jørgen Clausen, Skårup",0,Svendborg Kommune,Nej,Nej
kommunalvalg,Æ. Danmarksdemokraterne - Inger Støjberg,Jørgen Dahlgaard,82,Morsø Kommune,Nej,Nej
kommunalvalg,Æ. Danmarksdemokraterne - Inger Støjberg,"Jørgen Friis, Skødstrup",0,Aarhus Kommune,Nej,Nej
kommunalvalg,Æ. Danmarksdemokraterne - Inger Støjberg,"Jørgen Høilund-Carlsen, Skanderborg",0,Skanderborg Kommune,Nej,Nej
kommunalvalg,Æ. Danmarksdemokraterne - Inger Støjberg,"Jørgen Otto Kongerslev, Vejle",0,Vejle Kommune,Nej,Nej
kommunalvalg,Æ. Danmarksdemokraterne - Inger Støjberg,"Jørgen Smith Nielsen, Farsø",145,Vesthimmerlands Kommune,Nej,Nej
kommunalvalg,Æ. Danmarksdemokraterne - Inger Støjberg,"Jørn Andersen, Tønder",0,Tønder Kommune,Nej,Nej
kommunalvalg,Æ. Danmarksdemokraterne - Inger Støjberg,"Kaj Dam Rasmussen, Aabenraa",0,Aabenraa Kommune,Nej,Nej
kommunalvalg,Æ. Danmarksdemokraterne - Inger Støjberg,Kaj Meng Petersen,0,Ringkøbing-Skjern Kommune,Nej,Nej
kommunalvalg,Æ. Danmarksdemokraterne - Inger Støjberg,Kaj Østergaard,33,Favrskov Kommune,Nej,Nej
kommunalvalg,Æ. Danmarksdemokraterne - Inger Støjberg,"Karsten Bil, Vesterløkke",28,Ærø Kommune,Nej,Nej
kommunalvalg,Æ. Danmarksdemokraterne - Inger Støjberg,Kasper Cederholm,0,Københavns Kommune,Nej,Nej
kommunalvalg,Æ. Danmarksdemokraterne - Inger Støjberg,Katrine Schiller,0,Halsnæs Kommune,Nej,Nej
kommunalvalg,Æ. Danmarksdemokraterne - Inger Støjberg,"Ken Hansen, Ryomgård",7,Syddjurs Kommune,Nej,Nej
kommunalvalg,Æ. Danmarksdemokraterne - Inger Støjberg,Ken Riberholt-Rischel,0,Gribskov Kommune,Nej,Nej
kommunalvalg,Æ. Danmarksdemokraterne - Inger Støjberg,"Kent Lucassen, Holstebro",0,Holstebro Kommune,Nej,Nej
kommunalvalg,Æ. Danmarksdemokraterne - Inger Støjberg,Kim B. Nielsen,0,Roskilde Kommune,Nej,Nej
kommunalvalg,Æ. Danmarksdemokraterne - Inger Støjberg,Kim Laugesen,241,Næstved Kommune,Nej,Nej
kommunalvalg,Æ. Danmarksdemokraterne - Inger Støjberg,Kim Lund,0,Middelfart Kommune,Nej,Nej
kommunalvalg,Æ. Danmarksdemokraterne - Inger Støjberg,Kirsten Sander Iversen,0,Hedensted Kommune,Nej,Nej
kommunalvalg,Æ. Danmarksdemokraterne - Inger Støjberg,"Kjeld Hedegård, Kaas",0,Jammerbugt Kommune,Nej,Nej
kommunalvalg,Æ. Danmarksdemokraterne - Inger Støjberg,Kjeld Jensen,13,Favrskov Kommune,Nej,Nej
kommunalvalg,Æ. Danmarksdemokraterne - Inger Støjberg,"Klara Steenholdt, Bevtoft",0,Haderslev Kommune,Nej,Nej
kommunalvalg,Æ. Danmarksdemokraterne - Inger Støjberg,"Klaus Kjelstrup, Herfølge",0,Køge Kommune,Nej,Nej
kommunalvalg,Æ. Danmarksdemokraterne - Inger Støjberg,"Kristian Abel Rasmussen, Hjallerup",0,Brønderslev Kommune,Nej,Nej
kommunalvalg,Æ. Danmarksdemokraterne - Inger Støjberg,Kristian Siig,0,Lemvig Kommune,Nej,Nej
kommunalvalg,Æ. Danmarksdemokraterne - Inger Støjberg,"Kuno F. Danielsen, Kjellerup",0,Silkeborg Kommune,Nej,Nej
kommunalvalg,Æ. Danmarksdemokraterne - Inger Støjberg,Laila Poulsen,0,Vejen Kommune,Nej,Nej
kommunalvalg,Æ. Danmarksdemokraterne - Inger Støjberg,Lars Bregnbak,0,Gribskov Kommune,Nej,Nej
kommunalvalg,Æ. Danmarksdemokraterne - Inger Støjberg,"Lars Bøgelund, Nimtofte",91,Syddjurs Kommune,Nej,Nej
kommunalvalg,Æ. Danmarksdemokraterne - Inger Støjberg,Lars Findsen,0,Nyborg Kommune,Nej,Nej
kommunalvalg,Æ. Danmarksdemokraterne - Inger Støjberg,Lars Mejsner,0,Middelfart Kommune,Nej,Nej
kommunalvalg,Æ. Danmarksdemokraterne - Inger Støjberg,"Lars Nielsen, Ølstykke",0,Egedal Kommune,Nej,Nej
kommunalvalg,Æ. Danmarksdemokraterne - Inger Støjberg,Lars Ole Skovgaard Larsen,382,Hillerød Kommune,Nej,Nej
kommunalvalg,Æ. Danmarksdemokraterne - Inger Støjberg,Lars Rosenberg Grodt-Andersen,405,Kolding Kommune,Nej,Nej
kommunalvalg,Æ. Danmarksdemokraterne - Inger Støjberg,Lars Westergaard,0,Thisted Kommune,Nej,Nej
kommunalvalg,Æ. Danmarksdemokraterne - Inger Støjberg,"Leif Sørensen, Aarhus N",0,Aarhus Kommune,Nej,Nej
kommunalvalg,Æ. Danmarksdemokraterne - Inger Støjberg,"Lene Roland, Assentoft",0,Randers Kommune,Nej,Nej
kommunalvalg,Æ. Danmarksdemokraterne - Inger Støjberg,Lene Ross Skou,249,Kolding Kommune,Nej,Nej
kommunalvalg,Æ. Danmarksdemokraterne - Inger Støjberg,Lene Vestergaard Elsborg,0,Fredericia Kommune,Nej,Nej
kommunalvalg,Æ. Danmarksdemokraterne - Inger Støjberg,"Leo Nysom, Mariager",54,Mariagerfjord Kommune,Nej,Nej
kommunalvalg,Æ. Danmarksdemokraterne - Inger Støjberg,"Lilly Kjærsgaard, Pandrup",0,Jammerbugt Kommune,Nej,Nej
kommunalvalg,Æ. Danmarksdemokraterne - Inger Støjberg,"Linda Lund Lauridsen, Esbjerg",0,Esbjerg Kommune,Nej,Nej
kommunalvalg,Æ. Danmarksdemokraterne - Inger Støjberg,"Lisbeth Straarup, Vorbasse",0,Billund Kommune,Nej,Nej
kommunalvalg,Æ. Danmarksdemokraterne - Inger Støjberg,"Liselotte Lynge, Løgstør",748,Vesthimmerlands Kommune,Nej,Nej
kommunalvalg,Æ. Danmarksdemokraterne - Inger Støjberg,Listestemmer,11990,Lemvig Kommune,Nej,Nej
kommunalvalg,Æ. Danmarksdemokraterne - Inger Støjberg,Lizette Laugesen,257,Næstved Kommune,Nej,Nej
kommunalvalg,Æ. Danmarksdemokraterne - Inger Støjberg,Lone Glarbo,586,Favrskov Kommune,Nej,Nej
kommunalvalg,Æ. Danmarksdemokraterne - Inger Støjberg,Lone Larsen,0,Odsherred Kommune,Nej,Nej
kommunalvalg,Æ. Danmarksdemokraterne - Inger Støjberg,Lotte Rojen Hansen,0,Solrød Kommune,Nej,Nej
kommunalvalg,Æ. Danmarksdemokraterne - Inger Støjberg,Louise Holmsted Kristensen,0,Ringsted Kommune,Nej,Nej
kommunalvalg,Æ. Danmarksdemokraterne - Inger Støjberg,"Louise Maria Dandanell, Biersted",0,Jammerbugt Kommune,Nej,Nej
kommunalvalg,Æ. Danmarksdemokraterne - Inger Støjberg,Lubima Jensen,0,Solrød Kommune,Nej,Nej
kommunalvalg,Æ. Danmarksdemokraterne - Inger Støjberg,Mads Fuglede,0,Ringkøbing-Skjern Kommune,Nej,Nej
kommunalvalg,Æ. Danmarksdemokraterne - Inger Støjberg,Mads Hansen,0,Guldborgsund Kommune,Nej,Nej
kommunalvalg,Æ. Danmarksdemokraterne - Inger Støjberg,"Mads Madsen, Viby",0,Aarhus Kommune,Nej,Nej
kommunalvalg,Æ. Danmarksdemokraterne - Inger Støjberg,"Magnus Bigum, Øster Tørslev",0,Randers Kommune,Nej,Nej
kommunalvalg,Æ. Danmarksdemokraterne - Inger Støjberg,Magnus Larsen,0,Bornholms Regionskommune,Nej,Nej
kommunalvalg,Æ. Danmarksdemokraterne - Inger Støjberg,Maibritt Møller Nielsen,0,Frederikssund Kommune,Nej,Nej
kommunalvalg,Æ. Danmarksdemokraterne - Inger Støjberg,"Malene Ravn Neumann, Sdr. Vilstrup",0,Haderslev Kommune,Nej,Nej
kommunalvalg,Æ. Danmarksdemokraterne - Inger Støjberg,"Manuela Gram Coenraad, Hobro",118,Mariagerfjord Kommune,Nej,Nej
kommunalvalg,Æ. Danmarksdemokraterne - Inger Støjberg,Marcus Juul Grønbæk,0,Ringkøbing-Skjern Kommune,Nej,Nej
kommunalvalg,Æ. Danmarksdemokraterne - Inger Støjberg,Marie Hansen,0,Kalundborg Kommune,Nej,Nej
kommunalvalg,Æ. Danmarksdemokraterne - Inger Støjberg,Marlene Harpsøe,0,Helsingør Kommune,Nej,Nej
kommunalvalg,Æ. Danmarksdemokraterne - Inger Støjberg,"Martin Arvad, Ejstrupholm",321,Ikast-Brande Kommune,Nej,Nej
kommunalvalg,Æ. Danmarksdemokraterne - Inger Støjberg,"Martin Frausing Poulsen, Skanderborg",0,Skanderborg Kommune,Nej,Nej
kommunalvalg,Æ. Danmarksdemokraterne - Inger Støjberg,Martin Ludvigsen,110,Kerteminde Kommune,Nej,Nej
kommunalvalg,Æ. Danmarksdemokraterne - Inger Støjberg,Martin Rahn Johansen,0,Slagelse Kommune,Nej,Nej
kommunalvalg,Æ. Danmarksdemokraterne - Inger Støjberg,"Martin Riisgaard-Jensen, Ranum",52,Vesthimmerlands Kommune,Nej,Nej
kommunalvalg,Æ. Danmarksdemokraterne - Inger Støjberg,Martin Sibast,0,Københavns Kommune,Nej,Nej
kommunalvalg,Æ. Danmarksdemokraterne - Inger Støjberg,"Martin Søe-Jensen, Støvring",214,Rebild Kommune,Nej,Nej
kommunalvalg,Æ. Danmarksdemokraterne - Inger Støjberg,"Max Mielec, Randers C",0,Randers Kommune,Nej,Nej
kommunalvalg,Æ. Danmarksdemokraterne - Inger Støjberg,Meiner Nørgaard,344,Morsø Kommune,Nej,Nej
kommunalvalg,Æ. Danmarksdemokraterne - Inger Støjberg,Merete Nielsen,0,Frederikssund Kommune,Nej,Nej
kommunalvalg,Æ. Danmarksdemokraterne - Inger Støjberg,Michael Folmann Jensen,0,Solrød Kommune,Nej,Nej
kommunalvalg,Æ. Danmarksdemokraterne - Inger Støjberg,Michael Hendriksen,0,Bornholms Regionskommune,Nej,Nej
kommunalvalg,Æ. Danmarksdemokraterne - Inger Støjberg,"Michael Mikkelsen, Ryomgård",341,Syddjurs Kommune,Nej,Nej
kommunalvalg,Æ. Danmarksdemokraterne - Inger Støjberg,Michael Rosenmark,0,Ringsted Kommune,Nej,Nej
kommunalvalg,Æ. Danmarksdemokraterne - Inger Støjberg,Mikael Warnsdorf,27,Favrskov Kommune,Nej,Nej
kommunalvalg,Æ. Danmarksdemokraterne - Inger Støjberg,Mikkel Sommer Larsen,0,Struer Kommune,Nej,Nej
kommunalvalg,Æ. Danmarksdemokraterne - Inger Støjberg,"Mogens Høj, Aarup",0,Assens Kommune,Nej,Nej
kommunalvalg,Æ. Danmarksdemokraterne - Inger Støjberg,"Mogens Jørgensen, Sdr. Omme",0,Billund Kommune,Nej,Nej
kommunalvalg,Æ. Danmarksdemokraterne - Inger Støjberg,"Mona Bindner, Hvinningdal",0,Silkeborg Kommune,Nej,Nej
kommunalvalg,Æ. Danmarksdemokraterne - Inger Støjberg,"Monica Knudsen Toft, Lørslev",151,Hjørring Kommune,Nej,Nej
kommunalvalg,Æ. Danmarksdemokraterne - Inger Støjberg,Morten Ahmt,0,Lolland Kommune,Nej,Nej
kommunalvalg,Æ. Danmarksdemokraterne - Inger Støjberg,Morten Bang,478,Favrskov Kommune,Nej,Nej
kommunalvalg,Æ. Danmarksdemokraterne - Inger Støjberg,Morten Nielsen,0,Fredericia Kommune,Nej,Nej
kommunalvalg,Æ. Danmarksdemokraterne - Inger Støjberg,"Morten Vehl Revsbeck, Kjellerup",0,Silkeborg Kommune,Nej,Nej
kommunalvalg,Æ. Danmarksdemokraterne - Inger Støjberg,"Natasja Thomsen, Kaas",0,Jammerbugt Kommune,Nej,Nej
kommunalvalg,Æ. Danmarksdemokraterne - Inger Støjberg,Nathalie Wonsild,0,Frederikssund Kommune,Nej,Nej
kommunalvalg,Æ. Danmarksdemokraterne - Inger Støjberg,"Nicholai Vigger Knudsen, Rønde",43,Syddjurs Kommune,Nej,Nej
kommunalvalg,Æ. Danmarksdemokraterne - Inger Støjberg,"Nick Boye, Mørke",204,Syddjurs Kommune,Nej,Nej
kommunalvalg,Æ. Danmarksdemokraterne - Inger Støjberg,"Nicolaj Ritter, Serritslev",0,Brønderslev Kommune,Nej,Nej
kommunalvalg,Æ. Danmarksdemokraterne - Inger Støjberg,"Nicolaj Villadsen, Funder",0,Silkeborg Kommune,Nej,Nej
kommunalvalg,Æ. Danmarksdemokraterne - Inger Støjberg,Niels Benjamin Sørensen,0,Sønderborg Kommune,Nej,Nej
kommunalvalg,Æ. Danmarksdemokraterne - Inger Støjberg,"Niels Jørgen Birkholm Andersen, Skive",0,Skive Kommune,Nej,Nej
kommunalvalg,Æ. Danmarksdemokraterne - Inger Støjberg,"Niels Schmidt, Agerskov",0,Tønder Kommune,Nej,Nej
kommunalvalg,Æ. Danmarksdemokraterne - Inger Støjberg,Niklas Kjærulff,210,Rødovre Kommune,Nej,Nej
kommunalvalg,Æ. Danmarksdemokraterne - Inger Støjberg,Nina Røntved Krog,0,Thisted Kommune,Nej,Nej
kommunalvalg,Æ. Danmarksdemokraterne - Inger Støjberg,Ole Blickfeldt,0,Lejre Kommune,Nej,Nej
kommunalvalg,Æ. Danmarksdemokraterne - Inger Støjberg,"Ole Dale, Tirstrup",187,Syddjurs Kommune,Nej,Nej
kommunalvalg,Æ. Danmarksdemokraterne - Inger Støjberg,"Ole Folmer Greve, Horne",0,Faaborg-Midtfyn Kommune,Nej,Nej
kommunalvalg,Æ. Danmarksdemokraterne - Inger Støjberg,Ole Kjær,0,Ringkøbing-Skjern Kommune,Nej,Nej
kommunalvalg,Æ. Danmarksdemokraterne - Inger Støjberg,Ole Kjærgaard,0,Lemvig Kommune,Nej,Nej
kommunalvalg,Æ. Danmarksdemokraterne - Inger Støjberg,"Ole Nannerup, Selde",0,Skive Kommune,Nej,Nej
kommunalvalg,Æ. Danmarksdemokraterne - Inger Støjberg,"Ole Rønberg Fuglbjerg, Kjellerup",0,Silkeborg Kommune,Nej,Nej
kommunalvalg,Æ. Danmarksdemokraterne - Inger Støjberg,Ole Østerballe,29,Viborg Kommune,Nej,Nej
kommunalvalg,Æ. Danmarksdemokraterne - Inger Støjberg,Palle Dahl,0,Fredericia Kommune,Nej,Nej
kommunalvalg,Æ. Danmarksdemokraterne - Inger Støjberg,Palle Kristiansen,0,Slagelse Kommune,Nej,Nej
kommunalvalg,Æ. Danmarksdemokraterne - Inger Støjberg,"Peder Fenger, Ikast",226,Ikast-Brande Kommune,Nej,Nej
kommunalvalg,Æ. Danmarksdemokraterne - Inger Støjberg,Peer Justesen,0,Kalundborg Kommune,Nej,Nej
kommunalvalg,Æ. Danmarksdemokraterne - Inger Støjberg,"Per Hjermitslev, Brønderslev",0,Brønderslev Kommune,Nej,Nej
kommunalvalg,Æ. Danmarksdemokraterne - Inger Støjberg,Per Pohlmann,0,Solrød Kommune,Nej,Nej
kommunalvalg,Æ. Danmarksdemokraterne - Inger Støjberg,"Per Roth, Hadsund",250,Mariagerfjord Kommune,Nej,Nej
kommunalvalg,Æ. Danmarksdemokraterne - Inger Støjberg,"Per Salling, Skovsgård",0,Jammerbugt Kommune,Nej,Nej
kommunalvalg,Æ. Danmarksdemokraterne - Inger Støjberg,"Per Simonsen, Randers NØ",0,Randers Kommune,Nej,Nej
kommunalvalg,Æ. Danmarksdemokraterne - Inger Støjberg,Per Stig Sørensen,0,Vordingborg Kommune,Nej,Nej
kommunalvalg,Æ. Danmarksdemokraterne - Inger Støjberg,"Per de Fries Andreasen, Nebstrup",73,Mariagerfjord Kommune,Nej,Nej
kommunalvalg,Æ. Danmarksdemokraterne - Inger Støjberg,Pernille Sølvhøi,0,Guldborgsund Kommune,Nej,Nej
kommunalvalg,Æ. Danmarksdemokraterne - Inger Støjberg,Pernille Thomsen,56,Morsø Kommune,Nej,Nej
kommunalvalg,Æ. Danmarksdemokraterne - Inger Støjberg,Peter Heesch,54,Sorø Kommune,Nej,Nej
kommunalvalg,Æ. Danmarksdemokraterne - Inger Støjberg,"Peter Kristensen, Nørager",81,Rebild Kommune,Nej,Nej
kommunalvalg,Æ. Danmarksdemokraterne - Inger Støjberg,Peter Lindholt,0,Aalborg Kommune,Nej,Nej
kommunalvalg,Æ. Danmarksdemokraterne - Inger Støjberg,"Peter Michael Jørgensen, Løjt Land",0,Aabenraa Kommune,Nej,Nej
kommunalvalg,Æ. Danmarksdemokraterne - Inger Støjberg,"Peter Wallenskog, Strandby",0,Frederikshavn Kommune,Nej,Nej
kommunalvalg,Æ. Danmarksdemokraterne - Inger Støjberg,Pia Kristoffersen,0,Hedensted Kommune,Nej,Nej
kommunalvalg,Æ. Danmarksdemokraterne - Inger Støjberg,"Poul Andersen, Mariager",133,Mariagerfjord Kommune,Nej,Nej
kommunalvalg,Æ. Danmarksdemokraterne - Inger Støjberg,Poul Erik Nygaard,85,Viborg Kommune,Nej,Nej
kommunalvalg,Æ. Danmarksdemokraterne - Inger Støjberg,"Poul M. Jensen, Haderslev",0,Haderslev Kommune,Nej,Nej
kommunalvalg,Æ. Danmarksdemokraterne - Inger Støjberg,"Poul Melgaard Johansen, Låsby",0,Skanderborg Kommune,Nej,Nej
kommunalvalg,Æ. Danmarksdemokraterne - Inger Støjberg,"Rasmus Juhl, Hjordkær",0,Aabenraa Kommune,Nej,Nej
kommunalvalg,Æ. Danmarksdemokraterne - Inger Støjberg,Regina de Gijsel,0,Lejre Kommune,Nej,Nej
kommunalvalg,Æ. Danmarksdemokraterne - Inger Støjberg,Renate Hendriksen,0,Bornholms Regionskommune,Nej,Nej
kommunalvalg,Æ. Danmarksdemokraterne - Inger Støjberg,"René Skaarup, Havndal",0,Randers Kommune,Nej,Nej
kommunalvalg,Æ. Danmarksdemokraterne - Inger Støjberg,René Spange,0,Helsingør Kommune,Nej,Nej
kommunalvalg,Æ. Danmarksdemokraterne - Inger Støjberg,Rico Abildtrup Ruby,0,Lemvig Kommune,Nej,Nej
kommunalvalg,Æ. Danmarksdemokraterne - Inger Støjberg,"Rik Kool, Tåsinge",0,Svendborg Kommune,Nej,Nej
kommunalvalg,Æ. Danmarksdemokraterne - Inger Støjberg,"Rikke Høst, Hadsund",365,Mariagerfjord Kommune,Nej,Nej
kommunalvalg,Æ. Danmarksdemokraterne - Inger Støjberg,Ronald Kongstad,0,Fredericia Kommune,Nej,Nej
kommunalvalg,Æ. Danmarksdemokraterne - Inger Støjberg,Rune Andersen,0,Norddjurs Kommune,Nej,Nej
kommunalvalg,Æ. Danmarksdemokraterne - Inger Støjberg,Rune H. Mikkelsen,0,Hedensted Kommune,Nej,Nej
kommunalvalg,Æ. Danmarksdemokraterne - Inger Støjberg,Sebastian Mylsted,109,Gentofte Kommune,Nej,Nej
kommunalvalg,Æ. Danmarksdemokraterne - Inger Støjberg,"Simon Jørgensen, Aarhus V",0,Aarhus Kommune,Nej,Nej
kommunalvalg,Æ. Danmarksdemokraterne - Inger Støjberg,Simon Wodstrup,0,Struer Kommune,Nej,Nej
kommunalvalg,Æ. Danmarksdemokraterne - Inger Støjberg,Steffen Krog,0,Thisted Kommune,Nej,Nej
kommunalvalg,Æ. Danmarksdemokraterne - Inger Støjberg,Steffen Røgind,0,Solrød Kommune,Nej,Nej
kommunalvalg,Æ. Danmarksdemokraterne - Inger Støjberg,Stine Brun Eliasen,0,Aalborg Kommune,Nej,Nej
kommunalvalg,Æ. Danmarksdemokraterne - Inger Støjberg,Susanne Damsgaard,0,Gladsaxe Kommune,Nej,Nej
kommunalvalg,Æ. Danmarksdemokraterne - Inger Støjberg,"Susanne Dyreborg, Esbjerg",0,Esbjerg Kommune,Nej,Nej
kommunalvalg,Æ. Danmarksdemokraterne - Inger Støjberg,"Susanne Majgaard, Skovsgård",0,Jammerbugt Kommune,Nej,Nej
kommunalvalg,Æ. Danmarksdemokraterne - Inger Støjberg,"Susanne Marianne Møller, Elling",0,Frederikshavn Kommune,Nej,Nej
kommunalvalg,Æ. Danmarksdemokraterne - Inger Støjberg,"Susi Søderkvist, Hejnsvig",0,Billund Kommune,Nej,Nej
kommunalvalg,Æ. Danmarksdemokraterne - Inger Støjberg,Svend Andersen,0,Vordingborg Kommune,Nej,Nej
kommunalvalg,Æ. Danmarksdemokraterne - Inger Støjberg,"Svend Erik Nielsen, Vejle",0,Vejle Kommune,Nej,Nej
kommunalvalg,Æ. Danmarksdemokraterne - Inger Støjberg,"Svend Lund, Skive",0,Skive Kommune,Nej,Nej
kommunalvalg,Æ. Danmarksdemokraterne - Inger Støjberg,"Svend Madsen, Hobro",1017,Mariagerfjord Kommune,Nej,Nej
kommunalvalg,Æ. Danmarksdemokraterne - Inger Støjberg,Svend-Erik B. Nielsen,0,Roskilde Kommune,Nej,Nej
kommunalvalg,Æ. Danmarksdemokraterne - Inger Støjberg,Søren Christensen,0,Ringkøbing-Skjern Kommune,Nej,Nej
kommunalvalg,Æ. Danmarksdemokraterne - Inger Støjberg,Søren Lehnskov,0,Middelfart Kommune,Nej,Nej
kommunalvalg,Æ. Danmarksdemokraterne - Inger Støjberg,Søren Stavnskær,0,Holbæk Kommune,Nej,Nej
kommunalvalg,Æ. Danmarksdemokraterne - Inger Støjberg,"Tenna Foyet, Tranbjerg J",0,Aarhus Kommune,Nej,Nej
kommunalvalg,Æ. Danmarksdemokraterne - Inger Støjberg,Thomas Majgaard Byrsing,293,Kolding Kommune,Nej,Nej
kommunalvalg,Æ. Danmarksdemokraterne - Inger Støjberg,"Tinna Frederiksen, Als",176,Mariagerfjord Kommune,Nej,Nej
kommunalvalg,Æ. Danmarksdemokraterne - Inger Støjberg,Tobias John Sidor,0,Guldborgsund Kommune,Nej,Nej
kommunalvalg,Æ. Danmarksdemokraterne - Inger Støjberg,"Tom Larsen, Gedsted",105,Vesthimmerlands Kommune,Nej,Nej
kommunalvalg,Æ. Danmarksdemokraterne - Inger Støjberg,Tommy Winther,0,Solrød Kommune,Nej,Nej
kommunalvalg,Æ. Danmarksdemokraterne - Inger Støjberg,"Tony Coucheron, Balle",114,Syddjurs Kommune,Nej,Nej
kommunalvalg,Æ. Danmarksdemokraterne - Inger Støjberg,"Torben Lund, Pandrup",0,Jammerbugt Kommune,Nej,Nej
kommunalvalg,Æ. Danmarksdemokraterne - Inger Støjberg,Torben O. Nørgaard,173,Morsø Kommune,Nej,Nej
kommunalvalg,Æ. Danmarksdemokraterne - Inger Støjberg,"Torben Thrue, Paderup",0,Randers Kommune,Nej,Nej
kommunalvalg,Æ. Danmarksdemokraterne - Inger Støjberg,Torsten Nielsen,2567,Viborg Kommune,Nej,Nej
kommunalvalg,Æ. Danmarksdemokraterne - Inger Støjberg,Torsten Troelsen,0,Herning Kommune,Nej,Nej
kommunalvalg,Æ. Danmarksdemokraterne - Inger Støjberg,"Tyge Knudsen, Aarhus C",0,Aarhus Kommune,Nej,Nej
kommunalvalg,Æ. Danmarksdemokraterne - Inger Støjberg,Ulrik Mainz,0,Halsnæs Kommune,Nej,Nej
kommunalvalg,Æ. Danmarksdemokraterne - Inger Støjberg,Valdemar Kaas Ibsen,0,Middelfart Kommune,Nej,Nej
kommunalvalg,Æ. Danmarksdemokraterne - Inger Støjberg,Vicki Munksgaard,0,Lemvig Kommune,Nej,Nej
kommunalvalg,Æ. Danmarksdemokraterne - Inger Støjberg,"Villy Hove, Holstebro",0,Holstebro Kommune,Nej,Nej
kommunalvalg,Æ. Danmarksdemokraterne - Inger Støjberg,Vivi Altenburg,0,Ringkøbing-Skjern Kommune,Nej,Nej
kommunalvalg,Æ. Danmarksdemokraterne - Inger Støjberg,"Vivian Lindberg Larsen, Aarup",0,Assens Kommune,Nej,Nej
kommunalvalg,Ø. Enhedslisten,"Amanda Badu, Lejre",0,Lejre Kommune,Nej,Nej
kommunalvalg,Ø. Enhedslisten,"Anders Jørgensen, Kattinge",0,Lejre Kommune,Nej,Nej
kommunalvalg,Ø. Enhedslisten,Bjarke Friborg,16,Sorø Kommune,Nej,Nej
kommunalvalg,Ø. Enhedslisten,"Carsten Christensen, Kattinge",0,Lejre Kommune,Nej,Nej
kommunalvalg,Ø. Enhedslisten,Dirk Müller,48,Nordfyns Kommune,Nej,Nej
kommunalvalg,Ø. Enhedslisten,Erik Lorenz,0,Herning Kommune,Nej,Nej
kommunalvalg,Ø. Enhedslisten,Eva Flyvholm,522,Sorø Kommune,Nej,Nej
kommunalvalg,Ø. Enhedslisten,Grethe Kistrup Møller,49,Sorø Kommune,Nej,Nej
kommunalvalg,Ø. Enhedslisten,"Henning Kosack, Lejre",0,Lejre Kommune,Nej,Nej
kommunalvalg,Ø. Enhedslisten,Ida Routhe,58,Sorø Kommune,Nej,Nej
kommunalvalg,Ø. Enhedslisten,"Ivan Mott, Øm",0,Lejre Kommune,Nej,Nej
kommunalvalg,Ø. Enhedslisten,"Joan Yrsa Pedersen, Hvalsø",0,Lejre Kommune,Nej,Nej
kommunalvalg,Ø. Enhedslisten,"Jonas Thyregod, Hvalsø",0,Lejre Kommune,Nej,Nej
kommunalvalg,Ø. Enhedslisten,Lars Dohn,0,Herning Kommune,Nej,Nej
kommunalvalg,Ø. Enhedslisten,Listestemmer,595,Nordfyns Kommune,Nej,Nej
kommunalvalg,Ø. Enhedslisten,Magnus Pharao Hansen,55,Sorø Kommune,Nej,Nej
kommunalvalg,Ø. Enhedslisten,"Mathilde Mei Jørgensen, Kattinge",0,Lejre Kommune,Nej,Nej
kommunalvalg,Ø. Enhedslisten,"Mia Mottelson, Allerslev",0,Lejre Kommune,Nej,Nej
kommunalvalg,Ø. Enhedslisten,"Nicki Jensen, Hvalsø",0,Lejre Kommune,Nej,Nej
kommunalvalg,Ø. Enhedslisten,Niels Bjarne Lund,72,Nordfyns Kommune,Nej,Nej
kommunalvalg,Ø. Enhedslisten,Niels-Erik Eich,5,Sorø Kommune,Nej,Nej
kommunalvalg,Ø. Enhedslisten,"Peter K. Sølvsten, Gl. Lejre",0,Lejre Kommune,Nej,Nej
kommunalvalg,Ø. Enhedslisten,Rebecca Broholm-Little,346,Sorø Kommune,Nej,Nej
kommunalvalg,Ø. Enhedslisten,Søren Sandahl,39,Sorø Kommune,Nej,Nej
kommunalvalg,Ø. Enhedslisten,"Troels Land Landkrogh, Allerslev",0,Lejre Kommune,Nej,Nej
kommunalvalg,Ø. Enhedslisten - De Rød - Grønne,Birthe Bjerre,173,Gentofte Kommune,Nej,Nej
kommunalvalg,Ø. Enhedslisten - De Rød - Grønne,Frederik Dehlholm,282,Gentofte Kommune,Nej,Nej
kommunalvalg,Ø. Enhedslisten - De Rød - Grønne,Gunnar Jørgensen,171,Gentofte Kommune,Nej,Nej
kommunalvalg,Ø. Enhedslisten - De Rød - Grønne,Kasper Soldal,138,Gentofte Kommune,Nej,Nej
kommunalvalg,Ø. Enhedslisten - De Rød - Grønne,Listestemmer,1379,Gentofte Kommune,Nej,Nej
kommunalvalg,Ø. Enhedslisten - De Rød - Grønne,Magne E. Pihl,60,Gentofte Kommune,Nej,Nej
kommunalvalg,Ø. Enhedslisten - De Rød - Grønne,Per Fynboe,23,Gentofte Kommune,Nej,Nej
kommunalvalg,Ø. Enhedslisten - De Rød Grønne,"Claus Larsen, Haderslev",0,Haderslev Kommune,Nej,Nej
kommunalvalg,Ø. Enhedslisten - De Rød Grønne,"Finn Hoschtalek, Øsby",0,Haderslev Kommune,Nej,Nej
kommunalvalg,Ø. Enhedslisten - De Rød Grønne,"Helene Hellesøe Appel, Haderslev",0,Haderslev Kommune,Nej,Nej
kommunalvalg,Ø. Enhedslisten - De Rød Grønne,Listestemmer,0,Haderslev Kommune,Nej,Nej
kommunalvalg,Ø. Enhedslisten - De Rød Grønne,"Maja H. Eriksen, Haderslev",0,Haderslev Kommune,Nej,Nej
kommunalvalg,Ø. Enhedslisten - De Rød Grønne,"Martha Riis Andersen, Haderslev",0,Haderslev Kommune,Nej,Nej
kommunalvalg,Ø. Enhedslisten - De Rød Grønne,"Mathias D. Christiansen, Haderslev Syd",0,Haderslev Kommune,Nej,Nej
kommunalvalg,Ø. Enhedslisten - De Rød Grønne,"Niels Ramsdal Justesen, Vedsted",0,Haderslev Kommune,Nej,Nej
kommunalvalg,Ø. Enhedslisten - De Rød Grønne,"Svend Brandt, Haderslev",0,Haderslev Kommune,Nej,Nej
kommunalvalg,Ø. Enhedslisten - De Rød-Grønne,Absalon Billehøj,0,Københavns Kommune,Nej,Nej
kommunalvalg,Ø. Enhedslisten - De Rød-Grønne,"Adam Ahlstrand Christensen, Trekroner",0,Roskilde Kommune,Nej,Nej
kommunalvalg,Ø. Enhedslisten - De Rød-Grønne,"Ahmet Kücük, Høje Taastrup",0,Høje-Taastrup Kommune,Nej,Nej
kommunalvalg,Ø. Enhedslisten - De Rød-Grønne,"Aksel Rosager Johansen, Bruunshåb",460,Viborg Kommune,Nej,Nej
kommunalvalg,Ø. Enhedslisten - De Rød-Grønne,"Aleksandra Maria Spangsege, Nærum",0,Rudersdal Kommune,Nej,Nej
kommunalvalg,Ø. Enhedslisten - De Rød-Grønne,"Ali Abbasi, Ballerup By",0,Ballerup Kommune,Nej,Nej
kommunalvalg,Ø. Enhedslisten - De Rød-Grønne,Allan Berg Mortensen,0,Helsingør Kommune,Nej,Nej
kommunalvalg,Ø. Enhedslisten - De Rød-Grønne,"Allan Friis, Hjortshøj",0,Aarhus Kommune,Nej,Nej
kommunalvalg,Ø. Enhedslisten - De Rød-Grønne,Allan If Jensen,0,Furesø Kommune,Nej,Nej
kommunalvalg,Ø. Enhedslisten - De Rød-Grønne,"Allan Pleman, Rønne",0,Bornholms Regionskommune,Nej,Nej
kommunalvalg,Ø. Enhedslisten - De Rød-Grønne,"Allan Skou Larsen, Østbyen",0,Horsens Kommune,Nej,Nej
kommunalvalg,Ø. Enhedslisten - De Rød-Grønne,"Alvin Mosegaard Jensen, Håstrup",0,Faaborg-Midtfyn Kommune,Nej,Nej
kommunalvalg,Ø. Enhedslisten - De Rød-Grønne,Amos Myatt,0,Tårnby Kommune,Nej,Nej
kommunalvalg,Ø. Enhedslisten - De Rød-Grønne,Amran Daahir Hassan,0,Københavns Kommune,Nej,Nej
kommunalvalg,Ø. Enhedslisten - De Rød-Grønne,"Anastasia Kratschmer, Trillegården",0,Aarhus Kommune,Nej,Nej
kommunalvalg,Ø. Enhedslisten - De Rød-Grønne,"Anders Rugtved, Snogebæk",0,Bornholms Regionskommune,Nej,Nej
kommunalvalg,Ø. Enhedslisten - De Rød-Grønne,Anders Taarnby Thomsen,0,Helsingør Kommune,Nej,Nej
kommunalvalg,Ø. Enhedslisten - De Rød-Grønne,"Anders Worsaae, Gl. Toftegård",0,Egedal Kommune,Nej,Nej
kommunalvalg,Ø. Enhedslisten - De Rød-Grønne,"Andrea Mark Jepsen, Aarhus V",0,Aarhus Kommune,Nej,Nej
kommunalvalg,Ø. Enhedslisten - De Rød-Grønne,"Andreas Bjerring Tobiassen, Vestbyen",0,Fredericia Kommune,Nej,Nej
kommunalvalg,Ø. Enhedslisten - De Rød-Grønne,Andreas Otte,0,Ringsted Kommune,Nej,Nej
kommunalvalg,Ø. Enhedslisten - De Rød-Grønne,"Andreas Winther Hvilsom, Høje Taastrup",0,Høje-Taastrup Kommune,Nej,Nej
kommunalvalg,Ø. Enhedslisten - De Rød-Grønne,"Ane Pind Bagge, Kolt-Hasselager",0,Aarhus Kommune,Nej,Nej
kommunalvalg,Ø. Enhedslisten - De Rød-Grønne,Aneken S. Petersen,13,Kolding Kommune,Nej,Nej
kommunalvalg,Ø. Enhedslisten - De Rød-Grønne,"Anna Bondo Nielsen, Roskilde",0,Roskilde Kommune,Nej,Nej
kommunalvalg,Ø. Enhedslisten - De Rød-Grønne,"Anna Herand, Stårup",0,Odsherred Kommune,Nej,Nej
kommunalvalg,Ø. Enhedslisten - De Rød-Grønne,"Anna Udbye Rasmussen, Rebild",171,Rebild Kommune,Nej,Nej
kommunalvalg,Ø. Enhedslisten - De Rød-Grønne,"Anne Dahl Thing, Slagslunde",0,Egedal Kommune,Nej,Nej
kommunalvalg,Ø. Enhedslisten - De Rød-Grønne,Anne Eggen,0,Frederiksberg Kommune,Nej,Nej
kommunalvalg,Ø. Enhedslisten - De Rød-Grønne,Anne Frederiksen,0,Brøndby Kommune,Nej,Nej
kommunalvalg,Ø. Enhedslisten - De Rød-Grønne,"Anne Haarløv, Roskilde",0,Roskilde Kommune,Nej,Nej
kommunalvalg,Ø. Enhedslisten - De Rød-Grønne,Anne Lise Rostgaard Schmidt,0,Allerød Kommune,Nej,Nej
kommunalvalg,Ø. Enhedslisten - De Rød-Grønne,Anne-Marie Venge,0,Ringsted Kommune,Nej,Nej
kommunalvalg,Ø. Enhedslisten - De Rød-Grønne,"Annemette Chemnitz Eilers, Brønderslev",0,Brønderslev Kommune,Nej,Nej
kommunalvalg,Ø. Enhedslisten - De Rød-Grønne,"Annemette Leth Nielsen, Kværndrup",0,Faaborg-Midtfyn Kommune,Nej,Nej
kommunalvalg,Ø. Enhedslisten - De Rød-Grønne,Annette Frøhling,0,Helsingør Kommune,Nej,Nej
kommunalvalg,Ø. Enhedslisten - De Rød-Grønne,"Annette Langelykke, Sønderbro",0,Horsens Kommune,Nej,Nej
kommunalvalg,Ø. Enhedslisten - De Rød-Grønne,"Annette Nielsen, Hundige",0,Greve Kommune,Nej,Nej
kommunalvalg,Ø. Enhedslisten - De Rød-Grønne,Annette Schøt,0,Slagelse Kommune,Nej,Nej
kommunalvalg,Ø. Enhedslisten - De Rød-Grønne,"Annie Grim Balsen, Roskilde",0,Roskilde Kommune,Nej,Nej
kommunalvalg,Ø. Enhedslisten - De Rød-Grønne,Annie Hagel,0,Gribskov Kommune,Nej,Nej
kommunalvalg,Ø. Enhedslisten - De Rød-Grønne,"Anton Brandt Linnet, Flauenskjold",0,Brønderslev Kommune,Nej,Nej
kommunalvalg,Ø. Enhedslisten - De Rød-Grønne,Arne Gørges,0,Vejle Kommune,Nej,Nej
kommunalvalg,Ø. Enhedslisten - De Rød-Grønne,"Arne Nygreen, Hjørring",27,Hjørring Kommune,Nej,Nej
kommunalvalg,Ø. Enhedslisten - De Rød-Grønne,Arne Würgler,0,Gribskov Kommune,Nej,Nej
kommunalvalg,Ø. Enhedslisten - De Rød-Grønne,Asbjørn Nørrind Hansen,38,Kolding Kommune,Nej,Nej
kommunalvalg,Ø. Enhedslisten - De Rød-Grønne,Asger Romme Andersen,0,Sønderborg Kommune,Nej,Nej
kommunalvalg,Ø. Enhedslisten - De Rød-Grønne,"Asghar Azizi, Aalborg",0,Aalborg Kommune,Nej,Nej
kommunalvalg,Ø. Enhedslisten - De Rød-Grønne,"Aslak Beha, Roskilde",0,Roskilde Kommune,Nej,Nej
kommunalvalg,Ø. Enhedslisten - De Rød-Grønne,Asou A. Abdulla,0,Vejle Kommune,Nej,Nej
kommunalvalg,Ø. Enhedslisten - De Rød-Grønne,Astrid Høgsbjerg Rasmussen,0,Brøndby Kommune,Nej,Nej
kommunalvalg,Ø. Enhedslisten - De Rød-Grønne,"Bendt Lund Nielsen, Hammel",46,Favrskov Kommune,Nej,Nej
kommunalvalg,Ø. Enhedslisten - De Rød-Grønne,Benjamin Birke Kirkeskov,0,Frederiksberg Kommune,Nej,Nej
kommunalvalg,Ø. Enhedslisten - De Rød-Grønne,Benny Dall,663,Kolding Kommune,Nej,Nej
kommunalvalg,Ø. Enhedslisten - De Rød-Grønne,Bent Jørgensen,0,Vordingborg Kommune,Nej,Nej
kommunalvalg,Ø. Enhedslisten - De Rød-Grønne,"Bent Skovgaard Olsen, Skørping",30,Rebild Kommune,Nej,Nej
kommunalvalg,Ø. Enhedslisten - De Rød-Grønne,"Bent Yde, Esbjerg",0,Esbjerg Kommune,Nej,Nej
kommunalvalg,Ø. Enhedslisten - De Rød-Grønne,"Bente Lerche-Thomsen, Nykøbing F.",0,Guldborgsund Kommune,Nej,Nej
kommunalvalg,Ø. Enhedslisten - De Rød-Grønne,Bente Møller,0,Københavns Kommune,Nej,Nej
kommunalvalg,Ø. Enhedslisten - De Rød-Grønne,"Bente Schmidt Nielsen, Nørresundby",0,Aalborg Kommune,Nej,Nej
kommunalvalg,Ø. Enhedslisten - De Rød-Grønne,"Berit Raldin, Tilsted",0,Thisted Kommune,Nej,Nej
kommunalvalg,Ø. Enhedslisten - De Rød-Grønne,"Bertram Fosnæs, Malling",0,Aarhus Kommune,Nej,Nej
kommunalvalg,Ø. Enhedslisten - De Rød-Grønne,Bianca Vitting,0,Frederiksberg Kommune,Nej,Nej
kommunalvalg,Ø. Enhedslisten - De Rød-Grønne,Birgit Bech,0,Frederiksberg Kommune,Nej,Nej
kommunalvalg,Ø. Enhedslisten - De Rød-Grønne,"Birgit Gedionsen, Gammel Havdrup",0,Solrød Kommune,Nej,Nej
kommunalvalg,Ø. Enhedslisten - De Rød-Grønne,"Birgit Hamming, Stestrup",0,Holbæk Kommune,Nej,Nej
kommunalvalg,Ø. Enhedslisten - De Rød-Grønne,"Birgit Hansen, Haslev",25,Faxe Kommune,Nej,Nej
kommunalvalg,Ø. Enhedslisten - De Rød-Grønne,"Birgitte Baktoft, Himmelev",0,Roskilde Kommune,Nej,Nej
kommunalvalg,Ø. Enhedslisten - De Rød-Grønne,Birgitte Thrane,0,Stevns Kommune,Nej,Nej
kommunalvalg,Ø. Enhedslisten - De Rød-Grønne,"Birthe Lauridsen, Nakskov",0,Lolland Kommune,Nej,Nej
kommunalvalg,Ø. Enhedslisten - De Rød-Grønne,"Birthe Oesterling Andersen, Løjt Kirkeby",0,Aabenraa Kommune,Nej,Nej
kommunalvalg,Ø. Enhedslisten - De Rød-Grønne,"Bjarke Bach Olesen, Viborg",20,Viborg Kommune,Nej,Nej
kommunalvalg,Ø. Enhedslisten - De Rød-Grønne,"Bjarke Hee Thomassen, Aalborg",0,Aalborg Kommune,Nej,Nej
kommunalvalg,Ø. Enhedslisten - De Rød-Grønne,"Bjørn Helstrup, Nivå",56,Fredensborg Kommune,Nej,Nej
kommunalvalg,Ø. Enhedslisten - De Rød-Grønne,"Bjørn Svensson, Fredensborg",93,Fredensborg Kommune,Nej,Nej
kommunalvalg,Ø. Enhedslisten - De Rød-Grønne,"Bodil K. Olsen, Houlbjerg",45,Favrskov Kommune,Nej,Nej
kommunalvalg,Ø. Enhedslisten - De Rød-Grønne,"Bodil Kjærum, Roskilde",0,Roskilde Kommune,Nej,Nej
kommunalvalg,Ø. Enhedslisten - De Rød-Grønne,Bodil Marie Garde,0,Albertslund Kommune,Nej,Nej
kommunalvalg,Ø. Enhedslisten - De Rød-Grønne,Bodil Morgenstern,0,Vordingborg Kommune,Nej,Nej
kommunalvalg,Ø. Enhedslisten - De Rød-Grønne,Boje Lund,0,Vejle Kommune,Nej,Nej
kommunalvalg,Ø. Enhedslisten - De Rød-Grønne,Brian Willum Petersen,0,Vordingborg Kommune,Nej,Nej
kommunalvalg,Ø. Enhedslisten - De Rød-Grønne,"Bruno Jerup, Gelsted",156,Næstved Kommune,Nej,Nej
kommunalvalg,Ø. Enhedslisten - De Rød-Grønne,Børge Bondeven Frederiksen,0,Frederikshavn Kommune,Nej,Nej
kommunalvalg,Ø. Enhedslisten - De Rød-Grønne,"Caroline Kusk, Brønderslev",0,Brønderslev Kommune,Nej,Nej
kommunalvalg,Ø. Enhedslisten - De Rød-Grønne,"Carsten O. Jørgensen, Snoghøj",0,Fredericia Kommune,Nej,Nej
kommunalvalg,Ø. Enhedslisten - De Rød-Grønne,Casper Pedersen,0,Gladsaxe Kommune,Nej,Nej
kommunalvalg,Ø. Enhedslisten - De Rød-Grønne,"Cecilie Roed Schultz, Midtbyen",0,Fredericia Kommune,Nej,Nej
kommunalvalg,Ø. Enhedslisten - De Rød-Grønne,Charlotte Lund,0,Københavns Kommune,Nej,Nej
kommunalvalg,Ø. Enhedslisten - De Rød-Grønne,Christian I. Jacobsen,0,Odense Kommune,Nej,Nej
kommunalvalg,Ø. Enhedslisten - De Rød-Grønne,Christian Juhl,0,Silkeborg Kommune,Nej,Nej
kommunalvalg,Ø. Enhedslisten - De Rød-Grønne,"Christian Struntze Maach, Viborg",32,Viborg Kommune,Nej,Nej
kommunalvalg,Ø. Enhedslisten - De Rød-Grønne,"Christina Eilers, Brønderslev",0,Brønderslev Kommune,Nej,Nej
kommunalvalg,Ø. Enhedslisten - De Rød-Grønne,Christina Ytzen Lauridsen,0,Frederiksberg Kommune,Nej,Nej
kommunalvalg,Ø. Enhedslisten - De Rød-Grønne,"Christoffer Emil Jexen, Birkerød",0,Rudersdal Kommune,Nej,Nej
kommunalvalg,Ø. Enhedslisten - De Rød-Grønne,"Christopher Ammentorp, Vissenbjerg",0,Assens Kommune,Nej,Nej
kommunalvalg,Ø. Enhedslisten - De Rød-Grønne,"Claes Andersen, Vesterbro",0,Fredericia Kommune,Nej,Nej
kommunalvalg,Ø. Enhedslisten - De Rød-Grønne,Clara Christensen,0,Furesø Kommune,Nej,Nej
kommunalvalg,Ø. Enhedslisten - De Rød-Grønne,Claus Bundgaard Rasmussen,0,Hvidovre Kommune,Nej,Nej
kommunalvalg,Ø. Enhedslisten - De Rød-Grønne,"Claus Grahndin, Gedser",0,Guldborgsund Kommune,Nej,Nej
kommunalvalg,Ø. Enhedslisten - De Rød-Grønne,"Claus Græsholm, Hedensted",0,Hedensted Kommune,Nej,Nej
kommunalvalg,Ø. Enhedslisten - De Rød-Grønne,Claus Nedenskov,0,Gribskov Kommune,Nej,Nej
kommunalvalg,Ø. Enhedslisten - De Rød-Grønne,"Clément Blain, Laurbjerg",82,Favrskov Kommune,Nej,Nej
kommunalvalg,Ø. Enhedslisten - De Rød-Grønne,Connie Dupont,0,Frederiksberg Kommune,Nej,Nej
kommunalvalg,Ø. Enhedslisten - De Rød-Grønne,"Dagmar Thiemer Andersen, Koed",35,Syddjurs Kommune,Nej,Nej
kommunalvalg,Ø. Enhedslisten - De Rød-Grønne,"Damian Hartvig Mathiesen, Thisted",0,Thisted Kommune,Nej,Nej
kommunalvalg,Ø. Enhedslisten - De Rød-Grønne,Daniel Panduro,0,Frederiksberg Kommune,Nej,Nej
kommunalvalg,Ø. Enhedslisten - De Rød-Grønne,"Danny Nielsen, Roskilde",0,Roskilde Kommune,Nej,Nej
kommunalvalg,Ø. Enhedslisten - De Rød-Grønne,"Daphne Simonsen, Allingåbro",0,Norddjurs Kommune,Nej,Nej
kommunalvalg,Ø. Enhedslisten - De Rød-Grønne,David Bohl Andersen,35,Kolding Kommune,Nej,Nej
kommunalvalg,Ø. Enhedslisten - De Rød-Grønne,"Dejla Mehdi, Aarhus N",0,Aarhus Kommune,Nej,Nej
kommunalvalg,Ø. Enhedslisten - De Rød-Grønne,Dennis Baggers Laursen,0,Brøndby Kommune,Nej,Nej
kommunalvalg,Ø. Enhedslisten - De Rød-Grønne,Dennis Munk,0,Randers Kommune,Nej,Nej
kommunalvalg,Ø. Enhedslisten - De Rød-Grønne,"Dennis Ørnfelt, Juelsminde",0,Hedensted Kommune,Nej,Nej
kommunalvalg,Ø. Enhedslisten - De Rød-Grønne,"Ditte Krøyer, Knabstrup",0,Holbæk Kommune,Nej,Nej
kommunalvalg,Ø. Enhedslisten - De Rød-Grønne,Ebbe Rand Jørgensen,0,Albertslund Kommune,Nej,Nej
kommunalvalg,Ø. Enhedslisten - De Rød-Grønne,Edibe Baran,0,Albertslund Kommune,Nej,Nej
kommunalvalg,Ø. Enhedslisten - De Rød-Grønne,"Edis Habibovic, Aalborg SØ",0,Aalborg Kommune,Nej,Nej
kommunalvalg,Ø. Enhedslisten - De Rød-Grønne,"Einar B. Baldursson, Hadsten",25,Favrskov Kommune,Nej,Nej
kommunalvalg,Ø. Enhedslisten - De Rød-Grønne,"Elanur Ersahan, Frederiksbjerg",0,Aarhus Kommune,Nej,Nej
kommunalvalg,Ø. Enhedslisten - De Rød-Grønne,Ella Wiberg,0,Københavns Kommune,Nej,Nej
kommunalvalg,Ø. Enhedslisten - De Rød-Grønne,"Ellie Rank Sabransky, Trekroner",0,Roskilde Kommune,Nej,Nej
kommunalvalg,Ø. Enhedslisten - De Rød-Grønne,Else Guldager,0,Frederiksberg Kommune,Nej,Nej
kommunalvalg,Ø. Enhedslisten - De Rød-Grønne,"Else Kayser, Aarhus C",0,Aarhus Kommune,Nej,Nej
kommunalvalg,Ø. Enhedslisten - De Rød-Grønne,Emil Andersen,0,Allerød Kommune,Nej,Nej
kommunalvalg,Ø. Enhedslisten - De Rød-Grønne,"Emil Bjødstrup Nielsen, Aalborg Øst",0,Aalborg Kommune,Nej,Nej
kommunalvalg,Ø. Enhedslisten - De Rød-Grønne,"Emil Boesen, Aakirkeby",0,Bornholms Regionskommune,Nej,Nej
kommunalvalg,Ø. Enhedslisten - De Rød-Grønne,Emil Samaras,0,Frederiksberg Kommune,Nej,Nej
kommunalvalg,Ø. Enhedslisten - De Rød-Grønne,"Emil Thirup-Sorknæs, Rantzausminde",0,Svendborg Kommune,Nej,Nej
kommunalvalg,Ø. Enhedslisten - De Rød-Grønne,"Emil Viskum, Taastrup",0,Høje-Taastrup Kommune,Nej,Nej
kommunalvalg,Ø. Enhedslisten - De Rød-Grønne,"Emilie Rejnhold Søndergaard, Rebild",106,Rebild Kommune,Nej,Nej
kommunalvalg,Ø. Enhedslisten - De Rød-Grønne,Emilie Schumacher,0,Helsingør Kommune,Nej,Nej
kommunalvalg,Ø. Enhedslisten - De Rød-Grønne,Emma Bach,0,Københavns Kommune,Nej,Nej
kommunalvalg,Ø. Enhedslisten - De Rød-Grønne,Erik Boldsen,0,Furesø Kommune,Nej,Nej
kommunalvalg,Ø. Enhedslisten - De Rød-Grønne,"Erik Christensen, Grenaa",0,Norddjurs Kommune,Nej,Nej
kommunalvalg,Ø. Enhedslisten - De Rød-Grønne,"Erik Morell, Glud",0,Hedensted Kommune,Nej,Nej
kommunalvalg,Ø. Enhedslisten - De Rød-Grønne,"Ester Beha, Roskilde",0,Roskilde Kommune,Nej,Nej
kommunalvalg,Ø. Enhedslisten - De Rød-Grønne,"Esther Michelsen Kjeldahl, Vipperød",0,Holbæk Kommune,Nej,Nej
kommunalvalg,Ø. Enhedslisten - De Rød-Grønne,Eva Birch Christensen,0,Vordingborg Kommune,Nej,Nej
kommunalvalg,Ø. Enhedslisten - De Rød-Grønne,"Eva Marianne Terkelsen, Bjørnø",0,Faaborg-Midtfyn Kommune,Nej,Nej
kommunalvalg,Ø. Enhedslisten - De Rød-Grønne,Faiza Karim,0,Tårnby Kommune,Nej,Nej
kommunalvalg,Ø. Enhedslisten - De Rød-Grønne,Falle Hjorth,0,Vordingborg Kommune,Nej,Nej
kommunalvalg,Ø. Enhedslisten - De Rød-Grønne,Fatih Baran,0,Brøndby Kommune,Nej,Nej
kommunalvalg,Ø. Enhedslisten - De Rød-Grønne,Fedai Celim,0,Albertslund Kommune,Nej,Nej
kommunalvalg,Ø. Enhedslisten - De Rød-Grønne,Filip Breson,0,Tårnby Kommune,Nej,Nej
kommunalvalg,Ø. Enhedslisten - De Rød-Grønne,"Finn Erik Larsen, Vipperød",0,Holbæk Kommune,Nej,Nej
kommunalvalg,Ø. Enhedslisten - De Rød-Grønne,"Fiona Højmark-Ross, Allinge",0,Bornholms Regionskommune,Nej,Nej
kommunalvalg,Ø. Enhedslisten - De Rød-Grønne,"Flemming Højberg, Egholm",0,Lolland Kommune,Nej,Nej
kommunalvalg,Ø. Enhedslisten - De Rød-Grønne,"Flemming Larsen, Nørager",43,Rebild Kommune,Nej,Nej
kommunalvalg,Ø. Enhedslisten - De Rød-Grønne,"Flemming Risskov Jørgensen, Vissenbjerg",0,Assens Kommune,Nej,Nej
kommunalvalg,Ø. Enhedslisten - De Rød-Grønne,"Frede Nilsson, Høje Taastrup",0,Høje-Taastrup Kommune,Nej,Nej
kommunalvalg,Ø. Enhedslisten - De Rød-Grønne,Frede Thomsen,0,Furesø Kommune,Nej,Nej
kommunalvalg,Ø. Enhedslisten - De Rød-Grønne,Frederik Kronborg,0,Københavns Kommune,Nej,Nej
kommunalvalg,Ø. Enhedslisten - De Rød-Grønne,"Frederik Lerche-Thomsen, Nykøbing F.",0,Guldborgsund Kommune,Nej,Nej
kommunalvalg,Ø. Enhedslisten - De Rød-Grønne,"Frederik Overgaard, Pederstrup",52,Viborg Kommune,Nej,Nej
kommunalvalg,Ø. Enhedslisten - De Rød-Grønne,Frida Broe,0,Hvidovre Kommune,Nej,Nej
kommunalvalg,Ø. Enhedslisten - De Rød-Grønne,Gabriel Egholm Rasmussen,0,Frederiksberg Kommune,Nej,Nej
kommunalvalg,Ø. Enhedslisten - De Rød-Grønne,"Georg Hansen, Grenaa",0,Norddjurs Kommune,Nej,Nej
kommunalvalg,Ø. Enhedslisten - De Rød-Grønne,Georgette Al-Araj,49,Kerteminde Kommune,Nej,Nej
kommunalvalg,Ø. Enhedslisten - De Rød-Grønne,Gerd Mose,0,Herlev Kommune,Nej,Nej
kommunalvalg,Ø. Enhedslisten - De Rød-Grønne,"Gert Petersen, Musicon",0,Roskilde Kommune,Nej,Nej
kommunalvalg,Ø. Enhedslisten - De Rød-Grønne,Gitte Holm Hedegaard,0,Furesø Kommune,Nej,Nej
kommunalvalg,Ø. Enhedslisten - De Rød-Grønne,"Gitte Kroll, Skjoldborg",0,Thisted Kommune,Nej,Nej
kommunalvalg,Ø. Enhedslisten - De Rød-Grønne,Godette M. S. Walmod,0,Odense Kommune,Nej,Nej
kommunalvalg,Ø. Enhedslisten - De Rød-Grønne,Gorm Anker Gunnarsen,0,Københavns Kommune,Nej,Nej
kommunalvalg,Ø. Enhedslisten - De Rød-Grønne,"Grethe Fyrstenberg, Vestbyen",0,Horsens Kommune,Nej,Nej
kommunalvalg,Ø. Enhedslisten - De Rød-Grønne,Gül Øzcan,0,Glostrup Kommune,Nej,Nej
kommunalvalg,Ø. Enhedslisten - De Rød-Grønne,Günay Usta,0,Københavns Kommune,Nej,Nej
kommunalvalg,Ø. Enhedslisten - De Rød-Grønne,"Halil Kara, Fløng",0,Høje-Taastrup Kommune,Nej,Nej
kommunalvalg,Ø. Enhedslisten - De Rød-Grønne,Hanne Bang Larsen,0,Hvidovre Kommune,Nej,Nej
kommunalvalg,Ø. Enhedslisten - De Rød-Grønne,"Hanne Juhler Rasmussen, Odder",32,Odder Kommune,Nej,Nej
kommunalvalg,Ø. Enhedslisten - De Rød-Grønne,Hans Jakob Kirk,17,Kerteminde Kommune,Nej,Nej
kommunalvalg,Ø. Enhedslisten - De Rød-Grønne,"Hans Jensen, Hjørring",95,Hjørring Kommune,Nej,Nej
kommunalvalg,Ø. Enhedslisten - De Rød-Grønne,"Hans-Henrik Høg, Fløng",0,Høje-Taastrup Kommune,Nej,Nej
kommunalvalg,Ø. Enhedslisten - De Rød-Grønne,"Harry Jensen, Hjørring",14,Hjørring Kommune,Nej,Nej
kommunalvalg,Ø. Enhedslisten - De Rød-Grønne,"Hartmut Pahlmann, Karlslunde",0,Greve Kommune,Nej,Nej
kommunalvalg,Ø. Enhedslisten - De Rød-Grønne,"Heidi C. V. Mørch, Assens",0,Assens Kommune,Nej,Nej
kommunalvalg,Ø. Enhedslisten - De Rød-Grønne,Heino Salling,224,Kerteminde Kommune,Nej,Nej
kommunalvalg,Ø. Enhedslisten - De Rød-Grønne,Helge Bo Jensen,0,Albertslund Kommune,Nej,Nej
kommunalvalg,Ø. Enhedslisten - De Rød-Grønne,Helin Bayram,0,Herlev Kommune,Nej,Nej
kommunalvalg,Ø. Enhedslisten - De Rød-Grønne,"Helle Gerbild, Sdr. Nærå",0,Faaborg-Midtfyn Kommune,Nej,Nej
kommunalvalg,Ø. Enhedslisten - De Rød-Grønne,"Helle Munk Ravnborg, Østerlars",0,Bornholms Regionskommune,Nej,Nej
kommunalvalg,Ø. Enhedslisten - De Rød-Grønne,Helle Nørregaard,0,Vordingborg Kommune,Nej,Nej
kommunalvalg,Ø. Enhedslisten - De Rød-Grønne,Helle Vallentin,0,Furesø Kommune,Nej,Nej
kommunalvalg,Ø. Enhedslisten - De Rød-Grønne,"Helle Wallin, Faxe",22,Faxe Kommune,Nej,Nej
kommunalvalg,Ø. Enhedslisten - De Rød-Grønne,"Helle Wilken Bovien, Smørum",0,Egedal Kommune,Nej,Nej
kommunalvalg,Ø. Enhedslisten - De Rød-Grønne,"Helle Wisbech, Egense",0,Svendborg Kommune,Nej,Nej
kommunalvalg,Ø. Enhedslisten - De Rød-Grønne,"Henning Bentzen, Himmelev",0,Roskilde Kommune,Nej,Nej
kommunalvalg,Ø. Enhedslisten - De Rød-Grønne,Henning Bo Madsen,0,Ringkøbing-Skjern Kommune,Nej,Nej
kommunalvalg,Ø. Enhedslisten - De Rød-Grønne,"Henning Hartmeyer, Vestbyen",0,Fredericia Kommune,Nej,Nej
kommunalvalg,Ø. Enhedslisten - De Rød-Grønne,"Henning Hyllested, Esbjerg",0,Esbjerg Kommune,Nej,Nej
kommunalvalg,Ø. Enhedslisten - De Rød-Grønne,Henning Lindberg,0,Silkeborg Kommune,Nej,Nej
kommunalvalg,Ø. Enhedslisten - De Rød-Grønne,Henrik Bang,0,Lyngby-Taarbæk Kommune,Nej,Nej
kommunalvalg,Ø. Enhedslisten - De Rød-Grønne,"Henrik Frydenborg, Tommerup",0,Assens Kommune,Nej,Nej
kommunalvalg,Ø. Enhedslisten - De Rød-Grønne,"Henrik Holmsted Pedersen, Robstrup",0,Norddjurs Kommune,Nej,Nej
kommunalvalg,Ø. Enhedslisten - De Rød-Grønne,Henrik Kjær,0,Slagelse Kommune,Nej,Nej
kommunalvalg,Ø. Enhedslisten - De Rød-Grønne,"Henrik Opstrup, Hou",14,Odder Kommune,Nej,Nej
kommunalvalg,Ø. Enhedslisten - De Rød-Grønne,"Henrik Palsmar, Roskilde",0,Roskilde Kommune,Nej,Nej
kommunalvalg,Ø. Enhedslisten - De Rød-Grønne,"Henrik Storm Tegtmeier, Flemløse",0,Assens Kommune,Nej,Nej
kommunalvalg,Ø. Enhedslisten - De Rød-Grønne,"Henrik Øllegaard, Maribo",0,Lolland Kommune,Nej,Nej
kommunalvalg,Ø. Enhedslisten - De Rød-Grønne,"Henrik Ørnebjerg, Ølstykke Stationsby",0,Egedal Kommune,Nej,Nej
kommunalvalg,Ø. Enhedslisten - De Rød-Grønne,"Holger Kjærgaard, Vrå",175,Hjørring Kommune,Nej,Nej
kommunalvalg,Ø. Enhedslisten - De Rød-Grønne,"Huda Søgaard, Hundige",0,Greve Kommune,Nej,Nej
kommunalvalg,Ø. Enhedslisten - De Rød-Grønne,"Ib Knudsen, Svendborg Midtby",0,Svendborg Kommune,Nej,Nej
kommunalvalg,Ø. Enhedslisten - De Rød-Grønne,Ibrahim Benli,0,Herlev Kommune,Nej,Nej
kommunalvalg,Ø. Enhedslisten - De Rød-Grønne,"Ibrahim Salman, Bjernæs",0,Lolland Kommune,Nej,Nej
kommunalvalg,Ø. Enhedslisten - De Rød-Grønne,Ida Agnete Storgaard Christensen,197,Kolding Kommune,Nej,Nej
kommunalvalg,Ø. Enhedslisten - De Rød-Grønne,Ida Holst,0,Vordingborg Kommune,Nej,Nej
kommunalvalg,Ø. Enhedslisten - De Rød-Grønne,Ida Siemens Holm,0,Sønderborg Kommune,Nej,Nej
kommunalvalg,Ø. Enhedslisten - De Rød-Grønne,"Ida-Sofie Skjoldhøj Andersen, Tåsinge",0,Svendborg Kommune,Nej,Nej
kommunalvalg,Ø. Enhedslisten - De Rød-Grønne,Ilias Berrhili,74,Rødovre Kommune,Nej,Nej
kommunalvalg,Ø. Enhedslisten - De Rød-Grønne,"Ina Marie Graneberg, Hjortshøj",0,Aarhus Kommune,Nej,Nej
kommunalvalg,Ø. Enhedslisten - De Rød-Grønne,"Inger Sandahl, Thisted",0,Thisted Kommune,Nej,Nej
kommunalvalg,Ø. Enhedslisten - De Rød-Grønne,Ingrid Bo Rahbek,0,Københavns Kommune,Nej,Nej
kommunalvalg,Ø. Enhedslisten - De Rød-Grønne,"Inky Remy, Bønnerup Strand",0,Norddjurs Kommune,Nej,Nej
kommunalvalg,Ø. Enhedslisten - De Rød-Grønne,"Isabella Heilmann, Aarhus C",0,Aarhus Kommune,Nej,Nej
kommunalvalg,Ø. Enhedslisten - De Rød-Grønne,Jacob Juul,0,Gribskov Kommune,Nej,Nej
kommunalvalg,Ø. Enhedslisten - De Rød-Grønne,"Jakob Hviid Nielsen, Øgaderne",0,Aarhus Kommune,Nej,Nej
kommunalvalg,Ø. Enhedslisten - De Rød-Grønne,"Jakob Jensen, Ebeltoft",55,Syddjurs Kommune,Nej,Nej
kommunalvalg,Ø. Enhedslisten - De Rød-Grønne,Jakob Ørsted,0,Frederiksberg Kommune,Nej,Nej
kommunalvalg,Ø. Enhedslisten - De Rød-Grønne,Jan Ambirk,0,Vordingborg Kommune,Nej,Nej
kommunalvalg,Ø. Enhedslisten - De Rød-Grønne,"Jan Broholm, Eskebjerg",0,Kalundborg Kommune,Nej,Nej
kommunalvalg,Ø. Enhedslisten - De Rød-Grønne,"Jan Erik Abildskov Nielsen, Fejø",0,Lolland Kommune,Nej,Nej
kommunalvalg,Ø. Enhedslisten - De Rød-Grønne,Janus Balleby Rønbach,0,Brøndby Kommune,Nej,Nej
kommunalvalg,Ø. Enhedslisten - De Rød-Grønne,Jean Thierry,0,Københavns Kommune,Nej,Nej
kommunalvalg,Ø. Enhedslisten - De Rød-Grønne,"Jenny Rørbæk Jensen, Aalborg Øst",0,Aalborg Kommune,Nej,Nej
kommunalvalg,Ø. Enhedslisten - De Rød-Grønne,"Jens Chr. Nielsen, Feldballe",11,Syddjurs Kommune,Nej,Nej
kommunalvalg,Ø. Enhedslisten - De Rød-Grønne,Jens Ohlsson,0,Furesø Kommune,Nej,Nej
kommunalvalg,Ø. Enhedslisten - De Rød-Grønne,Jens Ove Bay,0,Vallensbæk Kommune,Nej,Nej
kommunalvalg,Ø. Enhedslisten - De Rød-Grønne,"Jens Pihlkjær Christensen, Buerup",0,Kalundborg Kommune,Nej,Nej
kommunalvalg,Ø. Enhedslisten - De Rød-Grønne,"Jeppe Bruntse Jacobsen, Askildrup",10,Rebild Kommune,Nej,Nej
kommunalvalg,Ø. Enhedslisten - De Rød-Grønne,"Jeppe Lynge Ravn, Vig",0,Odsherred Kommune,Nej,Nej
kommunalvalg,Ø. Enhedslisten - De Rød-Grønne,"Jeppe Mariager, Gudbjerg",0,Svendborg Kommune,Nej,Nej
kommunalvalg,Ø. Enhedslisten - De Rød-Grønne,Jeppe Milthers,0,Albertslund Kommune,Nej,Nej
kommunalvalg,Ø. Enhedslisten - De Rød-Grønne,"Jeppe Ulrich Lomholt, Aarhus V",0,Aarhus Kommune,Nej,Nej
kommunalvalg,Ø. Enhedslisten - De Rød-Grønne,Jesper Gehrke,0,Vallensbæk Kommune,Nej,Nej
kommunalvalg,Ø. Enhedslisten - De Rød-Grønne,Jesper Grand,0,Lyngby-Taarbæk Kommune,Nej,Nej
kommunalvalg,Ø. Enhedslisten - De Rød-Grønne,"Jesper Gredsted Smidth, Pedersker",0,Bornholms Regionskommune,Nej,Nej
kommunalvalg,Ø. Enhedslisten - De Rød-Grønne,"Jesper Kiel, Svendborg Nordre Bydel",0,Svendborg Kommune,Nej,Nej
kommunalvalg,Ø. Enhedslisten - De Rød-Grønne,"Jesper Steppat, Vejlby-Risskov",0,Aarhus Kommune,Nej,Nej
kommunalvalg,Ø. Enhedslisten - De Rød-Grønne,"Jesper Yde Knudsen, Rønde",391,Syddjurs Kommune,Nej,Nej
kommunalvalg,Ø. Enhedslisten - De Rød-Grønne,Jette Hansen,0,Gribskov Kommune,Nej,Nej
kommunalvalg,Ø. Enhedslisten - De Rød-Grønne,Jette Lyhne,0,Furesø Kommune,Nej,Nej
kommunalvalg,Ø. Enhedslisten - De Rød-Grønne,"Joan Augustenborg, Grevinge",0,Odsherred Kommune,Nej,Nej
kommunalvalg,Ø. Enhedslisten - De Rød-Grønne,Johan Eriksen,0,Vejle Kommune,Nej,Nej
kommunalvalg,Ø. Enhedslisten - De Rød-Grønne,"Johan Weltzin Kristensen, Svendborg Midtby",0,Svendborg Kommune,Nej,Nej
kommunalvalg,Ø. Enhedslisten - De Rød-Grønne,Johanna-Maria Precht,0,Sønderborg Kommune,Nej,Nej
kommunalvalg,Ø. Enhedslisten - De Rød-Grønne,"John Ørtoft, Vejgaard",0,Aalborg Kommune,Nej,Nej
kommunalvalg,Ø. Enhedslisten - De Rød-Grønne,Johnny Gregersen,0,Slagelse Kommune,Nej,Nej
kommunalvalg,Ø. Enhedslisten - De Rød-Grønne,Jonas Heidari,0,Københavns Kommune,Nej,Nej
kommunalvalg,Ø. Enhedslisten - De Rød-Grønne,Jonas Sivesgaard,0,Frederikshavn Kommune,Nej,Nej
kommunalvalg,Ø. Enhedslisten - De Rød-Grønne,"Jonatan Svendsen, Langenæs",0,Aarhus Kommune,Nej,Nej
kommunalvalg,Ø. Enhedslisten - De Rød-Grønne,Josefine Kjeldsen,0,Lyngby-Taarbæk Kommune,Nej,Nej
kommunalvalg,Ø. Enhedslisten - De Rød-Grønne,"Josephine Bentsen, Vedbæk",0,Rudersdal Kommune,Nej,Nej
kommunalvalg,Ø. Enhedslisten - De Rød-Grønne,"Julie Castmar, Aakirkeby",0,Bornholms Regionskommune,Nej,Nej
kommunalvalg,Ø. Enhedslisten - De Rød-Grønne,Julie Lionett,0,Randers Kommune,Nej,Nej
kommunalvalg,Ø. Enhedslisten - De Rød-Grønne,Jørgen Andkær Jensen,29,Kerteminde Kommune,Nej,Nej
kommunalvalg,Ø. Enhedslisten - De Rød-Grønne,Jørgen Bodilsen,0,Helsingør Kommune,Nej,Nej
kommunalvalg,Ø. Enhedslisten - De Rød-Grønne,Jørgen Franck,0,Gladsaxe Kommune,Nej,Nej
kommunalvalg,Ø. Enhedslisten - De Rød-Grønne,"Jørgen Haubuf, Bramming",0,Esbjerg Kommune,Nej,Nej
kommunalvalg,Ø. Enhedslisten - De Rød-Grønne,"Jørgen Randløv Madsen, Dianalund",0,Kalundborg Kommune,Nej,Nej
kommunalvalg,Ø. Enhedslisten - De Rød-Grønne,"Jørgen Stefansen, Godthåb",0,Aalborg Kommune,Nej,Nej
kommunalvalg,Ø. Enhedslisten - De Rød-Grønne,Jørgen Strøm,0,Gribskov Kommune,Nej,Nej
kommunalvalg,Ø. Enhedslisten - De Rød-Grønne,"Jørn Madsen, Aalborg Øst",0,Aalborg Kommune,Nej,Nej
kommunalvalg,Ø. Enhedslisten - De Rød-Grønne,"Kaj Alstrup, Assens",0,Assens Kommune,Nej,Nej
kommunalvalg,Ø. Enhedslisten - De Rød-Grønne,"Kamilla Kjeldgaard Futtrup, Snedsted",0,Thisted Kommune,Nej,Nej
kommunalvalg,Ø. Enhedslisten - De Rød-Grønne,Karen Fedders Prag,0,Brøndby Kommune,Nej,Nej
kommunalvalg,Ø. Enhedslisten - De Rød-Grønne,"Karin Kambskard, Enø",126,Næstved Kommune,Nej,Nej
kommunalvalg,Ø. Enhedslisten - De Rød-Grønne,Karin Kofod,0,Hvidovre Kommune,Nej,Nej
kommunalvalg,Ø. Enhedslisten - De Rød-Grønne,Karin Rasmussen,0,Lyngby-Taarbæk Kommune,Nej,Nej
kommunalvalg,Ø. Enhedslisten - De Rød-Grønne,"Karin Østergaard, Jersie Strand",0,Solrød Kommune,Nej,Nej
kommunalvalg,Ø. Enhedslisten - De Rød-Grønne,"Karina Bundgaard, Aarhus C",0,Aarhus Kommune,Nej,Nej
kommunalvalg,Ø. Enhedslisten - De Rød-Grønne,Karina Hjorth,0,Randers Kommune,Nej,Nej
kommunalvalg,Ø. Enhedslisten - De Rød-Grønne,Karina Vestergård Madsen,0,Københavns Kommune,Nej,Nej
kommunalvalg,Ø. Enhedslisten - De Rød-Grønne,"Karla Andreassen, Ebeltoft",92,Syddjurs Kommune,Nej,Nej
kommunalvalg,Ø. Enhedslisten - De Rød-Grønne,Kasper Eiset-Andersen,0,Silkeborg Kommune,Nej,Nej
kommunalvalg,Ø. Enhedslisten - De Rød-Grønne,Katrine Hassenkam,0,Københavns Kommune,Nej,Nej
kommunalvalg,Ø. Enhedslisten - De Rød-Grønne,Katrine Vilien,0,Herlev Kommune,Nej,Nej
kommunalvalg,Ø. Enhedslisten - De Rød-Grønne,"Kevin Alex Rasmussen, Nykøbing F.",0,Guldborgsund Kommune,Nej,Nej
kommunalvalg,Ø. Enhedslisten - De Rød-Grønne,"Kim Kastoft, Svendborg Østre Bydel",0,Svendborg Kommune,Nej,Nej
kommunalvalg,Ø. Enhedslisten - De Rød-Grønne,Kim Larsen,0,Tårnby Kommune,Nej,Nej
kommunalvalg,Ø. Enhedslisten - De Rød-Grønne,"Kim Lilholt Ruggaard, Aarhus N",0,Aarhus Kommune,Nej,Nej
kommunalvalg,Ø. Enhedslisten - De Rød-Grønne,Kim S. Frederiksen,0,Odense Kommune,Nej,Nej
kommunalvalg,Ø. Enhedslisten - De Rød-Grønne,Kirsten Fahnøe,0,Vordingborg Kommune,Nej,Nej
kommunalvalg,Ø. Enhedslisten - De Rød-Grønne,"Kirsten Hofset, Egemosedam",0,Assens Kommune,Nej,Nej
kommunalvalg,Ø. Enhedslisten - De Rød-Grønne,Kirsten Thyregod,0,Gladsaxe Kommune,Nej,Nej
kommunalvalg,Ø. Enhedslisten - De Rød-Grønne,Kirstina Tranberg,0,Glostrup Kommune,Nej,Nej
kommunalvalg,Ø. Enhedslisten - De Rød-Grønne,"Kjeld Mikkelsen, Fuglslev",14,Syddjurs Kommune,Nej,Nej
kommunalvalg,Ø. Enhedslisten - De Rød-Grønne,Klaus Goldschmidt Henriksen,0,Københavns Kommune,Nej,Nej
kommunalvalg,Ø. Enhedslisten - De Rød-Grønne,Klaus Pedersen,0,Hvidovre Kommune,Nej,Nej
kommunalvalg,Ø. Enhedslisten - De Rød-Grønne,"Klavs Bryld, Grenaa",0,Norddjurs Kommune,Nej,Nej
kommunalvalg,Ø. Enhedslisten - De Rød-Grønne,Knud Holt Nielsen,0,Københavns Kommune,Nej,Nej
kommunalvalg,Ø. Enhedslisten - De Rød-Grønne,"Knud Ærbo, Løjtofte",0,Lolland Kommune,Nej,Nej
kommunalvalg,Ø. Enhedslisten - De Rød-Grønne,Kurt Stoldt,0,Vejle Kommune,Nej,Nej
kommunalvalg,Ø. Enhedslisten - De Rød-Grønne,L. Maeve Ivan Althof,0,Odense Kommune,Nej,Nej
kommunalvalg,Ø. Enhedslisten - De Rød-Grønne,"Laila Charlotte Jensen, Grenaa",0,Norddjurs Kommune,Nej,Nej
kommunalvalg,Ø. Enhedslisten - De Rød-Grønne,Lars Bremer,0,Albertslund Kommune,Nej,Nej
kommunalvalg,Ø. Enhedslisten - De Rød-Grønne,"Lars Gissel, Vedbæk",0,Rudersdal Kommune,Nej,Nej
kommunalvalg,Ø. Enhedslisten - De Rød-Grønne,"Lars Jalking, Holbæk",0,Holbæk Kommune,Nej,Nej
kommunalvalg,Ø. Enhedslisten - De Rød-Grønne,"Lars Juul Jensen, Hornsyld",0,Hedensted Kommune,Nej,Nej
kommunalvalg,Ø. Enhedslisten - De Rød-Grønne,"Lars Mogensen, Esbjerg Ø",0,Esbjerg Kommune,Nej,Nej
kommunalvalg,Ø. Enhedslisten - De Rød-Grønne,"Lars Thyrre Sørensen, Koed",14,Syddjurs Kommune,Nej,Nej
kommunalvalg,Ø. Enhedslisten - De Rød-Grønne,Lars Vestergaard Christiansen,0,Halsnæs Kommune,Nej,Nej
kommunalvalg,Ø. Enhedslisten - De Rød-Grønne,"Lasse Bertelsen, Mørkøv",0,Holbæk Kommune,Nej,Nej
kommunalvalg,Ø. Enhedslisten - De Rød-Grønne,Lasse Harder Schousboe,49,Fanø Kommune,Nej,Nej
kommunalvalg,Ø. Enhedslisten - De Rød-Grønne,"Lasse Mejer Petersen, Brønderslev",0,Brønderslev Kommune,Nej,Nej
kommunalvalg,Ø. Enhedslisten - De Rød-Grønne,"Lasse Olsen, Aalborg",0,Aalborg Kommune,Nej,Nej
kommunalvalg,Ø. Enhedslisten - De Rød-Grønne,Laura Dahl Blomstrøm,163,Kolding Kommune,Nej,Nej
kommunalvalg,Ø. Enhedslisten - De Rød-Grønne,"Laura Horn, Tune",0,Greve Kommune,Nej,Nej
kommunalvalg,Ø. Enhedslisten - De Rød-Grønne,"Laura Sol Kjær Nysom, Aalborg",0,Aalborg Kommune,Nej,Nej
kommunalvalg,Ø. Enhedslisten - De Rød-Grønne,Laurids Kristian Fahl,0,Frederiksberg Kommune,Nej,Nej
kommunalvalg,Ø. Enhedslisten - De Rød-Grønne,"Leif Gjørtz Christensen, Norsminde",84,Odder Kommune,Nej,Nej
kommunalvalg,Ø. Enhedslisten - De Rød-Grønne,"Leif Juhl, Holbæk",0,Holbæk Kommune,Nej,Nej
kommunalvalg,Ø. Enhedslisten - De Rød-Grønne,Lene Boye-Hansen,0,Ringsted Kommune,Nej,Nej
kommunalvalg,Ø. Enhedslisten - De Rød-Grønne,"Leni Dam, Karlslunde",0,Greve Kommune,Nej,Nej
kommunalvalg,Ø. Enhedslisten - De Rød-Grønne,Line Barfod,0,Københavns Kommune,Nej,Nej
kommunalvalg,Ø. Enhedslisten - De Rød-Grønne,Line Skipper,0,Silkeborg Kommune,Nej,Nej
kommunalvalg,Ø. Enhedslisten - De Rød-Grønne,Lisbet Petersen,3,Fanø Kommune,Nej,Nej
kommunalvalg,Ø. Enhedslisten - De Rød-Grønne,"Lisbet Skou, Esbjerg",0,Esbjerg Kommune,Nej,Nej
kommunalvalg,Ø. Enhedslisten - De Rød-Grønne,Lisbeth Havemann,0,Gribskov Kommune,Nej,Nej
kommunalvalg,Ø. Enhedslisten - De Rød-Grønne,"Lisbeth Ivanhoe, Vestbyen",0,Horsens Kommune,Nej,Nej
kommunalvalg,Ø. Enhedslisten - De Rød-Grønne,Lisbeth Stadel Petersen,0,Randers Kommune,Nej,Nej
kommunalvalg,Ø. Enhedslisten - De Rød-Grønne,"Lisbeth Torfing, Hovedgård",0,Horsens Kommune,Nej,Nej
kommunalvalg,Ø. Enhedslisten - De Rød-Grønne,"Lisbeth Uhd, Midtbyen",0,Aarhus Kommune,Nej,Nej
kommunalvalg,Ø. Enhedslisten - De Rød-Grønne,Lise Hogervorst,0,Lyngby-Taarbæk Kommune,Nej,Nej
kommunalvalg,Ø. Enhedslisten - De Rød-Grønne,Liselotte Knudsen,0,Ringsted Kommune,Nej,Nej
kommunalvalg,Ø. Enhedslisten - De Rød-Grønne,"Lissy Juliane Mikkelsen, Frøslev",242,Morsø Kommune,Nej,Nej
kommunalvalg,Ø. Enhedslisten - De Rød-Grønne,Listestemmer,6515,Aalborg Kommune,Nej,Nej
kommunalvalg,Ø. Enhedslisten - De Rød-Grønne,"Liv Lærke Nissen, Holbæk",0,Holbæk Kommune,Nej,Nej
kommunalvalg,Ø. Enhedslisten - De Rød-Grønne,"Lola Broe, Jersie Strand",0,Solrød Kommune,Nej,Nej
kommunalvalg,Ø. Enhedslisten - De Rød-Grønne,"Lone Degn, Nørrestenbro",0,Aarhus Kommune,Nej,Nej
kommunalvalg,Ø. Enhedslisten - De Rød-Grønne,Lone Helmstedt,0,Albertslund Kommune,Nej,Nej
kommunalvalg,Ø. Enhedslisten - De Rød-Grønne,"Lone Stæhr, Haslev",82,Faxe Kommune,Nej,Nej
kommunalvalg,Ø. Enhedslisten - De Rød-Grønne,Lotte Klein,0,Gladsaxe Kommune,Nej,Nej
kommunalvalg,Ø. Enhedslisten - De Rød-Grønne,Louise Gustafsson Kolmos,0,Sønderborg Kommune,Nej,Nej
kommunalvalg,Ø. Enhedslisten - De Rød-Grønne,"Louise Mathiasen, Østerhøj",0,Ballerup Kommune,Nej,Nej
kommunalvalg,Ø. Enhedslisten - De Rød-Grønne,"Lucas Suong Lam, Risskov",0,Aarhus Kommune,Nej,Nej
kommunalvalg,Ø. Enhedslisten - De Rød-Grønne,"Lucia Carriere, Roskilde",0,Roskilde Kommune,Nej,Nej
kommunalvalg,Ø. Enhedslisten - De Rød-Grønne,Luise Marie Bak,0,Vallensbæk Kommune,Nej,Nej
kommunalvalg,Ø. Enhedslisten - De Rød-Grønne,Lukas Albrechtsen,90,Kolding Kommune,Nej,Nej
kommunalvalg,Ø. Enhedslisten - De Rød-Grønne,Lukas Lykke Rasmussen,0,Vordingborg Kommune,Nej,Nej
kommunalvalg,Ø. Enhedslisten - De Rød-Grønne,Lukas Skjalm Lissner,84,Rødovre Kommune,Nej,Nej
kommunalvalg,Ø. Enhedslisten - De Rød-Grønne,Luna Kjær,0,Randers Kommune,Nej,Nej
kommunalvalg,Ø. Enhedslisten - De Rød-Grønne,Lykke Dahlén,0,Silkeborg Kommune,Nej,Nej
kommunalvalg,Ø. Enhedslisten - De Rød-Grønne,"Mads Bruun Pedersen, Lumsås",0,Odsherred Kommune,Nej,Nej
kommunalvalg,Ø. Enhedslisten - De Rød-Grønne,"Mads Dahl Thomsen, Aarhus C",0,Aarhus Kommune,Nej,Nej
kommunalvalg,Ø. Enhedslisten - De Rød-Grønne,Mads Ejvind Straarup,0,Odense Kommune,Nej,Nej
kommunalvalg,Ø. Enhedslisten - De Rød-Grønne,"Mads Kissow, Aakirkeby",0,Bornholms Regionskommune,Nej,Nej
kommunalvalg,Ø. Enhedslisten - De Rød-Grønne,Mads Kofoed,0,Slagelse Kommune,Nej,Nej
kommunalvalg,Ø. Enhedslisten - De Rød-Grønne,"Mads Thordal Trærup, Aarsdale",0,Bornholms Regionskommune,Nej,Nej
kommunalvalg,Ø. Enhedslisten - De Rød-Grønne,Mads Torkenholdt Hansen,0,Herlev Kommune,Nej,Nej
kommunalvalg,Ø. Enhedslisten - De Rød-Grønne,Mads-Emil Falk,0,Allerød Kommune,Nej,Nej
kommunalvalg,Ø. Enhedslisten - De Rød-Grønne,Mads-Emil Gaardsvig Christensen,0,Frederiksberg Kommune,Nej,Nej
kommunalvalg,Ø. Enhedslisten - De Rød-Grønne,"Magne Viggo Gregersen, Odder",59,Odder Kommune,Nej,Nej
kommunalvalg,Ø. Enhedslisten - De Rød-Grønne,"Mai Jensen, Brønderslev",0,Brønderslev Kommune,Nej,Nej
kommunalvalg,Ø. Enhedslisten - De Rød-Grønne,"Maja Spang-Hanssen, Assens",0,Assens Kommune,Nej,Nej
kommunalvalg,Ø. Enhedslisten - De Rød-Grønne,Majbritt Horsholm,0,Halsnæs Kommune,Nej,Nej
kommunalvalg,Ø. Enhedslisten - De Rød-Grønne,"Malene Hildegaard, Skårup",0,Svendborg Kommune,Nej,Nej
kommunalvalg,Ø. Enhedslisten - De Rød-Grønne,"Malene Kallan, Svendborg Midtby",0,Svendborg Kommune,Nej,Nej
kommunalvalg,Ø. Enhedslisten - De Rød-Grønne,Malte Sauerland-Paulsen,0,Københavns Kommune,Nej,Nej
kommunalvalg,Ø. Enhedslisten - De Rød-Grønne,Malthe Jacobsen,0,Helsingør Kommune,Nej,Nej
kommunalvalg,Ø. Enhedslisten - De Rød-Grønne,"Marc Hast Knudsen, Midtbyen",0,Fredericia Kommune,Nej,Nej
kommunalvalg,Ø. Enhedslisten - De Rød-Grønne,Marcus Reenberg,0,Vejle Kommune,Nej,Nej
kommunalvalg,Ø. Enhedslisten - De Rød-Grønne,Maria Sofie Petersen,0,Københavns Kommune,Nej,Nej
kommunalvalg,Ø. Enhedslisten - De Rød-Grønne,"Maria Sørensen, Laurbjerg",254,Favrskov Kommune,Nej,Nej
kommunalvalg,Ø. Enhedslisten - De Rød-Grønne,"Mariann Winther, Odder",714,Odder Kommune,Nej,Nej
kommunalvalg,Ø. Enhedslisten - De Rød-Grønne,"Marianne Abell, Grenaa",0,Norddjurs Kommune,Nej,Nej
kommunalvalg,Ø. Enhedslisten - De Rød-Grønne,Marianne Christensen,32,Rødovre Kommune,Nej,Nej
kommunalvalg,Ø. Enhedslisten - De Rød-Grønne,Marianne Dithmer,0,Herlev Kommune,Nej,Nej
kommunalvalg,Ø. Enhedslisten - De Rød-Grønne,"Marianne Jensen, Sabro",0,Aarhus Kommune,Nej,Nej
kommunalvalg,Ø. Enhedslisten - De Rød-Grønne,Marianne Rohde,0,Frederiksberg Kommune,Nej,Nej
kommunalvalg,Ø. Enhedslisten - De Rød-Grønne,"Marianne Rosengren Pacarada, Svendborg Østre Bydel",0,Svendborg Kommune,Nej,Nej
kommunalvalg,Ø. Enhedslisten - De Rød-Grønne,"Marianne Trustrup, Nyborg",0,Nyborg Kommune,Nej,Nej
kommunalvalg,Ø. Enhedslisten - De Rød-Grønne,"Marie Louise Villadsen, Alminde",0,Lolland Kommune,Nej,Nej
kommunalvalg,Ø. Enhedslisten - De Rød-Grønne,Marion K. Hansen,0,Sønderborg Kommune,Nej,Nej
kommunalvalg,Ø. Enhedslisten - De Rød-Grønne,"Martin Kjeldsen, Vedtofte",0,Assens Kommune,Nej,Nej
kommunalvalg,Ø. Enhedslisten - De Rød-Grønne,Martin Laursen,0,Randers Kommune,Nej,Nej
kommunalvalg,Ø. Enhedslisten - De Rød-Grønne,Martin Solberg Skinneholm,0,Randers Kommune,Nej,Nej
kommunalvalg,Ø. Enhedslisten - De Rød-Grønne,"Mathias Skrydstrup Kristensen, Vejgaard",0,Aalborg Kommune,Nej,Nej
kommunalvalg,Ø. Enhedslisten - De Rød-Grønne,"Mathilda Snefred Jokumsen, Trøjborg",0,Aarhus Kommune,Nej,Nej
kommunalvalg,Ø. Enhedslisten - De Rød-Grønne,"Mehmet Zeki Dogru, Greve",0,Greve Kommune,Nej,Nej
kommunalvalg,Ø. Enhedslisten - De Rød-Grønne,Mette Fink,0,Tårnby Kommune,Nej,Nej
kommunalvalg,Ø. Enhedslisten - De Rød-Grønne,Mette Nørby Jensen,6,Fanø Kommune,Nej,Nej
kommunalvalg,Ø. Enhedslisten - De Rød-Grønne,Mette Rotesan,0,Hvidovre Kommune,Nej,Nej
kommunalvalg,Ø. Enhedslisten - De Rød-Grønne,Mette Skaarup,0,Odense Kommune,Nej,Nej
kommunalvalg,Ø. Enhedslisten - De Rød-Grønne,Mia Haugaard,0,Frederiksberg Kommune,Nej,Nej
kommunalvalg,Ø. Enhedslisten - De Rød-Grønne,"Mia Østergaard, Holte",0,Rudersdal Kommune,Nej,Nej
kommunalvalg,Ø. Enhedslisten - De Rød-Grønne,Michael Dorph Jensen,0,Gladsaxe Kommune,Nej,Nej
kommunalvalg,Ø. Enhedslisten - De Rød-Grønne,Michael H. Nielsen,0,Gribskov Kommune,Nej,Nej
kommunalvalg,Ø. Enhedslisten - De Rød-Grønne,"Michael Larsen, Jyllinge",0,Roskilde Kommune,Nej,Nej
kommunalvalg,Ø. Enhedslisten - De Rød-Grønne,"Michael Levisen Nielsen, Mou",0,Aalborg Kommune,Nej,Nej
kommunalvalg,Ø. Enhedslisten - De Rød-Grønne,"Michael Martin Jensen, Tranekær",32,Langeland Kommune,Nej,Nej
kommunalvalg,Ø. Enhedslisten - De Rød-Grønne,Michael Pedersen,0,Halsnæs Kommune,Nej,Nej
kommunalvalg,Ø. Enhedslisten - De Rød-Grønne,"Michael Riber Jørgensen, Thisted",0,Thisted Kommune,Nej,Nej
kommunalvalg,Ø. Enhedslisten - De Rød-Grønne,Michelle Beldner,0,Halsnæs Kommune,Nej,Nej
kommunalvalg,Ø. Enhedslisten - De Rød-Grønne,"Mikael Mogensen, Bjerre",0,Hedensted Kommune,Nej,Nej
kommunalvalg,Ø. Enhedslisten - De Rød-Grønne,Mikkel Aagaard,0,Allerød Kommune,Nej,Nej
kommunalvalg,Ø. Enhedslisten - De Rød-Grønne,Mikkel Fahlstrøm,8,Fanø Kommune,Nej,Nej
kommunalvalg,Ø. Enhedslisten - De Rød-Grønne,Mikkel Skovgaard,0,Københavns Kommune,Nej,Ja
kommunalvalg,Ø. Enhedslisten - De Rød-Grønne,Mille Schlünsen,71,Kolding Kommune,Nej,Nej
kommunalvalg,Ø. Enhedslisten - De Rød-Grønne,Misja Lykke Breith Toldam,0,Ringsted Kommune,Nej,Nej
kommunalvalg,Ø. Enhedslisten - De Rød-Grønne,Mogens Bærendtsen,0,Slagelse Kommune,Nej,Nej
kommunalvalg,Ø. Enhedslisten - De Rød-Grønne,"Mogens Overballe, Grenaa",0,Norddjurs Kommune,Nej,Nej
kommunalvalg,Ø. Enhedslisten - De Rød-Grønne,"Mohammad Steitan, Ebeltoft",160,Syddjurs Kommune,Nej,Nej
kommunalvalg,Ø. Enhedslisten - De Rød-Grønne,Mona Fedders Prag,0,Brøndby Kommune,Nej,Nej
kommunalvalg,Ø. Enhedslisten - De Rød-Grønne,Mona Musse,0,Ringsted Kommune,Nej,Nej
kommunalvalg,Ø. Enhedslisten - De Rød-Grønne,"Morten Clausager Schjøtt, Ringe",0,Faaborg-Midtfyn Kommune,Nej,Nej
kommunalvalg,Ø. Enhedslisten - De Rød-Grønne,Morten Hjort,0,Vordingborg Kommune,Nej,Nej
kommunalvalg,Ø. Enhedslisten - De Rød-Grønne,Morten K. Christensen-Hornehøj,0,Frederiksberg Kommune,Nej,Nej
kommunalvalg,Ø. Enhedslisten - De Rød-Grønne,"Morten Riis, Gudhjem",0,Bornholms Regionskommune,Nej,Nej
kommunalvalg,Ø. Enhedslisten - De Rød-Grønne,"Morten Stig Pedersen, Vipperød",0,Holbæk Kommune,Nej,Nej
kommunalvalg,Ø. Enhedslisten - De Rød-Grønne,"Naja Frederiksen, Vestbyen",0,Fredericia Kommune,Nej,Nej
kommunalvalg,Ø. Enhedslisten - De Rød-Grønne,"Nangi Azizullah, Erritsø",0,Fredericia Kommune,Nej,Nej
kommunalvalg,Ø. Enhedslisten - De Rød-Grønne,"Nanna Lindegaard, Svendborg Midtby",0,Svendborg Kommune,Nej,Nej
kommunalvalg,Ø. Enhedslisten - De Rød-Grønne,Natascha Knudsen,0,Odense Kommune,Nej,Nej
kommunalvalg,Ø. Enhedslisten - De Rød-Grønne,Necdet Gökce,0,Albertslund Kommune,Nej,Nej
kommunalvalg,Ø. Enhedslisten - De Rød-Grønne,Necla Baran,439,Rødovre Kommune,Nej,Nej
kommunalvalg,Ø. Enhedslisten - De Rød-Grønne,Nicolaj Brasgaard,0,Albertslund Kommune,Nej,Nej
kommunalvalg,Ø. Enhedslisten - De Rød-Grønne,"Niels Christian Toft, Gl. Holte",0,Rudersdal Kommune,Nej,Nej
kommunalvalg,Ø. Enhedslisten - De Rød-Grønne,"Niels Erik Danielsen, Høng",0,Kalundborg Kommune,Nej,Nej
kommunalvalg,Ø. Enhedslisten - De Rød-Grønne,Niels Grønbæk,0,Gribskov Kommune,Nej,Nej
kommunalvalg,Ø. Enhedslisten - De Rød-Grønne,"Niels Jacobsen, Boulstrup",76,Odder Kommune,Nej,Nej
kommunalvalg,Ø. Enhedslisten - De Rød-Grønne,"Niels Landbo Krogh, Skørping",30,Rebild Kommune,Nej,Nej
kommunalvalg,Ø. Enhedslisten - De Rød-Grønne,"Niels Schriver, Risskov",0,Aarhus Kommune,Nej,Nej
kommunalvalg,Ø. Enhedslisten - De Rød-Grønne,"Niels Sode Jensen, Bælum",6,Rebild Kommune,Nej,Nej
kommunalvalg,Ø. Enhedslisten - De Rød-Grønne,"Niels Tjustrup, Odder",18,Odder Kommune,Nej,Nej
kommunalvalg,Ø. Enhedslisten - De Rød-Grønne,Nina Thamsen,0,Brøndby Kommune,Nej,Nej
kommunalvalg,Ø. Enhedslisten - De Rød-Grønne,"Ninna Buechek, Næstved Syd",647,Næstved Kommune,Nej,Nej
kommunalvalg,Ø. Enhedslisten - De Rød-Grønne,Noah Myhre,0,Slagelse Kommune,Nej,Nej
kommunalvalg,Ø. Enhedslisten - De Rød-Grønne,"Ole Juul Lajgaard, Nykøbing Mors",20,Morsø Kommune,Nej,Nej
kommunalvalg,Ø. Enhedslisten - De Rød-Grønne,"Oscar Fink, Esbjerg",0,Esbjerg Kommune,Nej,Nej
kommunalvalg,Ø. Enhedslisten - De Rød-Grønne,Osman Öcal,0,Albertslund Kommune,Nej,Nej
kommunalvalg,Ø. Enhedslisten - De Rød-Grønne,Palle Bisgaard,0,Frederiksberg Kommune,Nej,Nej
kommunalvalg,Ø. Enhedslisten - De Rød-Grønne,Palle Eghjort,0,Vordingborg Kommune,Nej,Nej
kommunalvalg,Ø. Enhedslisten - De Rød-Grønne,"Pax Meier, Aarhus C",0,Aarhus Kommune,Nej,Nej
kommunalvalg,Ø. Enhedslisten - De Rød-Grønne,"Peder Gangelhoff, Vissenbjerg",0,Assens Kommune,Nej,Nej
kommunalvalg,Ø. Enhedslisten - De Rød-Grønne,"Peder Meyhoff, Hinnerup",114,Favrskov Kommune,Nej,Nej
kommunalvalg,Ø. Enhedslisten - De Rød-Grønne,"Peder Pedersen, Vor Frue",0,Roskilde Kommune,Nej,Nej
kommunalvalg,Ø. Enhedslisten - De Rød-Grønne,"Per Guldbrandsen, Christiansbjerg",0,Aarhus Kommune,Nej,Nej
kommunalvalg,Ø. Enhedslisten - De Rød-Grønne,"Per Jensen, Nyborg",0,Nyborg Kommune,Nej,Nej
kommunalvalg,Ø. Enhedslisten - De Rød-Grønne,"Per Nielsen, Gadstrup",0,Roskilde Kommune,Nej,Nej
kommunalvalg,Ø. Enhedslisten - De Rød-Grønne,Pernille Brunbjerg,59,Fanø Kommune,Nej,Nej
kommunalvalg,Ø. Enhedslisten - De Rød-Grønne,"Pernille Diemar, Viborg",157,Viborg Kommune,Nej,Nej
kommunalvalg,Ø. Enhedslisten - De Rød-Grønne,Pernille Vedersø Bussone,0,Gladsaxe Kommune,Nej,Nej
kommunalvalg,Ø. Enhedslisten - De Rød-Grønne,Peter Bøgsted Knudsen,2,Fanø Kommune,Nej,Nej
kommunalvalg,Ø. Enhedslisten - De Rød-Grønne,"Peter Kvist Jørgensen, Stubbekøbing",0,Guldborgsund Kommune,Nej,Nej
kommunalvalg,Ø. Enhedslisten - De Rød-Grønne,Peter Larsen,0,Vordingborg Kommune,Nej,Nej
kommunalvalg,Ø. Enhedslisten - De Rød-Grønne,Peter Mikkelsen,168,Rødovre Kommune,Nej,Nej
kommunalvalg,Ø. Enhedslisten - De Rød-Grønne,Peter Roswall,0,Stevns Kommune,Nej,Nej
kommunalvalg,Ø. Enhedslisten - De Rød-Grønne,Peter Sig Kristensen,0,Silkeborg Kommune,Nej,Nej
kommunalvalg,Ø. Enhedslisten - De Rød-Grønne,"Peter Yde Knudsen, Nr. Lyngby",14,Hjørring Kommune,Nej,Nej
kommunalvalg,Ø. Enhedslisten - De Rød-Grønne,Pia Boisen,0,Lyngby-Taarbæk Kommune,Nej,Nej
kommunalvalg,Ø. Enhedslisten - De Rød-Grønne,Pil Yildiz,0,Frederiksberg Kommune,Nej,Nej
kommunalvalg,Ø. Enhedslisten - De Rød-Grønne,Poul Viggo Halling,0,Brøndby Kommune,Nej,Nej
kommunalvalg,Ø. Enhedslisten - De Rød-Grønne,"Poul-Henrik Jensen, Ribe",0,Esbjerg Kommune,Nej,Nej
kommunalvalg,Ø. Enhedslisten - De Rød-Grønne,"Preben Bjørn Madsen, Taastrup",0,Høje-Taastrup Kommune,Nej,Nej
kommunalvalg,Ø. Enhedslisten - De Rød-Grønne,"Preben Jørgensen, Nyborg",0,Nyborg Kommune,Nej,Nej
kommunalvalg,Ø. Enhedslisten - De Rød-Grønne,"Preben Rasmussen, Aabenraa",0,Aabenraa Kommune,Nej,Nej
kommunalvalg,Ø. Enhedslisten - De Rød-Grønne,"Randi Lund Jepsen, Knebel",61,Syddjurs Kommune,Nej,Nej
kommunalvalg,Ø. Enhedslisten - De Rød-Grønne,"Rasmus Falck Østergaard, Klokkerholm",0,Brønderslev Kommune,Nej,Nej
kommunalvalg,Ø. Enhedslisten - De Rød-Grønne,Rasmus Holme,0,Frederiksberg Kommune,Nej,Nej
kommunalvalg,Ø. Enhedslisten - De Rød-Grønne,"Rasmus Juhl, Frederiksbjerg",0,Aarhus Kommune,Nej,Nej
kommunalvalg,Ø. Enhedslisten - De Rød-Grønne,Rasmus Petersen,0,Frederikssund Kommune,Nej,Nej
kommunalvalg,Ø. Enhedslisten - De Rød-Grønne,"Rasmus Varnich Blumensaat, Taastrup",0,Høje-Taastrup Kommune,Nej,Nej
kommunalvalg,Ø. Enhedslisten - De Rød-Grønne,"Rasmus Wiwe, Ollerup",0,Svendborg Kommune,Nej,Nej
kommunalvalg,Ø. Enhedslisten - De Rød-Grønne,Reinout Bosch,0,Københavns Kommune,Nej,Nej
kommunalvalg,Ø. Enhedslisten - De Rød-Grønne,René Lind Mathiesen,0,Silkeborg Kommune,Nej,Nej
kommunalvalg,Ø. Enhedslisten - De Rød-Grønne,Reza Javid,0,Odense Kommune,Nej,Nej
kommunalvalg,Ø. Enhedslisten - De Rød-Grønne,Rigmor Jark,0,Furesø Kommune,Nej,Nej
kommunalvalg,Ø. Enhedslisten - De Rød-Grønne,Rikke Mohr Jørgensen,99,Kerteminde Kommune,Nej,Nej
kommunalvalg,Ø. Enhedslisten - De Rød-Grønne,"Rita Underbjerg, Esbjerg",0,Esbjerg Kommune,Nej,Nej
kommunalvalg,Ø. Enhedslisten - De Rød-Grønne,Rosa Agersnap Bone,0,Frederiksberg Kommune,Nej,Nej
kommunalvalg,Ø. Enhedslisten - De Rød-Grønne,"Rosalina Svane Schmidt, Vejgaard",0,Aalborg Kommune,Nej,Nej
kommunalvalg,Ø. Enhedslisten - De Rød-Grønne,"Rud Larris, Frederiksbjerg",0,Aarhus Kommune,Nej,Nej
kommunalvalg,Ø. Enhedslisten - De Rød-Grønne,"Runa Friis Hansen, Tårs",207,Hjørring Kommune,Nej,Nej
kommunalvalg,Ø. Enhedslisten - De Rød-Grønne,"Rune Biskopstö Christensen, Assens",0,Assens Kommune,Nej,Nej
kommunalvalg,Ø. Enhedslisten - De Rød-Grønne,"Ruth Mikel Jensen, Esbjerg",0,Esbjerg Kommune,Nej,Nej
kommunalvalg,Ø. Enhedslisten - De Rød-Grønne,"Saad Ibrahim, Greve",0,Greve Kommune,Nej,Nej
kommunalvalg,Ø. Enhedslisten - De Rød-Grønne,Saime Bilen,206,Rødovre Kommune,Nej,Nej
kommunalvalg,Ø. Enhedslisten - De Rød-Grønne,Sally Dorthea Fischer,0,Allerød Kommune,Nej,Nej
kommunalvalg,Ø. Enhedslisten - De Rød-Grønne,"Sandra Møller Svendsen, Ledøje",0,Egedal Kommune,Nej,Nej
kommunalvalg,Ø. Enhedslisten - De Rød-Grønne,"Sanne Friborg, Rø",0,Bornholms Regionskommune,Nej,Nej
kommunalvalg,Ø. Enhedslisten - De Rød-Grønne,Sara Alderi,0,Sønderborg Kommune,Nej,Nej
kommunalvalg,Ø. Enhedslisten - De Rød-Grønne,Sara Mrsa,0,Slagelse Kommune,Nej,Nej
kommunalvalg,Ø. Enhedslisten - De Rød-Grønne,Sara Thelén Schlüter,0,Randers Kommune,Nej,Nej
kommunalvalg,Ø. Enhedslisten - De Rød-Grønne,"Sarah Jarsbo, Trøjborg",0,Aarhus Kommune,Nej,Nej
kommunalvalg,Ø. Enhedslisten - De Rød-Grønne,"Sarah Nørris, Esbjerg V",0,Esbjerg Kommune,Nej,Nej
kommunalvalg,Ø. Enhedslisten - De Rød-Grønne,"Sebastian Pawlak-Friis, Trørød",0,Rudersdal Kommune,Nej,Nej
kommunalvalg,Ø. Enhedslisten - De Rød-Grønne,"Sedi Byskov, Faxe",96,Faxe Kommune,Nej,Nej
kommunalvalg,Ø. Enhedslisten - De Rød-Grønne,Selene Ravn,0,Slagelse Kommune,Nej,Nej
kommunalvalg,Ø. Enhedslisten - De Rød-Grønne,Selim Baran,0,Glostrup Kommune,Nej,Nej
kommunalvalg,Ø. Enhedslisten - De Rød-Grønne,"Shemon Chowdhury, Aalborg Øst",0,Aalborg Kommune,Nej,Nej
kommunalvalg,Ø. Enhedslisten - De Rød-Grønne,Shukri Hamda Dol,0,Københavns Kommune,Nej,Nej
kommunalvalg,Ø. Enhedslisten - De Rød-Grønne,"Sidse Frost Jensen, Frørup",0,Nyborg Kommune,Nej,Nej
kommunalvalg,Ø. Enhedslisten - De Rød-Grønne,"Sidse Gry Jeppesen, Taastrup",0,Høje-Taastrup Kommune,Nej,Nej
kommunalvalg,Ø. Enhedslisten - De Rød-Grønne,Sidsel Bak,0,Odense Kommune,Nej,Nej
kommunalvalg,Ø. Enhedslisten - De Rød-Grønne,Sidsel Boertmann Brüel,0,Københavns Kommune,Nej,Nej
kommunalvalg,Ø. Enhedslisten - De Rød-Grønne,Sidsel Stoustrup,143,Rødovre Kommune,Nej,Nej
kommunalvalg,Ø. Enhedslisten - De Rød-Grønne,Signe Haahr Lindegaard,0,Silkeborg Kommune,Nej,Nej
kommunalvalg,Ø. Enhedslisten - De Rød-Grønne,Signe Koustrup,0,Glostrup Kommune,Nej,Nej
kommunalvalg,Ø. Enhedslisten - De Rød-Grønne,"Signe Meyer, Birkerød",0,Rudersdal Kommune,Nej,Nej
kommunalvalg,Ø. Enhedslisten - De Rød-Grønne,Signe Rosa Skelbæk,0,Gladsaxe Kommune,Nej,Nej
kommunalvalg,Ø. Enhedslisten - De Rød-Grønne,Simon Abramowitz,0,Tårnby Kommune,Nej,Nej
kommunalvalg,Ø. Enhedslisten - De Rød-Grønne,"Simon Stadsholt, Nørrestenbro",0,Aarhus Kommune,Nej,Nej
kommunalvalg,Ø. Enhedslisten - De Rød-Grønne,Sofie Frederiksen,0,Odense Kommune,Nej,Nej
kommunalvalg,Ø. Enhedslisten - De Rød-Grønne,"Sofie Skovgaard Olsen, Gravlev",55,Rebild Kommune,Nej,Nej
kommunalvalg,Ø. Enhedslisten - De Rød-Grønne,"Solveig Lauritsen, Skørping",15,Rebild Kommune,Nej,Nej
kommunalvalg,Ø. Enhedslisten - De Rød-Grønne,Steen Andersen,0,Brøndby Kommune,Nej,Nej
kommunalvalg,Ø. Enhedslisten - De Rød-Grønne,Steen Autzen,0,Furesø Kommune,Nej,Nej
kommunalvalg,Ø. Enhedslisten - De Rød-Grønne,Stefan Rundstrøm,0,Herlev Kommune,Nej,Nej
kommunalvalg,Ø. Enhedslisten - De Rød-Grønne,Stine Finné Toft,0,Københavns Kommune,Nej,Nej
kommunalvalg,Ø. Enhedslisten - De Rød-Grønne,"Stine Klok, Høje Taastrup",0,Høje-Taastrup Kommune,Nej,Nej
kommunalvalg,Ø. Enhedslisten - De Rød-Grønne,"Stine Rahbek Pedersen, Måløv",0,Ballerup Kommune,Nej,Nej
kommunalvalg,Ø. Enhedslisten - De Rød-Grønne,Stine Riis,0,Gladsaxe Kommune,Nej,Nej
kommunalvalg,Ø. Enhedslisten - De Rød-Grønne,"Stine Øllegaard, Skallebølle",0,Assens Kommune,Nej,Nej
kommunalvalg,Ø. Enhedslisten - De Rød-Grønne,Sune Rastad Bahn,0,Gladsaxe Kommune,Nej,Nej
kommunalvalg,Ø. Enhedslisten - De Rød-Grønne,Sus Gehrke,0,Vallensbæk Kommune,Nej,Nej
kommunalvalg,Ø. Enhedslisten - De Rød-Grønne,"Susanne Brix Fransen, Kalundborg",0,Kalundborg Kommune,Nej,Nej
kommunalvalg,Ø. Enhedslisten - De Rød-Grønne,"Susanne Flydtkjær, Aalborg",0,Aalborg Kommune,Nej,Nej
kommunalvalg,Ø. Enhedslisten - De Rød-Grønne,"Susanne Pahlmann, Karlslunde",0,Greve Kommune,Nej,Nej
kommunalvalg,Ø. Enhedslisten - De Rød-Grønne,"Sussi Jensen, Humlebæk",145,Fredensborg Kommune,Nej,Nej
kommunalvalg,Ø. Enhedslisten - De Rød-Grønne,"Søren Brunsholt Andersen, Aalborg",0,Aalborg Kommune,Nej,Nej
kommunalvalg,Ø. Enhedslisten - De Rød-Grønne,"Søren Egmose, Bagenkop",59,Langeland Kommune,Nej,Nej
kommunalvalg,Ø. Enhedslisten - De Rød-Grønne,Søren Freiesleben,0,Odense Kommune,Nej,Nej
kommunalvalg,Ø. Enhedslisten - De Rød-Grønne,"Søren Radoor, Ølstykke",0,Egedal Kommune,Nej,Nej
kommunalvalg,Ø. Enhedslisten - De Rød-Grønne,Søren Thomsen,0,Silkeborg Kommune,Nej,Nej
kommunalvalg,Ø. Enhedslisten - De Rød-Grønne,"Tais Storm Andersen, Holbæk",0,Holbæk Kommune,Nej,Nej
kommunalvalg,Ø. Enhedslisten - De Rød-Grønne,Tenna R. Kristensen,0,Sønderborg Kommune,Nej,Nej
kommunalvalg,Ø. Enhedslisten - De Rød-Grønne,"Thake Fogh Cordt, Skjød",277,Favrskov Kommune,Nej,Nej
kommunalvalg,Ø. Enhedslisten - De Rød-Grønne,"Thea Hirsch, Trørød",0,Rudersdal Kommune,Nej,Nej
kommunalvalg,Ø. Enhedslisten - De Rød-Grønne,Theresa Kolmos,0,Sønderborg Kommune,Nej,Nej
kommunalvalg,Ø. Enhedslisten - De Rød-Grønne,"Theresa Maria Folke Olesen, Roskilde",0,Roskilde Kommune,Nej,Nej
kommunalvalg,Ø. Enhedslisten - De Rød-Grønne,Thomas Ammons,0,Vejle Kommune,Nej,Nej
kommunalvalg,Ø. Enhedslisten - De Rød-Grønne,Thomas Clausen,0,Slagelse Kommune,Nej,Nej
kommunalvalg,Ø. Enhedslisten - De Rød-Grønne,Thomas Egholm,0,Københavns Kommune,Nej,Nej
kommunalvalg,Ø. Enhedslisten - De Rød-Grønne,"Thomas Hauger, Ribe",0,Esbjerg Kommune,Nej,Nej
kommunalvalg,Ø. Enhedslisten - De Rød-Grønne,"Thomas L. Madsen, Aalborg Øst",0,Aalborg Kommune,Nej,Nej
kommunalvalg,Ø. Enhedslisten - De Rød-Grønne,Thomas Nyboe Stein,0,Herlev Kommune,Nej,Nej
kommunalvalg,Ø. Enhedslisten - De Rød-Grønne,Thomas Skov Jensen,0,Odense Kommune,Nej,Nej
kommunalvalg,Ø. Enhedslisten - De Rød-Grønne,"Thomas Spange Olsen, Karise",276,Faxe Kommune,Nej,Nej
kommunalvalg,Ø. Enhedslisten - De Rød-Grønne,"Thomas Stougaard Dalby, Østbirk",0,Horsens Kommune,Nej,Nej
kommunalvalg,Ø. Enhedslisten - De Rød-Grønne,"Thomas Toft, Viby",0,Roskilde Kommune,Nej,Nej
kommunalvalg,Ø. Enhedslisten - De Rød-Grønne,Thomas de Renouard,14,Kolding Kommune,Nej,Nej
kommunalvalg,Ø. Enhedslisten - De Rød-Grønne,"Thor Blauner, Skamstrup",0,Holbæk Kommune,Nej,Nej
kommunalvalg,Ø. Enhedslisten - De Rød-Grønne,"Thor Krægpøth, Gudekvarteret",0,Fredericia Kommune,Nej,Nej
kommunalvalg,Ø. Enhedslisten - De Rød-Grønne,"Thorkild Sørensen, Kolind",8,Syddjurs Kommune,Nej,Nej
kommunalvalg,Ø. Enhedslisten - De Rød-Grønne,"Thormod H. S. Jensen, Esbjerg",0,Esbjerg Kommune,Nej,Nej
kommunalvalg,Ø. Enhedslisten - De Rød-Grønne,Thue Lundgaard,0,Halsnæs Kommune,Nej,Nej
kommunalvalg,Ø. Enhedslisten - De Rød-Grønne,"Thyge Kristensen, Esbjerg",0,Esbjerg Kommune,Nej,Nej
kommunalvalg,Ø. Enhedslisten - De Rød-Grønne,"Thøger Trold Pauli, Thorsager",40,Syddjurs Kommune,Nej,Nej
kommunalvalg,Ø. Enhedslisten - De Rød-Grønne,Tilde Nordin Dræger,0,Frederiksberg Kommune,Nej,Nej
kommunalvalg,Ø. Enhedslisten - De Rød-Grønne,"Tine Astrup Eriksen, Allinge",0,Bornholms Regionskommune,Nej,Nej
kommunalvalg,Ø. Enhedslisten - De Rød-Grønne,"Tobias Nyegaard Jelkær Larsen, Måløv",0,Ballerup Kommune,Nej,Nej
kommunalvalg,Ø. Enhedslisten - De Rød-Grønne,"Tommy Bredal Storgaard, Rudkøbing",82,Langeland Kommune,Nej,Nej
kommunalvalg,Ø. Enhedslisten - De Rød-Grønne,"Tommy Lindegaard, Lille Næstved",253,Næstved Kommune,Nej,Nej
kommunalvalg,Ø. Enhedslisten - De Rød-Grønne,Tone Høybye,0,Frederiksberg Kommune,Nej,Nej
kommunalvalg,Ø. Enhedslisten - De Rød-Grønne,Torben Madsen,0,Gladsaxe Kommune,Nej,Nej
kommunalvalg,Ø. Enhedslisten - De Rød-Grønne,Torsten Ringgaard,0,Odense Kommune,Nej,Nej
kommunalvalg,Ø. Enhedslisten - De Rød-Grønne,"Trine Jeppesen, Taastrup",0,Høje-Taastrup Kommune,Nej,Nej
kommunalvalg,Ø. Enhedslisten - De Rød-Grønne,"Troels Kristensen, Vestervig",0,Thisted Kommune,Nej,Nej
kommunalvalg,Ø. Enhedslisten - De Rød-Grønne,Uffe Nissen,0,Furesø Kommune,Nej,Nej
kommunalvalg,Ø. Enhedslisten - De Rød-Grønne,Ulla Elsted Jensen,0,Albertslund Kommune,Nej,Nej
kommunalvalg,Ø. Enhedslisten - De Rød-Grønne,"Ulrik Appel, Aalborg SV",0,Aalborg Kommune,Nej,Nej
kommunalvalg,Ø. Enhedslisten - De Rød-Grønne,Ulrik Goos Iversen,0,Frederikssund Kommune,Nej,Nej
kommunalvalg,Ø. Enhedslisten - De Rød-Grønne,Vibeke Andresen,0,Vordingborg Kommune,Nej,Nej
kommunalvalg,Ø. Enhedslisten - De Rød-Grønne,"Vibeke Baden Laursen, Skodsborg",0,Rudersdal Kommune,Nej,Nej
kommunalvalg,Ø. Enhedslisten - De Rød-Grønne,Vibeke Kold,57,Rødovre Kommune,Nej,Nej
kommunalvalg,Ø. Enhedslisten - De Rød-Grønne,"Vibeke Syppli Enrum, Gudbjerg",0,Svendborg Kommune,Nej,Nej
kommunalvalg,Ø. Enhedslisten - De Rød-Grønne,"Victor A. Holmfort, Aalborg",0,Aalborg Kommune,Nej,Nej
kommunalvalg,Ø. Enhedslisten - De Rød-Grønne,"Victor Irming, Trekroner",0,Roskilde Kommune,Nej,Nej
kommunalvalg,Ø. Enhedslisten - De Rød-Grønne,Victoria Bøgh Salo,0,Odense Kommune,Nej,Nej
kommunalvalg,Ø. Enhedslisten - De Rød-Grønne,"Winnie Lea Nielsen, Aalborg",0,Aalborg Kommune,Nej,Nej
kommunalvalg,Ø. Enhedslisten - De Rød-Grønne,"Xenia Anderson, Trekroner",0,Roskilde Kommune,Nej,Nej
kommunalvalg,Ø. Enhedslisten - De Rød-Grønne,Yasmin El-Jaji,0,Slagelse Kommune,Nej,Nej
kommunalvalg,Ø. Enhedslisten - De Rød-Grønne,"Zahra Mohamud Ali, Viborg",215,Viborg Kommune,Nej,Nej
kommunalvalg,Ø. Enhedslisten - De Rød-Grønne,Ziggy Barsøe Povlsen,103,Kolding Kommune,Nej,Nej
kommunalvalg,Ø. Enhedslisten - De Rød-Grønne,"Åge Skovrind, Roskilde",0,Roskilde Kommune,Nej,Nej
kommunalvalg,Ø. Enhedslisten - De Rød-Grønne,Øjvind Vilsholm,0,Furesø Kommune,Nej,Nej
kommunalvalg,Ø. Enhedslisten - De Rød/Grønne,"Camilla Dalum Jensen, Nørre Aaby",0,Middelfart Kommune,Nej,Nej
kommunalvalg,Ø. Enhedslisten - De Rød/Grønne,"Karen Johnsen, Roerslev",0,Middelfart Kommune,Nej,Nej
kommunalvalg,Ø. Enhedslisten - De Rød/Grønne,"Lasse Schmücker, Båring",0,Middelfart Kommune,Nej,Nej
kommunalvalg,Ø. Enhedslisten - De Rød/Grønne,Listestemmer,0,Middelfart Kommune,Nej,Nej
kommunalvalg,Ø. Enhedslisten - De Rød/Grønne,"Morten Pabst Petersen, Middelfart",0,Middelfart Kommune,Nej,Nej
kommunalvalg,Ø. Enhedslisten - De Rød/Grønne,"Nanna Lehmann Hansen, Nørre Aaby",0,Middelfart Kommune,Nej,Nej
kommunalvalg,Ø. Enhedslisten - De Rød/Grønne,"Simon Enemærk Pedersen, Nørre Aaby",0,Middelfart Kommune,Nej,Nej
kommunalvalg,Ø. Enhedslisten - De rød-grønne,Kristian Blaabjerg Spangsbo,125,Hillerød Kommune,Nej,Nej
kommunalvalg,Ø. Enhedslisten - De rød-grønne,Listestemmer,593,Hillerød Kommune,Nej,Nej
kommunalvalg,Ø. Enhedslisten - De rød-grønne,Oliver Nøglebæk,67,Hillerød Kommune,Nej,Nej
kommunalvalg,Ø. Enhedslisten - De rød-grønne,Tue Tortzen,567,Hillerød Kommune,Nej,Nej
kommunalvalg,Ø. Enhedslisten De Rød-Grønne,"Helle Meldgaard, Skive",0,Skive Kommune,Nej,Nej
kommunalvalg,Ø. Enhedslisten De Rød-Grønne,"Helle Nørgaard Lundsby, Højslev",0,Skive Kommune,Nej,Nej
kommunalvalg,Ø. Enhedslisten De Rød-Grønne,"Jacob Abildgaard, Rødding",0,Skive Kommune,Nej,Nej
kommunalvalg,Ø. Enhedslisten De Rød-Grønne,Jan Nejdl Salomonsen,0,Ishøj Kommune,Nej,Nej
kommunalvalg,Ø. Enhedslisten De Rød-Grønne,"Lis Kofoed Jensen, Ø. Grønning",0,Skive Kommune,Nej,Nej
kommunalvalg,Ø. Enhedslisten De Rød-Grønne,Listestemmer,0,Skive Kommune,Nej,Nej
kommunalvalg,Ø. Enhedslisten De Rød-Grønne,Ole Wedel-Brandt,0,Ishøj Kommune,Nej,Nej
kommunalvalg,Ø. Enhedslisten De Rød-Grønne,"Solveig Outsen, Skive",0,Skive Kommune,Nej,Nej
kommunalvalg,Ø. Enhedslisten De Rød-Grønne,"Sune Foldager, Fur",0,Skive Kommune,Nej,Nej
kommunalvalg,Ø. Enhedslisten De Rød-Grønne,Susanne Sølling Ryding,0,Ishøj Kommune,Nej,Nej
kommunalvalg,Ø. Enhedslisten Køge,Johannes Jacobsen,0,Køge Kommune,Nej,Nej
kommunalvalg,Ø. Enhedslisten Køge,Listestemmer,0,Køge Kommune,Nej,Nej
kommunalvalg,Ø. Enhedslisten Køge,Niels Rolskov,0,Køge Kommune,Nej,Nej
kommunalvalg,Ø. Enhedslisten Køge,Rikke Johansen,0,Køge Kommune,Nej,Nej
kommunalvalg,Ø. Enhedslisten Køge,Thomas Jakobsen,0,Køge Kommune,Nej,Nej
kommunalvalg,Ø. Enhedslisten – De Rød-Grønne,"Anette Cecilie Skriver, Gl. Rye",0,Skanderborg Kommune,Nej,Nej
kommunalvalg,Ø. Enhedslisten – De Rød-Grønne,"Henrik Qvist, Ry",0,Skanderborg Kommune,Nej,Nej
kommunalvalg,Ø. Enhedslisten – De Rød-Grønne,"Iben Bitsch, Skanderborg",0,Skanderborg Kommune,Nej,Nej
kommunalvalg,Ø. Enhedslisten – De Rød-Grønne,Listestemmer,0,Skanderborg Kommune,Nej,Nej
kommunalvalg,Ø. Enhedslisten – De Rød-Grønne,"Maj Bjerno, Galten",0,Skanderborg Kommune,Nej,Nej
kommunalvalg,Ø. Enhedslisten – De Rød-Grønne,"Natalia Rafn, Gl. Rye",0,Skanderborg Kommune,Nej,Nej
kommunalvalg,Ø. Enhedslisten – De Rød-Grønne,"Peter Kjær, Låsby",0,Skanderborg Kommune,Nej,Nej
kommunalvalg,Ø. Enhedslisten – De Rød-Grønne,"René Rafn, Gl. Rye",0,Skanderborg Kommune,Nej,Nej
kommunalvalg,Ø. Enhedslisten – De Rød-Grønne,"Simon Enni, Ry",0,Skanderborg Kommune,Nej,Nej
kommunalvalg,Ø. Enhedslisten – De Rød-Grønne,"Tine Riisbøll, Skanderborg",0,Skanderborg Kommune,Nej,Nej
regionsrådsvalg,A. Socialdemokratiet,"Ali Hassan, Aalborg",0,Region Nordjylland,Nej,Nej
regionsrådsvalg,A. Socialdemokratiet,"Alice Rudkjær, Rudersdal",0,Region Østdanmark,Nej,Nej
regionsrådsvalg,A. Socialdemokratiet,"Alina Racila, Tønder",0,Region Syddanmark,Nej,Nej
regionsrådsvalg,A. Socialdemokratiet,"Anders Kühnau, Aarhus",0,Region Midtjylland,Nej,Nej
regionsrådsvalg,A. Socialdemokratiet,"Andi Sejersen, Vejle",0,Region Syddanmark,Nej,Nej
regionsrådsvalg,A. Socialdemokratiet,"Andreas Tang-Brock, Ry",0,Region Midtjylland,Nej,Nej
regionsrådsvalg,A. Socialdemokratiet,"Anna Kirsten Olesen, Aalborg",0,Region Nordjylland,Nej,Nej
regionsrådsvalg,A. Socialdemokratiet,"Anne Fabricius, Odense",0,Region Syddanmark,Nej,Nej
regionsrådsvalg,A. Socialdemokratiet,"Annette Roed, Silkeborg",0,Region Midtjylland,Nej,Nej
regionsrådsvalg,A. Socialdemokratiet,"Arne Boelt, Hjørring",0,Region Nordjylland,Nej,Nej
regionsrådsvalg,A. Socialdemokratiet,"Birgit Marie Christensen, Favrskov",0,Region Midtjylland,Nej,Nej
regionsrådsvalg,A. Socialdemokratiet,"Bodil Kornbek, Lyngby-Taarbæk",0,Region Østdanmark,Nej,Nej
regionsrådsvalg,A. Socialdemokratiet,"Brian Høier, Tårnby",0,Region Østdanmark,Nej,Nej
regionsrådsvalg,A. Socialdemokratiet,"Camilla Hoffmann, København",0,Region Østdanmark,Nej,Nej
regionsrådsvalg,A. Socialdemokratiet,"Camilla Holt Jones, Viborg",0,Region Midtjylland,Nej,Nej
regionsrådsvalg,A. Socialdemokratiet,"Christina Kirkegaard, Aarhus",0,Region Midtjylland,Nej,Nej
regionsrådsvalg,A. Socialdemokratiet,"Claus Heje, Høje-Taastrup",0,Region Østdanmark,Nej,Nej
regionsrådsvalg,A. Socialdemokratiet,"Dickte Noël Toft, Hørsholm",0,Region Østdanmark,Nej,Nej
regionsrådsvalg,A. Socialdemokratiet,"Elin Søndergaard, Ringe",0,Region Syddanmark,Nej,Nej
regionsrådsvalg,A. Socialdemokratiet,"Else Søjmark, Djursland",0,Region Midtjylland,Nej,Nej
regionsrådsvalg,A. Socialdemokratiet,"Elvin J. Hansen, Odder",0,Region Midtjylland,Nej,Nej
regionsrådsvalg,A. Socialdemokratiet,"Felex Pedersen, Odsherred",0,Region Østdanmark,Nej,Nej
regionsrådsvalg,A. Socialdemokratiet,"Frederik Haugstrup Jacobsen, Østerbro",0,Region Østdanmark,Nej,Nej
regionsrådsvalg,A. Socialdemokratiet,"Gitte Simoni, Roskilde",0,Region Østdanmark,Nej,Nej
regionsrådsvalg,A. Socialdemokratiet,"Halil Özsari, Odense",0,Region Syddanmark,Nej,Nej
regionsrådsvalg,A. Socialdemokratiet,"Hanne Korsgaard, Thisted",0,Region Nordjylland,Nej,Nej
regionsrådsvalg,A. Socialdemokratiet,"Hans Stavnsager, Faaborg",0,Region Syddanmark,Nej,Nej
regionsrådsvalg,A. Socialdemokratiet,"Hari Neupane, Ørestad",0,Region Østdanmark,Nej,Nej
regionsrådsvalg,A. Socialdemokratiet,"Helle Lethmar, Køge",0,Region Østdanmark,Nej,Nej
regionsrådsvalg,A. Socialdemokratiet,"Henrik Terp, Vesthimmerland",0,Region Nordjylland,Nej,Nej
regionsrådsvalg,A. Socialdemokratiet,"Håkon Nielsen, Rødovre",0,Region Østdanmark,Nej,Nej
regionsrådsvalg,A. Socialdemokratiet,"Iben Sønderup, Aarhus",0,Region Midtjylland,Nej,Nej
regionsrådsvalg,A. Socialdemokratiet,"Ivan Damsted, Assens",0,Region Syddanmark,Nej,Nej
regionsrådsvalg,A. Socialdemokratiet,"Jan Månsson, Sorø",0,Region Østdanmark,Nej,Nej
regionsrådsvalg,A. Socialdemokratiet,"Jarl Feyling, København",0,Region Østdanmark,Nej,Nej
regionsrådsvalg,A. Socialdemokratiet,"Jasmin Bjelosevic, Vejle",0,Region Syddanmark,Nej,Nej
regionsrådsvalg,A. Socialdemokratiet,"Jens William Grav, Fredericia",0,Region Syddanmark,Nej,Nej
regionsrådsvalg,A. Socialdemokratiet,"Jette Damsø Henriksen, Sønderborg",0,Region Syddanmark,Nej,Nej
regionsrådsvalg,A. Socialdemokratiet,"Jimmi Elley Nielsen, Snejbjerg",0,Region Midtjylland,Nej,Nej
regionsrådsvalg,A. Socialdemokratiet,"John Hansen, Guldborgsund",0,Region Østdanmark,Nej,Nej
regionsrådsvalg,A. Socialdemokratiet,"Jørgen Hansen, Aalborg Kommune",0,Region Nordjylland,Nej,Nej
regionsrådsvalg,A. Socialdemokratiet,"Karina Vestergaard, Billund",0,Region Syddanmark,Nej,Nej
regionsrådsvalg,A. Socialdemokratiet,"Karoline Bergkvist Søgaard, Djursland",0,Region Midtjylland,Nej,Nej
regionsrådsvalg,A. Socialdemokratiet,"Karsten Meyer Olesen, Aabenraa",0,Region Syddanmark,Nej,Nej
regionsrådsvalg,A. Socialdemokratiet,"Katrine Skov, Gladsaxe",0,Region Østdanmark,Nej,Nej
regionsrådsvalg,A. Socialdemokratiet,"Kenneth Nielsen, Slagelse",0,Region Østdanmark,Nej,Nej
regionsrådsvalg,A. Socialdemokratiet,"Kim Eskesen, Esbjerg",0,Region Syddanmark,Nej,Nej
regionsrådsvalg,A. Socialdemokratiet,"Kim Johansen, Nordfyn",0,Region Syddanmark,Nej,Nej
regionsrådsvalg,A. Socialdemokratiet,"Kirsten Morild Andersen, Frederikshavn",0,Region Nordjylland,Nej,Nej
regionsrådsvalg,A. Socialdemokratiet,"Kirsten Rask, Kalundborg",0,Region Østdanmark,Nej,Nej
regionsrådsvalg,A. Socialdemokratiet,"Laila Kildesgaard, Bornholm",0,Region Østdanmark,Nej,Nej
regionsrådsvalg,A. Socialdemokratiet,"Lars Gaardhøj, København",0,Region Østdanmark,Nej,Nej
regionsrådsvalg,A. Socialdemokratiet,"Lars Stampe, Holstebro",0,Region Midtjylland,Nej,Nej
regionsrådsvalg,A. Socialdemokratiet,"Lasse Bjørn Møller, Holstebro",0,Region Midtjylland,Nej,Nej
regionsrådsvalg,A. Socialdemokratiet,"Lene Birket-Smith, Aalborg",0,Region Nordjylland,Nej,Nej
regionsrådsvalg,A. Socialdemokratiet,"Lilian Højbjerg, Holstebro",0,Region Midtjylland,Nej,Nej
regionsrådsvalg,A. Socialdemokratiet,"Linda Nielsen, Videbæk",0,Region Midtjylland,Nej,Nej
regionsrådsvalg,A. Socialdemokratiet,"Line Andrup, Egedal",0,Region Østdanmark,Nej,Nej
regionsrådsvalg,A. Socialdemokratiet,"Lis Mancini, Hadsund",0,Region Nordjylland,Nej,Nej
regionsrådsvalg,A. Socialdemokratiet,"Lisette Lind Larsen, Faxe",0,Region Østdanmark,Nej,Nej
regionsrådsvalg,A. Socialdemokratiet,Listestemmer,0,Region Nordjylland,Nej,Nej
regionsrådsvalg,A. Socialdemokratiet,"Lone Børlum, Herning",0,Region Midtjylland,Nej,Nej
regionsrådsvalg,A. Socialdemokratiet,"Lone Clausen, Brønderslev",0,Region Nordjylland,Nej,Nej
regionsrådsvalg,A. Socialdemokratiet,"Ludwig Heldt, København",0,Region Østdanmark,Nej,Nej
regionsrådsvalg,A. Socialdemokratiet,"Maria Glinvad Damgaard, Haderslev",0,Region Syddanmark,Nej,Nej
regionsrådsvalg,A. Socialdemokratiet,"Martin Baden, Ishøj",0,Region Østdanmark,Nej,Nej
regionsrådsvalg,A. Socialdemokratiet,"Martin Thor Pedersen, Helsingør",0,Region Østdanmark,Nej,Nej
regionsrådsvalg,A. Socialdemokratiet,"Mathias Lassen Antonsen, Hals",0,Region Nordjylland,Nej,Nej
regionsrådsvalg,A. Socialdemokratiet,"Mette With Hagensen, Varde",0,Region Syddanmark,Nej,Nej
regionsrådsvalg,A. Socialdemokratiet,"Michael Maaløe, Horsens",0,Region Midtjylland,Nej,Nej
regionsrådsvalg,A. Socialdemokratiet,"Michael Schmidt, Halsnæs",0,Region Østdanmark,Nej,Nej
regionsrådsvalg,A. Socialdemokratiet,"Michele Offenbach Holm, Randers",0,Region Midtjylland,Nej,Nej
regionsrådsvalg,A. Socialdemokratiet,"Mikael Hansen, Svendborg",0,Region Syddanmark,Nej,Nej
regionsrådsvalg,A. Socialdemokratiet,"Mikkel Krog, Lejre",0,Region Østdanmark,Nej,Nej
regionsrådsvalg,A. Socialdemokratiet,"Mille Koch Rømer, Østerbro",0,Region Østdanmark,Nej,Nej
regionsrådsvalg,A. Socialdemokratiet,"Mogens Nørgård, Aabybro",0,Region Nordjylland,Nej,Nej
regionsrådsvalg,A. Socialdemokratiet,"Mustafa Arslan, Ikast-Brande",0,Region Midtjylland,Nej,Nej
regionsrådsvalg,A. Socialdemokratiet,"Nicolai Kampmann, Hvidovre",0,Region Østdanmark,Nej,Nej
regionsrådsvalg,A. Socialdemokratiet,"Niels Christian Dahl, Allerød",0,Region Østdanmark,Nej,Nej
regionsrådsvalg,A. Socialdemokratiet,"Niels Viggo Lynghøj, Struer",0,Region Midtjylland,Nej,Nej
regionsrådsvalg,A. Socialdemokratiet,"Nils Borring, Favrskov",0,Region Midtjylland,Nej,Nej
regionsrådsvalg,A. Socialdemokratiet,"Njord Fomsgaard Kvistgaard, Randers C",0,Region Midtjylland,Nej,Nej
regionsrådsvalg,A. Socialdemokratiet,"Ole Bøgh Vinther, Aarhus",0,Region Midtjylland,Nej,Nej
regionsrådsvalg,A. Socialdemokratiet,"Ole Terkelsen, Valby",0,Region Østdanmark,Nej,Nej
regionsrådsvalg,A. Socialdemokratiet,"Oskar Schmidt, Skagen",0,Region Nordjylland,Nej,Nej
regionsrådsvalg,A. Socialdemokratiet,"Per Møller Jensen, Viborg",0,Region Midtjylland,Nej,Nej
regionsrådsvalg,A. Socialdemokratiet,"Pernille Buhelt, Hjørring",0,Region Nordjylland,Nej,Nej
regionsrådsvalg,A. Socialdemokratiet,"Peter Holm, Aalborg",0,Region Nordjylland,Nej,Nej
regionsrådsvalg,A. Socialdemokratiet,"Peter Møller Andersen, Aarhus",0,Region Midtjylland,Nej,Nej
regionsrådsvalg,A. Socialdemokratiet,"Poul Erik Jensen, Kolding",0,Region Syddanmark,Nej,Nej
regionsrådsvalg,A. Socialdemokratiet,"Poul Kristensen, Morsø",0,Region Nordjylland,Nej,Nej
regionsrådsvalg,A. Socialdemokratiet,"Rasmus Oxfeldt Larsen, Vordingborg",0,Region Østdanmark,Nej,Nej
regionsrådsvalg,A. Socialdemokratiet,"René Vejby Kierch, Roskilde",0,Region Østdanmark,Nej,Nej
regionsrådsvalg,A. Socialdemokratiet,"Sara Smith Hald, Valby",0,Region Østdanmark,Nej,Nej
regionsrådsvalg,A. Socialdemokratiet,"Simon Sharif Chowdhury, Odense",0,Region Syddanmark,Nej,Nej
regionsrådsvalg,A. Socialdemokratiet,"Sine Reffstrup, Ringsted",0,Region Østdanmark,Nej,Nej
regionsrådsvalg,A. Socialdemokratiet,"Sofie de Bretteville, Ballerup",0,Region Østdanmark,Nej,Nej
regionsrådsvalg,A. Socialdemokratiet,"Sonja Randrup, Fredericia",0,Region Syddanmark,Nej,Nej
regionsrådsvalg,A. Socialdemokratiet,"Steen S. Hansen, Stevns",0,Region Østdanmark,Nej,Nej
regionsrådsvalg,A. Socialdemokratiet,"Stig Ekman, Bispebjerg",0,Region Østdanmark,Nej,Nej
regionsrådsvalg,A. Socialdemokratiet,"Stina Højgaard, Greve",0,Region Østdanmark,Nej,Nej
regionsrådsvalg,A. Socialdemokratiet,"Susanne Due Kristensen, Hillerød",0,Region Østdanmark,Nej,Nej
regionsrådsvalg,A. Socialdemokratiet,"Susanne Grove, Skive",0,Region Midtjylland,Nej,Nej
regionsrådsvalg,A. Socialdemokratiet,"Susanne Lundvald, Næstved",0,Region Østdanmark,Nej,Nej
regionsrådsvalg,A. Socialdemokratiet,"Søren Eriksen, Gistrup",0,Region Nordjylland,Nej,Nej
regionsrådsvalg,A. Socialdemokratiet,"Tanja Vestergaard Skøtt, Vejen",0,Region Syddanmark,Nej,Nej
regionsrådsvalg,A. Socialdemokratiet,"Thomas Adelskov, Odsherred",0,Region Østdanmark,Nej,Nej
regionsrådsvalg,A. Socialdemokratiet,"Torben Klitmøller Hollmann, Lolland",0,Region Østdanmark,Nej,Nej
regionsrådsvalg,A. Socialdemokratiet,"Torben Ringe Christensen, Mariagerfjord",0,Region Nordjylland,Nej,Nej
regionsrådsvalg,A. Socialdemokratiet,"Trine Birk Andersen, Holbæk",0,Region Østdanmark,Nej,Nej
regionsrådsvalg,A. Socialdemokratiet,"Ulla Koman, Esbjerg",0,Region Syddanmark,Nej,Nej
regionsrådsvalg,A. Socialdemokratiet,"Ulrik Juhl Hansen, Vesterbro",0,Region Østdanmark,Nej,Nej
regionsrådsvalg,A. Socialdemokratiet,"Vibeke Westh, Frederiksberg",0,Region Østdanmark,Nej,Nej
regionsrådsvalg,B. Radikale Venstre,"Agnete Fog, Tranekær",0,Region Syddanmark,Nej,Nej
regionsrådsvalg,B. Radikale Venstre,"Alina Protsyk, København",0,Region Østdanmark,Nej,Nej
regionsrådsvalg,B. Radikale Venstre,"Anders Medum Groth, Furesø",0,Region Østdanmark,Nej,Nej
regionsrådsvalg,B. Radikale Venstre,"Anna Mette Skov Borring, Årslev",0,Region Syddanmark,Nej,Nej
regionsrådsvalg,B. Radikale Venstre,"Anne Møller Ronex, Holbæk",0,Region Østdanmark,Nej,Nej
regionsrådsvalg,B. Radikale Venstre,"Annegrete Jensen, Jammerbugt",0,Region Nordjylland,Nej,Nej
regionsrådsvalg,B. Radikale Venstre,"Benedicte Wilson, Odense",0,Region Syddanmark,Nej,Nej
regionsrådsvalg,B. Radikale Venstre,"Bjarke Jensen, Syddjurs Kommune",0,Region Midtjylland,Nej,Nej
regionsrådsvalg,B. Radikale Venstre,"Bjørn Bjerrehøj, Tårnby",0,Region Østdanmark,Nej,Nej
regionsrådsvalg,B. Radikale Venstre,"Brian Køster, Hvidovre",0,Region Østdanmark,Nej,Nej
regionsrådsvalg,B. Radikale Venstre,"Charlotte Saabye Sørensen, København N",0,Region Østdanmark,Nej,Nej
regionsrådsvalg,B. Radikale Venstre,"Christian Fink Elkjær, Rudersdal",0,Region Østdanmark,Nej,Nej
regionsrådsvalg,B. Radikale Venstre,"Christina Falkberg, Gladsaxe",0,Region Østdanmark,Nej,Nej
regionsrådsvalg,B. Radikale Venstre,"Christina Thorholm, Hillerød",0,Region Østdanmark,Nej,Nej
regionsrådsvalg,B. Radikale Venstre,"Claus Bjørn Madsen, Vejle",0,Region Syddanmark,Nej,Nej
regionsrådsvalg,B. Radikale Venstre,"Claus Pedersen, Ringkøbing-Skjern Kommune",0,Region Midtjylland,Nej,Nej
regionsrådsvalg,B. Radikale Venstre,"Claus Rehfeld, København",0,Region Østdanmark,Nej,Nej
regionsrådsvalg,B. Radikale Venstre,"Claus Wachmann, Gladsaxe",0,Region Østdanmark,Nej,Nej
regionsrådsvalg,B. Radikale Venstre,"Daniel  Svendsen, Hjørring",0,Region Nordjylland,Nej,Nej
regionsrådsvalg,B. Radikale Venstre,"Dorthe Kerschus, Brønderslev",0,Region Nordjylland,Nej,Nej
regionsrådsvalg,B. Radikale Venstre,"Edris Qasimi, Sorø",0,Region Østdanmark,Nej,Nej
regionsrådsvalg,B. Radikale Venstre,"Emilie Borch Sloth, Glostrup",0,Region Østdanmark,Nej,Nej
regionsrådsvalg,B. Radikale Venstre,"Emilie Haaning, Nyborg",0,Region Syddanmark,Nej,Nej
regionsrådsvalg,B. Radikale Venstre,"Emilie U. Andersen-Ranberg, Hørsholm",0,Region Østdanmark,Nej,Nej
regionsrådsvalg,B. Radikale Venstre,"Finn Hartvig Nielsen, Næsbyhoved Broby",0,Region Syddanmark,Nej,Nej
regionsrådsvalg,B. Radikale Venstre,"Frede Hansen, Aalborg",0,Region Nordjylland,Nej,Nej
regionsrådsvalg,B. Radikale Venstre,"Frederik Asgeir Berg, Aalborg",0,Region Nordjylland,Nej,Nej
regionsrådsvalg,B. Radikale Venstre,"Freja Wirlander, Hvidovre",0,Region Østdanmark,Nej,Nej
regionsrådsvalg,B. Radikale Venstre,"Gitte Kjær-Westermann, Lyngby-Taarbæk",0,Region Østdanmark,Nej,Nej
regionsrådsvalg,B. Radikale Venstre,"Gorm Simonsen, Dronninglund",0,Region Nordjylland,Nej,Nej
regionsrådsvalg,B. Radikale Venstre,"Gry Bruun Nielsen, Hjørring",0,Region Nordjylland,Nej,Nej
regionsrådsvalg,B. Radikale Venstre,"Hanne Ringgaard Møller, Svendborg",0,Region Syddanmark,Nej,Nej
regionsrådsvalg,B. Radikale Venstre,"Hanne Roed, Aarhus",0,Region Midtjylland,Nej,Nej
regionsrådsvalg,B. Radikale Venstre,"Hans Jørgen Kristensen, Kallerup",0,Region Nordjylland,Nej,Nej
regionsrådsvalg,B. Radikale Venstre,"Hans Jørgen Nygaard, Frederikshavn",0,Region Nordjylland,Nej,Nej
regionsrådsvalg,B. Radikale Venstre,"Hassan Alouch, Hjørring",0,Region Nordjylland,Nej,Nej
regionsrådsvalg,B. Radikale Venstre,"Irfan Gilani, Brøndby",0,Region Østdanmark,Nej,Nej
regionsrådsvalg,B. Radikale Venstre,"Jacob Netteberg, Birkerød",0,Region Østdanmark,Nej,Nej
regionsrådsvalg,B. Radikale Venstre,"Jeppe Fransson, Roskilde",0,Region Østdanmark,Nej,Nej
regionsrådsvalg,B. Radikale Venstre,"Jesper Luthman, Espergærde",0,Region Østdanmark,Nej,Nej
regionsrådsvalg,B. Radikale Venstre,"Julie Herdal Molbech, København",0,Region Østdanmark,Nej,Nej
regionsrådsvalg,B. Radikale Venstre,"Jørgen Suhr, Hillerød",0,Region Østdanmark,Nej,Nej
regionsrådsvalg,B. Radikale Venstre,"Karsten Kjærgaard, Vesthimmerland",0,Region Nordjylland,Nej,Nej
regionsrådsvalg,B. Radikale Venstre,"Kashif Ahmad, København",0,Region Østdanmark,Nej,Nej
regionsrådsvalg,B. Radikale Venstre,"Kasper Humle, Lemvig Kommune",0,Region Midtjylland,Nej,Nej
regionsrådsvalg,B. Radikale Venstre,"Keld K. Kvist, Nørresundby",0,Region Nordjylland,Nej,Nej
regionsrådsvalg,B. Radikale Venstre,"Kenny Holm, Sjølund",0,Region Syddanmark,Nej,Nej
regionsrådsvalg,B. Radikale Venstre,"Kim Lei-Jensen, Odense",0,Region Syddanmark,Nej,Nej
regionsrådsvalg,B. Radikale Venstre,"Kim Mandix, København",0,Region Østdanmark,Nej,Nej
regionsrådsvalg,B. Radikale Venstre,"Kim Pagels, Solrød",0,Region Østdanmark,Nej,Nej
regionsrådsvalg,B. Radikale Venstre,"Knud Mogensen, Helsingør",0,Region Østdanmark,Nej,Nej
regionsrådsvalg,B. Radikale Venstre,"Knud Nørregaard, Kolding",0,Region Syddanmark,Nej,Nej
regionsrådsvalg,B. Radikale Venstre,"Kristian Kirk Mailand, Bornholm",0,Region Østdanmark,Nej,Nej
regionsrådsvalg,B. Radikale Venstre,"Lars E. Boesen, Middelfart",0,Region Syddanmark,Nej,Nej
regionsrådsvalg,B. Radikale Venstre,"Lars Green Bach, Ballerup",0,Region Østdanmark,Nej,Nej
regionsrådsvalg,B. Radikale Venstre,"Lars Hoppe Søe, Næstved",0,Region Østdanmark,Nej,Nej
regionsrådsvalg,B. Radikale Venstre,"Lartey Lawson, København",0,Region Østdanmark,Nej,Nej
regionsrådsvalg,B. Radikale Venstre,"Line Krogh Lay, Stevns",0,Region Østdanmark,Nej,Nej
regionsrådsvalg,B. Radikale Venstre,Listestemmer,0,Region Nordjylland,Nej,Nej
regionsrådsvalg,B. Radikale Venstre,"Lone Kjær Hein, Holstebro Kommune",0,Region Midtjylland,Nej,Nej
regionsrådsvalg,B. Radikale Venstre,"Lærke Lysdal, Odense",0,Region Syddanmark,Nej,Nej
regionsrådsvalg,B. Radikale Venstre,"Magnus Dræby, Halsnæs",0,Region Østdanmark,Nej,Nej
regionsrådsvalg,B. Radikale Venstre,"Maria Katarina Nielsen, Frederikssund",0,Region Østdanmark,Nej,Nej
regionsrådsvalg,B. Radikale Venstre,"Marianne Bredgaard Karlsson, Fredensborg",0,Region Østdanmark,Nej,Nej
regionsrådsvalg,B. Radikale Venstre,"Marianne Fritzen, Odsherred",0,Region Østdanmark,Nej,Nej
regionsrådsvalg,B. Radikale Venstre,"Marianne Mulle Jensen, Aalborg",0,Region Nordjylland,Nej,Nej
regionsrådsvalg,B. Radikale Venstre,"Marianne Tøttrup, Viborg Kommune",0,Region Midtjylland,Nej,Nej
regionsrådsvalg,B. Radikale Venstre,"Marie Wandel, Frederikshavn",0,Region Nordjylland,Nej,Nej
regionsrådsvalg,B. Radikale Venstre,"Martin Schepelern, København",0,Region Østdanmark,Nej,Nej
regionsrådsvalg,B. Radikale Venstre,"Mathias Sikora, Aarhus Kommune",0,Region Midtjylland,Nej,Nej
regionsrådsvalg,B. Radikale Venstre,"Melissa Gilroy, Fanø",0,Region Syddanmark,Nej,Nej
regionsrådsvalg,B. Radikale Venstre,"Merete Them Kjølholm, Allerød",0,Region Østdanmark,Nej,Nej
regionsrådsvalg,B. Radikale Venstre,"Mia Nybo, Favrskov Kommune",0,Region Midtjylland,Nej,Nej
regionsrådsvalg,B. Radikale Venstre,"Michael Portefée P. Lex, Rebild",0,Region Nordjylland,Nej,Nej
regionsrådsvalg,B. Radikale Venstre,"Morten Junget, Silkeborg Kommune",0,Region Midtjylland,Nej,Nej
regionsrådsvalg,B. Radikale Venstre,"Morten Lorenzen, Assens",0,Region Syddanmark,Nej,Nej
regionsrådsvalg,B. Radikale Venstre,"Nadeem Farooq, Høje-Taastrup",0,Region Østdanmark,Nej,Nej
regionsrådsvalg,B. Radikale Venstre,"Niels Kristian Pilgaard Jensen, Jammerbugt",0,Region Nordjylland,Nej,Nej
regionsrådsvalg,B. Radikale Venstre,"Niels Voetmann Jepsen, Horsens Kommune",0,Region Midtjylland,Nej,Nej
regionsrådsvalg,B. Radikale Venstre,"Oruc Polat, Albertslund",0,Region Østdanmark,Nej,Nej
regionsrådsvalg,B. Radikale Venstre,"Peter L. Sørensen, Gribskov",0,Region Østdanmark,Nej,Nej
regionsrådsvalg,B. Radikale Venstre,"Philip Vivet, Herning Kommune",0,Region Midtjylland,Nej,Nej
regionsrådsvalg,B. Radikale Venstre,"Pia Elberg, Rebild",0,Region Nordjylland,Nej,Nej
regionsrådsvalg,B. Radikale Venstre,"Rasmus Bergholdt, Skanderborg Kommune",0,Region Midtjylland,Nej,Nej
regionsrådsvalg,B. Radikale Venstre,"Rasmus Gamst Beltofte, Holstebro Kommune",0,Region Midtjylland,Nej,Nej
regionsrådsvalg,B. Radikale Venstre,"Rikke Christensen, Horsens Kommune",0,Region Midtjylland,Nej,Nej
regionsrådsvalg,B. Radikale Venstre,"Rikke Mortensen, Egedal",0,Region Østdanmark,Nej,Nej
regionsrådsvalg,B. Radikale Venstre,"Ruben Kidde, Frederiksberg",0,Region Østdanmark,Nej,Nej
regionsrådsvalg,B. Radikale Venstre,"Sofie Holm, København",0,Region Østdanmark,Nej,Nej
regionsrådsvalg,B. Radikale Venstre,"Steen Asgeir Petersen, Thisted",0,Region Nordjylland,Nej,Nej
regionsrådsvalg,B. Radikale Venstre,"Steen Jonsson Agger, Aarhus Kommune",0,Region Midtjylland,Nej,Nej
regionsrådsvalg,B. Radikale Venstre,"Stefan Göttler, Svendborg",0,Region Syddanmark,Nej,Nej
regionsrådsvalg,B. Radikale Venstre,"Steffen Holme Helledie, Vejgaard",0,Region Nordjylland,Nej,Nej
regionsrådsvalg,B. Radikale Venstre,"Stinus Lindgreen, Lyngby-Taarbæk",0,Region Østdanmark,Nej,Nej
regionsrådsvalg,B. Radikale Venstre,"Sune Kragelund, Aalborg",0,Region Nordjylland,Nej,Nej
regionsrådsvalg,B. Radikale Venstre,"Susanne Krebs, Aalborg",0,Region Nordjylland,Nej,Nej
regionsrådsvalg,B. Radikale Venstre,"Søren Burcharth, København",0,Region Østdanmark,Nej,Nej
regionsrådsvalg,B. Radikale Venstre,"Søren Mikkelsen, Randers Kommune",0,Region Midtjylland,Nej,Nej
regionsrådsvalg,B. Radikale Venstre,"Søs Haugaard, København",0,Region Østdanmark,Nej,Nej
regionsrådsvalg,B. Radikale Venstre,"Teddy Stafsen, Svendborg",0,Region Syddanmark,Nej,Nej
regionsrådsvalg,B. Radikale Venstre,"Theis Magle, Hjørring",0,Region Nordjylland,Nej,Nej
regionsrådsvalg,B. Radikale Venstre,"Thomas Baark, Guldborgsund",0,Region Østdanmark,Nej,Nej
regionsrådsvalg,B. Radikale Venstre,"Thomas Hammer-Jakobsen, Odder Kommune",0,Region Midtjylland,Nej,Nej
regionsrådsvalg,B. Radikale Venstre,"Thomas Rohden, København",0,Region Østdanmark,Nej,Nej
regionsrådsvalg,B. Radikale Venstre,"Tine Hessner, Furesø",0,Region Østdanmark,Nej,Nej
regionsrådsvalg,B. Radikale Venstre,"Trine Dybkjær, Gentofte",0,Region Østdanmark,Nej,Nej
regionsrådsvalg,B. Radikale Venstre,"Vibeke Grønbæk, Vordingborg",0,Region Østdanmark,Nej,Nej
regionsrådsvalg,B. Radikale Venstre,"Zeb Meier Watz, Odense C",0,Region Syddanmark,Nej,Nej
regionsrådsvalg,C. Det Konservative Folkeparti,"Alex Klein, Thisted",0,Region Nordjylland,Nej,Nej
regionsrådsvalg,C. Det Konservative Folkeparti,"Alexander Bork, Aabenraa",0,Region Syddanmark,Nej,Nej
regionsrådsvalg,C. Det Konservative Folkeparti,"Ali Ünsal, Køge",0,Region Østdanmark,Nej,Nej
regionsrådsvalg,C. Det Konservative Folkeparti,"Alice Holst Brask, Djursland",0,Region Midtjylland,Nej,Nej
regionsrådsvalg,C. Det Konservative Folkeparti,"Anders Johansson, Svendborg",0,Region Syddanmark,Nej,Nej
regionsrådsvalg,C. Det Konservative Folkeparti,"Anders Krojgaard Lund, Horsens",0,Region Midtjylland,Nej,Nej
regionsrådsvalg,C. Det Konservative Folkeparti,"Betina Wettengel, Kolding",0,Region Syddanmark,Nej,Nej
regionsrådsvalg,C. Det Konservative Folkeparti,"Birgitte Majgaard, Galten",0,Region Midtjylland,Nej,Nej
regionsrådsvalg,C. Det Konservative Folkeparti,"Birgitte Neergaard-Kofod, Egedal",0,Region Østdanmark,Nej,Nej
regionsrådsvalg,C. Det Konservative Folkeparti,"Bjarne B. Madsen, Frederikshavn",0,Region Nordjylland,Nej,Nej
regionsrådsvalg,C. Det Konservative Folkeparti,"Bjarne Linneberg, Skive",0,Region Midtjylland,Nej,Nej
regionsrådsvalg,C. Det Konservative Folkeparti,"Bo Jensen, Ikast-Brande",0,Region Midtjylland,Nej,Nej
regionsrådsvalg,C. Det Konservative Folkeparti,"Camilla Sabroe Parbst, Roskilde",0,Region Østdanmark,Nej,Nej
regionsrådsvalg,C. Det Konservative Folkeparti,"Carl Jørgen Heide, Ærø",0,Region Syddanmark,Nej,Nej
regionsrådsvalg,C. Det Konservative Folkeparti,"Carsten Jäger, Otterup",0,Region Syddanmark,Nej,Nej
regionsrådsvalg,C. Det Konservative Folkeparti,"Carsten Petersen, Sorø",0,Region Østdanmark,Nej,Nej
regionsrådsvalg,C. Det Konservative Folkeparti,"Celine Lind Jakobsen, Fredensborg",0,Region Østdanmark,Nej,Nej
regionsrådsvalg,C. Det Konservative Folkeparti,"Christian Vigilius, Gentofte",0,Region Østdanmark,Nej,Nej
regionsrådsvalg,C. Det Konservative Folkeparti,"Christian Wedell-Neergaard, Køge",0,Region Østdanmark,Nej,Nej
regionsrådsvalg,C. Det Konservative Folkeparti,"Christian Wibe-Marker, Skanderborg",0,Region Midtjylland,Nej,Nej
regionsrådsvalg,C. Det Konservative Folkeparti,"Christoffer Buster Reinhardt, Rudersdal",0,Region Østdanmark,Nej,Nej
regionsrådsvalg,C. Det Konservative Folkeparti,"Claus Neergaard, Næstved",0,Region Østdanmark,Nej,Nej
regionsrådsvalg,C. Det Konservative Folkeparti,"Claus Sørensen, Hedensted",0,Region Midtjylland,Nej,Nej
regionsrådsvalg,C. Det Konservative Folkeparti,"Dorte Vilhelmsen, Herlev",0,Region Østdanmark,Nej,Nej
regionsrådsvalg,C. Det Konservative Folkeparti,"Dorthe le Fèvre, Ebeltoft",0,Region Midtjylland,Nej,Nej
regionsrådsvalg,C. Det Konservative Folkeparti,"Egil Hulgaard, Furesø",0,Region Østdanmark,Nej,Nej
regionsrådsvalg,C. Det Konservative Folkeparti,"Egon Bo, Slagelse",0,Region Østdanmark,Nej,Nej
regionsrådsvalg,C. Det Konservative Folkeparti,"Emil Karlebjerg, Aarhus N",0,Region Midtjylland,Nej,Nej
regionsrådsvalg,C. Det Konservative Folkeparti,"Emilia M. Feldskov, Aarhus C",0,Region Midtjylland,Nej,Nej
regionsrådsvalg,C. Det Konservative Folkeparti,"Esben Hedeager, Horsens",0,Region Midtjylland,Nej,Nej
regionsrådsvalg,C. Det Konservative Folkeparti,"Esben Iversen, Rødkærsbro",0,Region Midtjylland,Nej,Nej
regionsrådsvalg,C. Det Konservative Folkeparti,"Flemming Agerskov, Frederikshavn",0,Region Nordjylland,Nej,Nej
regionsrådsvalg,C. Det Konservative Folkeparti,"Flemming Nielsen, Hadsten",0,Region Midtjylland,Nej,Nej
regionsrådsvalg,C. Det Konservative Folkeparti,"Frederik Germann, Halsnæs",0,Region Østdanmark,Nej,Nej
regionsrådsvalg,C. Det Konservative Folkeparti,"Gunver Birgitte Nielsen, Haderslev",0,Region Syddanmark,Nej,Nej
regionsrådsvalg,C. Det Konservative Folkeparti,"Helge Adam Møller, Næstved",0,Region Østdanmark,Nej,Nej
regionsrådsvalg,C. Det Konservative Folkeparti,"Henrik Jacobsen, Lolland",0,Region Østdanmark,Nej,Nej
regionsrådsvalg,C. Det Konservative Folkeparti,"Henrik Sandholm, Vejle",0,Region Syddanmark,Nej,Nej
regionsrådsvalg,C. Det Konservative Folkeparti,"Ida Busk, København",0,Region Østdanmark,Nej,Nej
regionsrådsvalg,C. Det Konservative Folkeparti,"Jacob Rosenberg, Frederiksberg",0,Region Østdanmark,Nej,Nej
regionsrådsvalg,C. Det Konservative Folkeparti,"Jan Færch, Solrød",0,Region Østdanmark,Nej,Nej
regionsrådsvalg,C. Det Konservative Folkeparti,"Jan H. Klit, København",0,Region Østdanmark,Nej,Nej
regionsrådsvalg,C. Det Konservative Folkeparti,"Jane Christensen, Kalundborg",0,Region Østdanmark,Nej,Nej
regionsrådsvalg,C. Det Konservative Folkeparti,"Janni Høybye, Brønderslev",0,Region Nordjylland,Nej,Nej
regionsrådsvalg,C. Det Konservative Folkeparti,"Jeanette Sagan, Rebild",0,Region Nordjylland,Nej,Nej
regionsrådsvalg,C. Det Konservative Folkeparti,"Jens Laursen-Schmidt, Struer",0,Region Midtjylland,Nej,Nej
regionsrådsvalg,C. Det Konservative Folkeparti,"Jens Martin Fjordbak, Frederikshavn",0,Region Nordjylland,Nej,Nej
regionsrådsvalg,C. Det Konservative Folkeparti,"Jens Tilma, Thisted",0,Region Nordjylland,Nej,Nej
regionsrådsvalg,C. Det Konservative Folkeparti,"Jesper Adler, Vordingborg",0,Region Østdanmark,Nej,Nej
regionsrådsvalg,C. Det Konservative Folkeparti,"Jesper Marcus, Gentofte",0,Region Østdanmark,Nej,Nej
regionsrådsvalg,C. Det Konservative Folkeparti,"Jesper Tvilde, Fredensborg",0,Region Østdanmark,Nej,Nej
regionsrådsvalg,C. Det Konservative Folkeparti,"Jess Eiberg Hansen, Greve",0,Region Østdanmark,Nej,Nej
regionsrådsvalg,C. Det Konservative Folkeparti,"Joacchim Brahtz, Faaborg",0,Region Syddanmark,Nej,Nej
regionsrådsvalg,C. Det Konservative Folkeparti,"Joachim Hoffmann, Odense",0,Region Syddanmark,Nej,Nej
regionsrådsvalg,C. Det Konservative Folkeparti,"John Tefke, Lyngby",0,Region Østdanmark,Nej,Nej
regionsrådsvalg,C. Det Konservative Folkeparti,"Jørgen Johansen, Allerød",0,Region Østdanmark,Nej,Nej
regionsrådsvalg,C. Det Konservative Folkeparti,"Jørgen Ravn Christensen, Jammerbugt",0,Region Nordjylland,Nej,Nej
regionsrådsvalg,C. Det Konservative Folkeparti,"Karen Tilma, Brønderslev",0,Region Nordjylland,Nej,Nej
regionsrådsvalg,C. Det Konservative Folkeparti,"Karl Højhus Jeppesen, Kibæk",0,Region Midtjylland,Nej,Nej
regionsrådsvalg,C. Det Konservative Folkeparti,"Kasper Pagh, Horsens",0,Region Midtjylland,Nej,Nej
regionsrådsvalg,C. Det Konservative Folkeparti,"Kenneth Gøtterup, Amager",0,Region Østdanmark,Nej,Nej
regionsrådsvalg,C. Det Konservative Folkeparti,"Kenneth J. Grinderslev, Skive",0,Region Midtjylland,Nej,Nej
regionsrådsvalg,C. Det Konservative Folkeparti,"Kim Drejer Nielsen, Rødovre",0,Region Østdanmark,Nej,Nej
regionsrådsvalg,C. Det Konservative Folkeparti,"Kirsten Hassing, Fredericia",0,Region Syddanmark,Nej,Nej
regionsrådsvalg,C. Det Konservative Folkeparti,"Kirstine Skjødt, Viborg",0,Region Midtjylland,Nej,Nej
regionsrådsvalg,C. Det Konservative Folkeparti,"Knud Erik Langhoff, Kolding",0,Region Syddanmark,Nej,Nej
regionsrådsvalg,C. Det Konservative Folkeparti,"Knud Schøler, Hinnerup",0,Region Midtjylland,Nej,Nej
regionsrådsvalg,C. Det Konservative Folkeparti,"Kristian Hedelund, Brønderslev",0,Region Nordjylland,Nej,Nej
regionsrådsvalg,C. Det Konservative Folkeparti,"Lars Carstensen, Furesø",0,Region Østdanmark,Nej,Nej
regionsrådsvalg,C. Det Konservative Folkeparti,"Lars Jensen, Løsning",0,Region Midtjylland,Nej,Nej
regionsrådsvalg,C. Det Konservative Folkeparti,"Lau Sørensen, Holstebro",0,Region Midtjylland,Nej,Nej
regionsrådsvalg,C. Det Konservative Folkeparti,"Lene Aalestrup, Rebild",0,Region Nordjylland,Nej,Nej
regionsrådsvalg,C. Det Konservative Folkeparti,"Lene Burchardt, Aalborg",0,Region Nordjylland,Nej,Nej
regionsrådsvalg,C. Det Konservative Folkeparti,"Line Ervolder, København",0,Region Østdanmark,Nej,Nej
regionsrådsvalg,C. Det Konservative Folkeparti,Listestemmer,0,Region Nordjylland,Nej,Nej
regionsrådsvalg,C. Det Konservative Folkeparti,"Lone Rusberg, Silkeborg",0,Region Midtjylland,Nej,Nej
regionsrådsvalg,C. Det Konservative Folkeparti,"Lotte Finck, Aalborg",0,Region Nordjylland,Nej,Nej
regionsrådsvalg,C. Det Konservative Folkeparti,"Maj Allin Thorup, Hørsholm",0,Region Østdanmark,Nej,Nej
regionsrådsvalg,C. Det Konservative Folkeparti,"Malena Møller Mortensen, Viborg",0,Region Midtjylland,Nej,Nej
regionsrådsvalg,C. Det Konservative Folkeparti,"Marianne Quorp Kjærgaard, Aabenraa",0,Region Syddanmark,Nej,Nej
regionsrådsvalg,C. Det Konservative Folkeparti,"Mathias Schwartz Kirkegaard, Greve",0,Region Østdanmark,Nej,Nej
regionsrådsvalg,C. Det Konservative Folkeparti,"May-Britt Andrea Andersen, Esbjerg",0,Region Syddanmark,Nej,Nej
regionsrådsvalg,C. Det Konservative Folkeparti,"Mette Aagaard, Lolland",0,Region Østdanmark,Nej,Nej
regionsrådsvalg,C. Det Konservative Folkeparti,"Mette Guldberg, Herning",0,Region Midtjylland,Nej,Nej
regionsrådsvalg,C. Det Konservative Folkeparti,"Michael Grove, Viborg",0,Region Midtjylland,Nej,Nej
regionsrådsvalg,C. Det Konservative Folkeparti,"Michael Mathiesen, Helsingør",0,Region Østdanmark,Nej,Nej
regionsrådsvalg,C. Det Konservative Folkeparti,"Michael Nielsen, Kerteminde",0,Region Syddanmark,Nej,Nej
regionsrådsvalg,C. Det Konservative Folkeparti,"Mogens Anneberg, Bornholm",0,Region Østdanmark,Nej,Nej
regionsrådsvalg,C. Det Konservative Folkeparti,"Mogens Hallager, Roskilde",0,Region Østdanmark,Nej,Nej
regionsrådsvalg,C. Det Konservative Folkeparti,"Morten Ballegaard Sørensen, Randers",0,Region Midtjylland,Nej,Nej
regionsrådsvalg,C. Det Konservative Folkeparti,"Morten Weiss-Pedersen, Middelfart",0,Region Syddanmark,Nej,Nej
regionsrådsvalg,C. Det Konservative Folkeparti,"Niels Odgaard, Læsø",0,Region Nordjylland,Nej,Nej
regionsrådsvalg,C. Det Konservative Folkeparti,"Oliver Abildskov, Aarhus",0,Region Midtjylland,Nej,Nej
regionsrådsvalg,C. Det Konservative Folkeparti,"Palle L. Nielsen, Jammerbugt",0,Region Nordjylland,Nej,Nej
regionsrådsvalg,C. Det Konservative Folkeparti,"Patrick Lehto, Tårnby",0,Region Østdanmark,Nej,Nej
regionsrådsvalg,C. Det Konservative Folkeparti,"Per Larsen, Frederikshavn",0,Region Nordjylland,Nej,Nej
regionsrådsvalg,C. Det Konservative Folkeparti,"Per Møller, Hjørring",0,Region Nordjylland,Nej,Nej
regionsrådsvalg,C. Det Konservative Folkeparti,"Pernille Kjul Knudsen, Hjørring",0,Region Nordjylland,Nej,Nej
regionsrådsvalg,C. Det Konservative Folkeparti,"Peter Askjær, Samsø",0,Region Midtjylland,Nej,Nej
regionsrådsvalg,C. Det Konservative Folkeparti,"Peter Horsted Hansen, Odsherred",0,Region Østdanmark,Nej,Nej
regionsrådsvalg,C. Det Konservative Folkeparti,"Pia Buus Pinstrup, Vesthimmerland",0,Region Nordjylland,Nej,Nej
regionsrådsvalg,C. Det Konservative Folkeparti,"Poul Roesen, Morsø",0,Region Nordjylland,Nej,Nej
regionsrådsvalg,C. Det Konservative Folkeparti,"Preben Steen, Vejle",0,Region Syddanmark,Nej,Nej
regionsrådsvalg,C. Det Konservative Folkeparti,"Purnima Erichsen, Aarhus",0,Region Midtjylland,Nej,Nej
regionsrådsvalg,C. Det Konservative Folkeparti,"Rasmus Sandvej, Kolding",0,Region Syddanmark,Nej,Nej
regionsrådsvalg,C. Det Konservative Folkeparti,"Rebecca Plomin, Gladsaxe",0,Region Østdanmark,Nej,Nej
regionsrådsvalg,C. Det Konservative Folkeparti,"René Krongaard, Odder",0,Region Midtjylland,Nej,Nej
regionsrådsvalg,C. Det Konservative Folkeparti,"Rico Djernis, København",0,Region Østdanmark,Nej,Nej
regionsrådsvalg,C. Det Konservative Folkeparti,"Rikke Pedersen, Aalborg",0,Region Nordjylland,Nej,Nej
regionsrådsvalg,C. Det Konservative Folkeparti,"Roya Moore, Odense",0,Region Syddanmark,Nej,Nej
regionsrådsvalg,C. Det Konservative Folkeparti,"Siff Tang Lassen, Aarhus",0,Region Midtjylland,Nej,Nej
regionsrådsvalg,C. Det Konservative Folkeparti,"Simon Krabbe, Ballerup",0,Region Østdanmark,Nej,Nej
regionsrådsvalg,C. Det Konservative Folkeparti,"Simon Linde, Mariagerfjord",0,Region Nordjylland,Nej,Nej
regionsrådsvalg,C. Det Konservative Folkeparti,"Sofie Therese Svendsen, Aalborg",0,Region Nordjylland,Nej,Nej
regionsrådsvalg,C. Det Konservative Folkeparti,"Stine Østlund, Hillerød",0,Region Østdanmark,Nej,Nej
regionsrådsvalg,C. Det Konservative Folkeparti,"Susanne Lund, Aarhus",0,Region Midtjylland,Nej,Nej
regionsrådsvalg,C. Det Konservative Folkeparti,"Søren Friis Trebbien, Hvidovre",0,Region Østdanmark,Nej,Nej
regionsrådsvalg,C. Det Konservative Folkeparti,"Therese Hejnfelt, Frederikssund",0,Region Østdanmark,Nej,Nej
regionsrådsvalg,C. Det Konservative Folkeparti,"Thomas Christophersen, Holbæk",0,Region Østdanmark,Nej,Nej
regionsrådsvalg,C. Det Konservative Folkeparti,"Thomas von Jessen, Fredensborg",0,Region Østdanmark,Nej,Nej
regionsrådsvalg,C. Det Konservative Folkeparti,"Tina-Mia Eriksen, Ringsted",0,Region Østdanmark,Nej,Nej
regionsrådsvalg,C. Det Konservative Folkeparti,"Tonny Stenkilde, Vissenbjerg",0,Region Syddanmark,Nej,Nej
regionsrådsvalg,C. Det Konservative Folkeparti,"Torben Krebs, Hadsten",0,Region Midtjylland,Nej,Nej
regionsrådsvalg,C. Det Konservative Folkeparti,"Trine Egetved, Gribskov",0,Region Østdanmark,Nej,Nej
regionsrådsvalg,C. Det Konservative Folkeparti,"Turan Akbulut, Høje-Taastrup",0,Region Østdanmark,Nej,Nej
regionsrådsvalg,C. Det Konservative Folkeparti,"Ulrik Linvald, Ringkøbing-Skjern",0,Region Midtjylland,Nej,Nej
regionsrådsvalg,C. Det Konservative Folkeparti,"Ulrik Mark Jensen, Vesthimmerland",0,Region Nordjylland,Nej,Nej
regionsrådsvalg,C. Det Konservative Folkeparti,"Vibeke Gamst, Aalborg",0,Region Nordjylland,Nej,Nej
regionsrådsvalg,C. Det Konservative Folkeparti,"Victoria Helene Olsen, Roskilde",0,Region Østdanmark,Nej,Nej
regionsrådsvalg,C. Det Konservative Folkeparti,"Vilhelm Møller, Faxe",0,Region Østdanmark,Nej,Nej
regionsrådsvalg,D. Nye Borgerlige,"Jan K. Pedersen, Hemmet",0,Region Midtjylland,Nej,Nej
regionsrådsvalg,D. Nye Borgerlige,"Jan Skat Riishøj, Østbirk",0,Region Midtjylland,Nej,Nej
regionsrådsvalg,D. Nye Borgerlige,"Jytte Pedersen, Herning",0,Region Midtjylland,Nej,Nej
regionsrådsvalg,D. Nye Borgerlige,"Lars Erling Sørensen, Brønderslev",0,Region Nordjylland,Nej,Nej
regionsrådsvalg,D. Nye Borgerlige,"Leif Krøyer, Søvind",0,Region Midtjylland,Nej,Nej
regionsrådsvalg,D. Nye Borgerlige,Listestemmer,0,Region Nordjylland,Nej,Nej
regionsrådsvalg,D. Nye Borgerlige,"René Galsgaard, Holstebro",0,Region Midtjylland,Nej,Nej
regionsrådsvalg,E. Borgerlig Fornuft,Listestemmer,0,Region Syddanmark,Nej,Nej
regionsrådsvalg,E. Borgerlig Fornuft,"Maiken Huglstad Pedersen, Esbjerg",0,Region Syddanmark,Nej,Nej
regionsrådsvalg,E. Borgerlig Fornuft,"Morten Møller, Esbjerg",0,Region Syddanmark,Nej,Nej
regionsrådsvalg,E. Borgerlig Fornuft,"Niels Jessen, Esbjerg",0,Region Syddanmark,Nej,Nej
regionsrådsvalg,E. Borgerlig Fornuft,"Sabrina Bech Bartholin, Esbjerg",0,Region Syddanmark,Nej,Nej
regionsrådsvalg,F. SF - Socialistisk Folkeparti,"Adnan Nikontovic, Horsens",0,Region Midtjylland,Nej,Nej
regionsrådsvalg,F. SF - Socialistisk Folkeparti,"Aksel Munch Søndergaard, Aarhus V",0,Region Midtjylland,Nej,Nej
regionsrådsvalg,F. SF - Socialistisk Folkeparti,"Almina Nikontovic, Frederikshavn Kommune",0,Region Nordjylland,Nej,Nej
regionsrådsvalg,F. SF - Socialistisk Folkeparti,"Anja Rosengreen, Halsnæs",0,Region Østdanmark,Nej,Nej
regionsrådsvalg,F. SF - Socialistisk Folkeparti,"Anne-Sofie Overgaard, Aalborg Kommune",0,Region Nordjylland,Nej,Nej
regionsrådsvalg,F. SF - Socialistisk Folkeparti,"Annemette Bach, Vesthimmerlands Kommune",0,Region Nordjylland,Nej,Nej
regionsrådsvalg,F. SF - Socialistisk Folkeparti,"Annette Blynel, Svendborg",0,Region Syddanmark,Nej,Nej
regionsrådsvalg,F. SF - Socialistisk Folkeparti,"Benjamin Christensen, Aalborg",0,Region Nordjylland,Nej,Nej
regionsrådsvalg,F. SF - Socialistisk Folkeparti,"Bent Olsen, Nordfyn",0,Region Syddanmark,Nej,Nej
regionsrådsvalg,F. SF - Socialistisk Folkeparti,"Bente Borg Donkin, Helsingør",0,Region Østdanmark,Nej,Nej
regionsrådsvalg,F. SF - Socialistisk Folkeparti,"Bente Strager, Skanderborg",0,Region Midtjylland,Nej,Nej
regionsrådsvalg,F. SF - Socialistisk Folkeparti,"Bjarne Lund Henneberg, Tønder",0,Region Syddanmark,Nej,Nej
regionsrådsvalg,F. SF - Socialistisk Folkeparti,"Carina Sarkkinen Jacobsen, Hedensted",0,Region Midtjylland,Nej,Nej
regionsrådsvalg,F. SF - Socialistisk Folkeparti,"Charlotte Holst Høybye, Jammerbugt",0,Region Nordjylland,Nej,Nej
regionsrådsvalg,F. SF - Socialistisk Folkeparti,"Charlotte Petersen, Mariagerfjord",0,Region Nordjylland,Nej,Nej
regionsrådsvalg,F. SF - Socialistisk Folkeparti,"Christina Dilling-Munk, Ringsted",0,Region Østdanmark,Nej,Nej
regionsrådsvalg,F. SF - Socialistisk Folkeparti,"Emilie Esmann, Amager",0,Region Østdanmark,Ja,Ja
regionsrådsvalg,F. SF - Socialistisk Folkeparti,"Erik Holm, Thisted",0,Region Nordjylland,Nej,Nej
regionsrådsvalg,F. SF - Socialistisk Folkeparti,"Eva Larsen, Greve",0,Region Østdanmark,Nej,Nej
regionsrådsvalg,F. SF - Socialistisk Folkeparti,"Frank Hedegaard, København",0,Region Østdanmark,Nej,Nej
regionsrådsvalg,F. SF - Socialistisk Folkeparti,"Frank Østergaard, Jammerbugt Kommune",0,Region Nordjylland,Nej,Nej
regionsrådsvalg,F. SF - Socialistisk Folkeparti,"Gerda Nørgaard, Hjørring",0,Region Nordjylland,Nej,Nej
regionsrådsvalg,F. SF - Socialistisk Folkeparti,"Hanne Pedersen, Haderslev",0,Region Syddanmark,Nej,Nej
regionsrådsvalg,F. SF - Socialistisk Folkeparti,"Hanne Svenningsen, Lejre",0,Region Østdanmark,Nej,Nej
regionsrådsvalg,F. SF - Socialistisk Folkeparti,"Jacob Klærke, Horsens",0,Region Midtjylland,Nej,Nej
regionsrådsvalg,F. SF - Socialistisk Folkeparti,"Jakob Fuglsang Andersen, Aarhus",0,Region Midtjylland,Ja,Nej
regionsrådsvalg,F. SF - Socialistisk Folkeparti,"Jakob Sønderhaven, Jammerbugt",0,Region Nordjylland,Nej,Nej
regionsrådsvalg,F. SF - Socialistisk Folkeparti,"Jan Kjældgaard, Farum",0,Region Østdanmark,Nej,Nej
regionsrådsvalg,F. SF - Socialistisk Folkeparti,"Jens Lyhne, Thisted Kommune",0,Region Nordjylland,Nej,Nej
regionsrådsvalg,F. SF - Socialistisk Folkeparti,"Jesper Mayerhofer, Odense",0,Region Syddanmark,Nej,Nej
regionsrådsvalg,F. SF - Socialistisk Folkeparti,"Jette Leth Buhl, Næstved",0,Region Østdanmark,Nej,Nej
regionsrådsvalg,F. SF - Socialistisk Folkeparti,"Joan Kragh, Guldborgsund",0,Region Østdanmark,Nej,Nej
regionsrådsvalg,F. SF - Socialistisk Folkeparti,"John Hyrup Jensen, Sønderborg",0,Region Syddanmark,Nej,Nej
regionsrådsvalg,F. SF - Socialistisk Folkeparti,"Jonas Niemann, Gentofte",0,Region Østdanmark,Nej,Nej
regionsrådsvalg,F. SF - Socialistisk Folkeparti,"Julie Hoff Sørensen, Stevns",0,Region Østdanmark,Nej,Nej
regionsrådsvalg,F. SF - Socialistisk Folkeparti,"Jytte Søgård Mikkelsen, Herning",0,Region Midtjylland,Nej,Nej
regionsrådsvalg,F. SF - Socialistisk Folkeparti,"Kasper Venning, Viborg",0,Region Midtjylland,Nej,Nej
regionsrådsvalg,F. SF - Socialistisk Folkeparti,"Kasper Vindbjerg, Norddjurs",0,Region Midtjylland,Nej,Nej
regionsrådsvalg,F. SF - Socialistisk Folkeparti,"Ken Patrick Petersson, Taastrup",0,Region Østdanmark,Nej,Nej
regionsrådsvalg,F. SF - Socialistisk Folkeparti,"Kim Elmose, Roskilde",0,Region Østdanmark,Nej,Nej
regionsrådsvalg,F. SF - Socialistisk Folkeparti,"Kim Jørstad, Kerteminde",0,Region Syddanmark,Nej,Nej
regionsrådsvalg,F. SF - Socialistisk Folkeparti,"Kirsten Balle, Herlev",0,Region Østdanmark,Nej,Nej
regionsrådsvalg,F. SF - Socialistisk Folkeparti,"Kristina Johansen, Brønderslev",0,Region Nordjylland,Nej,Nej
regionsrådsvalg,F. SF - Socialistisk Folkeparti,"Lars Christiansen, Maribo",0,Region Østdanmark,Nej,Nej
regionsrådsvalg,F. SF - Socialistisk Folkeparti,"Lars Olesen, Fredericia",0,Region Syddanmark,Nej,Nej
regionsrådsvalg,F. SF - Socialistisk Folkeparti,"Laurits Kaae, Vejle",0,Region Syddanmark,Nej,Nej
regionsrådsvalg,F. SF - Socialistisk Folkeparti,"Lene Linnemann, Aalborg Kommune",0,Region Nordjylland,Nej,Nej
regionsrådsvalg,F. SF - Socialistisk Folkeparti,Listestemmer,0,Region Nordjylland,Nej,Nej
regionsrådsvalg,F. SF - Socialistisk Folkeparti,"Mads Holdgaard, Faaborg-Midtfyn",0,Region Syddanmark,Nej,Nej
regionsrådsvalg,F. SF - Socialistisk Folkeparti,"Maja Roesen, Køge",0,Region Østdanmark,Nej,Nej
regionsrådsvalg,F. SF - Socialistisk Folkeparti,"Marie-Louise Jørgensen, Hvidovre",0,Region Østdanmark,Nej,Nej
regionsrådsvalg,F. SF - Socialistisk Folkeparti,"Martin Vestergaard, Christiansbjerg",0,Region Midtjylland,Nej,Nej
regionsrådsvalg,F. SF - Socialistisk Folkeparti,"Michael Christensen, Aabenraa",0,Region Syddanmark,Nej,Nej
regionsrådsvalg,F. SF - Socialistisk Folkeparti,"Mikkel Berggreen Schmidt, Varde",0,Region Syddanmark,Nej,Nej
regionsrådsvalg,F. SF - Socialistisk Folkeparti,"Mogens Bedsted, Odder",0,Region Midtjylland,Nej,Nej
regionsrådsvalg,F. SF - Socialistisk Folkeparti,"Naja Kallesøe, Silkeborg",0,Region Midtjylland,Nej,Nej
regionsrådsvalg,F. SF - Socialistisk Folkeparti,"Olaf Johansen, Slagelse",0,Region Østdanmark,Nej,Nej
regionsrådsvalg,F. SF - Socialistisk Folkeparti,"Ole Tyrsted Jørgensen, Nyborg",0,Region Syddanmark,Nej,Nej
regionsrådsvalg,F. SF - Socialistisk Folkeparti,"Peder Larsen, Mariagerfjord",0,Region Nordjylland,Nej,Nej
regionsrådsvalg,F. SF - Socialistisk Folkeparti,"Per Alstrup, Rebild",0,Region Nordjylland,Nej,Nej
regionsrådsvalg,F. SF - Socialistisk Folkeparti,"Peter Nowack, Herning",0,Region Midtjylland,Nej,Nej
regionsrådsvalg,F. SF - Socialistisk Folkeparti,"Peter Westermann, København",0,Region Østdanmark,Nej,Ja
regionsrådsvalg,F. SF - Socialistisk Folkeparti,"Phillip Bergenhammer Østergaard, Tårnby",0,Region Østdanmark,Nej,Nej
regionsrådsvalg,F. SF - Socialistisk Folkeparti,"Poul Reher Jensen, Gladsaxe",0,Region Østdanmark,Nej,Nej
regionsrådsvalg,F. SF - Socialistisk Folkeparti,"Rasmus T. Mortensen, Aarhus",0,Region Midtjylland,Nej,Nej
regionsrådsvalg,F. SF - Socialistisk Folkeparti,"Ronny Roy Nielsen, Hedensted Kommune",0,Region Midtjylland,Nej,Nej
regionsrådsvalg,F. SF - Socialistisk Folkeparti,"Sadek Al-Amood, Valby",0,Region Østdanmark,Nej,Ja
regionsrådsvalg,F. SF - Socialistisk Folkeparti,"Sander Jensen, Aarhus",0,Region Midtjylland,Nej,Nej
regionsrådsvalg,F. SF - Socialistisk Folkeparti,"Sara Darling Jørgensen, Svendborg",0,Region Syddanmark,Nej,Nej
regionsrådsvalg,F. SF - Socialistisk Folkeparti,"Simon Dahl Verner, Esbjerg",0,Region Syddanmark,Nej,Nej
regionsrådsvalg,F. SF - Socialistisk Folkeparti,"Simon Meyer Off, Assens",0,Region Syddanmark,Nej,Nej
regionsrådsvalg,F. SF - Socialistisk Folkeparti,"Steffen Søgaard, Randers",0,Region Midtjylland,Nej,Nej
regionsrådsvalg,F. SF - Socialistisk Folkeparti,"Susanne Buch, Favrskov",0,Region Midtjylland,Nej,Nej
regionsrådsvalg,F. SF - Socialistisk Folkeparti,"Susanne Stenstrop Thorsen, Kolding",0,Region Syddanmark,Nej,Nej
regionsrådsvalg,F. SF - Socialistisk Folkeparti,"Søren Norlander, Randers",0,Region Midtjylland,Nej,Nej
regionsrådsvalg,F. SF - Socialistisk Folkeparti,"Thomas Garfort, Rønne",0,Region Østdanmark,Nej,Nej
regionsrådsvalg,F. SF - Socialistisk Folkeparti,"Thomas Krog, Brønderslev Kommune",0,Region Nordjylland,Nej,Nej
regionsrådsvalg,F. SF - Socialistisk Folkeparti,"Thue Grum-Schwensen, Skive",0,Region Midtjylland,Nej,Nej
regionsrådsvalg,F. SF - Socialistisk Folkeparti,"Torben Kjeldsen, Rørvig",0,Region Østdanmark,Nej,Nej
regionsrådsvalg,F. SF - Socialistisk Folkeparti,"Trine Schaltz, København",0,Region Østdanmark,Nej,Nej
regionsrådsvalg,F. SF - Socialistisk Folkeparti,"Ulrik Rasmussen, Syddjurs Kommune",0,Region Midtjylland,Nej,Nej
regionsrådsvalg,F. SF - Socialistisk Folkeparti,"Vagn Kjær-Hansen, Brøndby",0,Region Østdanmark,Nej,Nej
regionsrådsvalg,I. Liberal Alliance,"Anders Paabøl, Aarhus",0,Region Midtjylland,Nej,Nej
regionsrådsvalg,I. Liberal Alliance,"Arne V. Andersen, Ringkøbing",0,Region Midtjylland,Nej,Nej
regionsrådsvalg,I. Liberal Alliance,"Bettina Eriksen, Kerteminde",0,Region Syddanmark,Nej,Nej
regionsrådsvalg,I. Liberal Alliance,Bo Ritterbusch,0,Region Nordjylland,Nej,Nej
regionsrådsvalg,I. Liberal Alliance,"Camilla Silfverberg, Svendborg",0,Region Syddanmark,Nej,Nej
regionsrådsvalg,I. Liberal Alliance,"Cecilie Liv Hansen, Kolding",0,Region Syddanmark,Nej,Nej
regionsrådsvalg,I. Liberal Alliance,"Charlotte Mönniche, Skanderborg",0,Region Midtjylland,Nej,Nej
regionsrådsvalg,I. Liberal Alliance,"Christian Fini, Vejle",0,Region Syddanmark,Nej,Nej
regionsrådsvalg,I. Liberal Alliance,"Christian Nyby Bergholdt, Varde",0,Region Syddanmark,Nej,Nej
regionsrådsvalg,I. Liberal Alliance,"Christina Kokkendoff, Kolding",0,Region Syddanmark,Nej,Nej
regionsrådsvalg,I. Liberal Alliance,"Dorthe Mikkelsen, Vallensbæk",0,Region Østdanmark,Nej,Nej
regionsrådsvalg,I. Liberal Alliance,"Eik Dahl Bidstrup, Dragør",0,Region Østdanmark,Nej,Nej
regionsrådsvalg,I. Liberal Alliance,"Flemming Sørensen, Holbæk",0,Region Østdanmark,Nej,Nej
regionsrådsvalg,I. Liberal Alliance,Frederik Blicher Pedersen,0,Region Nordjylland,Nej,Nej
regionsrådsvalg,I. Liberal Alliance,"Frederik Tuxen Bjerrum, Frederiksberg",0,Region Østdanmark,Nej,Nej
regionsrådsvalg,I. Liberal Alliance,"Gert L. Heglund, Gentofte",0,Region Østdanmark,Nej,Nej
regionsrådsvalg,I. Liberal Alliance,HP Beck,0,Region Nordjylland,Nej,Nej
regionsrådsvalg,I. Liberal Alliance,"Hans Bak, Holstebro",0,Region Midtjylland,Nej,Nej
regionsrådsvalg,I. Liberal Alliance,Hans-Henning Terp-Hansen,0,Region Nordjylland,Nej,Nej
regionsrådsvalg,I. Liberal Alliance,"Helle Jensen, Viborg",0,Region Midtjylland,Nej,Nej
regionsrådsvalg,I. Liberal Alliance,"Henrik Christiansen, Brande",0,Region Midtjylland,Nej,Nej
regionsrådsvalg,I. Liberal Alliance,Henrik Viholm,0,Region Nordjylland,Nej,Nej
regionsrådsvalg,I. Liberal Alliance,"Jan Beck-Nielsen, Silkeborg",0,Region Midtjylland,Nej,Nej
regionsrådsvalg,I. Liberal Alliance,Jimmy Abel Nielsen,0,Region Nordjylland,Nej,Nej
regionsrådsvalg,I. Liberal Alliance,"Johannes Grand, Ballerup",0,Region Østdanmark,Nej,Nej
regionsrådsvalg,I. Liberal Alliance,"John Rasmussen, Fredericia",0,Region Syddanmark,Nej,Nej
regionsrådsvalg,I. Liberal Alliance,Kenneth Hammer,0,Region Nordjylland,Nej,Nej
regionsrådsvalg,I. Liberal Alliance,"Kenneth Storm, Aulum",0,Region Midtjylland,Nej,Nej
regionsrådsvalg,I. Liberal Alliance,Kent Budolfsen,0,Region Nordjylland,Nej,Nej
regionsrådsvalg,I. Liberal Alliance,Kim Gaarsdahl,0,Region Nordjylland,Nej,Nej
regionsrådsvalg,I. Liberal Alliance,Klaus Hjulmand,0,Region Nordjylland,Nej,Nej
regionsrådsvalg,I. Liberal Alliance,"Klaus Kristiansen, Lejre",0,Region Østdanmark,Nej,Nej
regionsrådsvalg,I. Liberal Alliance,"Lars Lillebæk, Vissenbjerg",0,Region Syddanmark,Nej,Nej
regionsrådsvalg,I. Liberal Alliance,Lars Rem,0,Region Nordjylland,Nej,Nej
regionsrådsvalg,I. Liberal Alliance,"Lars Winther, Egedal",0,Region Østdanmark,Nej,Nej
regionsrådsvalg,I. Liberal Alliance,"Lasse Holt, Lyngby-Taarbæk",0,Region Østdanmark,Nej,Nej
regionsrådsvalg,I. Liberal Alliance,"Lene Foged, Stoholm",0,Region Midtjylland,Nej,Nej
regionsrådsvalg,I. Liberal Alliance,"Lisa Castro Jensen, Struer",0,Region Midtjylland,Nej,Nej
regionsrådsvalg,I. Liberal Alliance,Listestemmer,0,Region Nordjylland,Nej,Nej
regionsrådsvalg,I. Liberal Alliance,"Marc Dyhr Seremet-Bangert, Vojens",0,Region Syddanmark,Nej,Nej
regionsrådsvalg,I. Liberal Alliance,"Michael Rask, Greve",0,Region Østdanmark,Nej,Nej
regionsrådsvalg,I. Liberal Alliance,Michel Thrysøe,0,Region Nordjylland,Nej,Nej
regionsrådsvalg,I. Liberal Alliance,Mikael Simonsen,0,Region Nordjylland,Nej,Nej
regionsrådsvalg,I. Liberal Alliance,Morten Bo,0,Region Nordjylland,Nej,Nej
regionsrådsvalg,I. Liberal Alliance,"Nicolai Wang, København",0,Region Østdanmark,Nej,Nej
regionsrådsvalg,I. Liberal Alliance,"Patrizia Venturelli Christensen, Gentofte",0,Region Østdanmark,Nej,Nej
regionsrådsvalg,I. Liberal Alliance,"Peter Dits Christensen, Solrød",0,Region Østdanmark,Nej,Nej
regionsrådsvalg,I. Liberal Alliance,"Peter Malbæk, Syddjurs",0,Region Midtjylland,Nej,Nej
regionsrådsvalg,I. Liberal Alliance,"Peter Nikolajsen, Esbjerg",0,Region Syddanmark,Nej,Nej
regionsrådsvalg,I. Liberal Alliance,Peter Thellufsen Pedersen,0,Region Nordjylland,Nej,Nej
regionsrådsvalg,I. Liberal Alliance,Rasmus Tymm,0,Region Nordjylland,Nej,Nej
regionsrådsvalg,I. Liberal Alliance,Rikke Olssen,0,Region Nordjylland,Nej,Nej
regionsrådsvalg,I. Liberal Alliance,"Robert Mørck, Furesø",0,Region Østdanmark,Nej,Nej
regionsrådsvalg,I. Liberal Alliance,Ronny Van Tieu,0,Region Nordjylland,Nej,Nej
regionsrådsvalg,I. Liberal Alliance,"Sebastian Halkjær-Grauert, Norddjurs",0,Region Midtjylland,Nej,Nej
regionsrådsvalg,I. Liberal Alliance,"Simon Buus Olsen, Favrskov",0,Region Midtjylland,Nej,Nej
regionsrådsvalg,I. Liberal Alliance,"Steen Tofteng, Gribskov",0,Region Østdanmark,Nej,Nej
regionsrådsvalg,I. Liberal Alliance,"Steffen Jespersen, Horsens",0,Region Midtjylland,Nej,Nej
regionsrådsvalg,I. Liberal Alliance,"Sten Schmidl Søbjærg, Gribskov",0,Region Østdanmark,Nej,Nej
regionsrådsvalg,I. Liberal Alliance,"Søren Kragh, Sorø",0,Region Østdanmark,Nej,Nej
regionsrådsvalg,I. Liberal Alliance,"Søren Møller Christensen, Dejbjerg",0,Region Midtjylland,Nej,Nej
regionsrådsvalg,I. Liberal Alliance,Thomas Christiansen,0,Region Nordjylland,Nej,Nej
regionsrådsvalg,I. Liberal Alliance,Thomas Heuniche,0,Region Nordjylland,Nej,Nej
regionsrådsvalg,I. Liberal Alliance,"Thomas Vedsted, Haderslev",0,Region Syddanmark,Nej,Nej
regionsrådsvalg,I. Liberal Alliance,"Thorbjørn Jacobsen, Struer",0,Region Midtjylland,Nej,Nej
regionsrådsvalg,I. Liberal Alliance,"Tobias Daugaard, Løsning",0,Region Midtjylland,Nej,Nej
regionsrådsvalg,I. Liberal Alliance,"Villum Christensen, Slagelse",0,Region Østdanmark,Nej,Nej
regionsrådsvalg,J. Demokraterne - hele Danmark skal leve,Elisabeth Bergsøe,0,Region Østdanmark,Nej,Nej
regionsrådsvalg,J. Demokraterne - hele Danmark skal leve,Jesper Morville,0,Region Østdanmark,Nej,Nej
regionsrådsvalg,J. Demokraterne - hele Danmark skal leve,Lasse Larsen,0,Region Østdanmark,Nej,Nej
regionsrådsvalg,J. Demokraterne - hele Danmark skal leve,Lave Knud Broch,0,Region Østdanmark,Nej,Nej
regionsrådsvalg,J. Demokraterne - hele Danmark skal leve,Listestemmer,0,Region Østdanmark,Nej,Nej
regionsrådsvalg,J. Demokraterne - hele Danmark skal leve,Michaell Ravn,0,Region Østdanmark,Nej,Nej
regionsrådsvalg,K. KristenDemokraterne,Anders Friis Knudsen,0,Region Syddanmark,Nej,Nej
regionsrådsvalg,K. KristenDemokraterne,Bjarne Vium Mikkelsen,0,Region Syddanmark,Nej,Nej
regionsrådsvalg,K. KristenDemokraterne,Christian Bjerre,0,Region Syddanmark,Nej,Nej
regionsrådsvalg,K. KristenDemokraterne,Ester Esmarch,0,Region Syddanmark,Nej,Nej
regionsrådsvalg,K. KristenDemokraterne,Hanna-Maria Lyng,0,Region Syddanmark,Nej,Nej
regionsrådsvalg,K. KristenDemokraterne,Jens Chr. Olesen,0,Region Syddanmark,Nej,Nej
regionsrådsvalg,K. KristenDemokraterne,Joakim Viborg Olesen,0,Region Syddanmark,Nej,Nej
regionsrådsvalg,K. KristenDemokraterne,Johannes Latter,0,Region Syddanmark,Nej,Nej
regionsrådsvalg,K. KristenDemokraterne,Karl Heinz Tønder,0,Region Syddanmark,Nej,Nej
regionsrådsvalg,K. KristenDemokraterne,Listestemmer,0,Region Syddanmark,Nej,Nej
regionsrådsvalg,K. KristenDemokraterne,Margit Lund-Cramer,0,Region Syddanmark,Nej,Nej
regionsrådsvalg,K. KristenDemokraterne,Michael Lund Markussen,0,Region Syddanmark,Nej,Nej
regionsrådsvalg,K. KristenDemokraterne,Niclas Aarestrup,0,Region Syddanmark,Nej,Nej
regionsrådsvalg,K. KristenDemokraterne,Paul Erik Planitzer,0,Region Syddanmark,Nej,Nej
regionsrådsvalg,K. KristenDemokraterne,Poul Harald Holm,0,Region Syddanmark,Nej,Nej
regionsrådsvalg,K. KristenDemokraterne,Simon Lavdal,0,Region Syddanmark,Nej,Nej
regionsrådsvalg,K. KristenDemokraterne,Steen Bjerregaard Jørgensen,0,Region Syddanmark,Nej,Nej
regionsrådsvalg,K. Kristendemokraterne,"Anders Kristian Lyng, Hobro",0,Region Nordjylland,Nej,Nej
regionsrådsvalg,K. Kristendemokraterne,"Andreas Müller, Sindal",0,Region Nordjylland,Nej,Nej
regionsrådsvalg,K. Kristendemokraterne,"Anne-Marie Jørgensen, Løgstør",0,Region Nordjylland,Nej,Nej
regionsrådsvalg,K. Kristendemokraterne,Axel Ljungquist,0,Region Østdanmark,Nej,Nej
regionsrådsvalg,K. Kristendemokraterne,"Birgit Jakobsen, Hedensted",0,Region Midtjylland,Nej,Nej
regionsrådsvalg,K. Kristendemokraterne,Bjarne Hartung Kirkegaard,0,Region Østdanmark,Nej,Nej
regionsrådsvalg,K. Kristendemokraterne,"Brian Christensen, Lemvig",0,Region Midtjylland,Nej,Nej
regionsrådsvalg,K. Kristendemokraterne,"Brian T. Andersen, Herning",0,Region Midtjylland,Nej,Nej
regionsrådsvalg,K. Kristendemokraterne,Britta Kristensen,0,Region Østdanmark,Nej,Nej
regionsrådsvalg,K. Kristendemokraterne,"Charlotte Greibe, Hobro",0,Region Nordjylland,Nej,Nej
regionsrådsvalg,K. Kristendemokraterne,Cæcilia Nilsson,0,Region Østdanmark,Nej,Nej
regionsrådsvalg,K. Kristendemokraterne,Eva Guldfred,0,Region Østdanmark,Nej,Nej
regionsrådsvalg,K. Kristendemokraterne,Finn Andersen,0,Region Østdanmark,Nej,Nej
regionsrådsvalg,K. Kristendemokraterne,"Henning B. Mikkelsen, Lemvig",0,Region Midtjylland,Nej,Nej
regionsrådsvalg,K. Kristendemokraterne,"Inge Jensen, Ringkøbing-Skjern",0,Region Midtjylland,Nej,Nej
regionsrådsvalg,K. Kristendemokraterne,"Jakup F. Jacobsen, Fjerritslev",0,Region Nordjylland,Nej,Nej
regionsrådsvalg,K. Kristendemokraterne,"Jens Erik T. Damgaard, Ringkøbing",0,Region Midtjylland,Nej,Nej
regionsrådsvalg,K. Kristendemokraterne,"Jensa Ottosdóttir, Randers",0,Region Midtjylland,Nej,Nej
regionsrådsvalg,K. Kristendemokraterne,Jesper Housgaard,0,Region Østdanmark,Nej,Nej
regionsrådsvalg,K. Kristendemokraterne,"Jesper Veiby, Aalborg",0,Region Nordjylland,Nej,Nej
regionsrådsvalg,K. Kristendemokraterne,Johnnie Gregersen,0,Region Østdanmark,Nej,Nej
regionsrådsvalg,K. Kristendemokraterne,"Jørgen Bjerregaard, Brovst",0,Region Nordjylland,Nej,Nej
regionsrådsvalg,K. Kristendemokraterne,"Karlo Brondbjerg, Herning",0,Region Midtjylland,Nej,Nej
regionsrådsvalg,K. Kristendemokraterne,Kurt Pedersen,0,Region Østdanmark,Nej,Nej
regionsrådsvalg,K. Kristendemokraterne,Listestemmer,0,Region Nordjylland,Nej,Nej
regionsrådsvalg,K. Kristendemokraterne,"Magnus Rothmann, Aalborg",0,Region Nordjylland,Nej,Nej
regionsrådsvalg,K. Kristendemokraterne,"Majbrit P. Rothmann, Aalborg",0,Region Nordjylland,Nej,Nej
regionsrådsvalg,K. Kristendemokraterne,Mogens Riis Pedersen,0,Region Østdanmark,Nej,Nej
regionsrådsvalg,K. Kristendemokraterne,Niels Chresten Andersen,0,Region Østdanmark,Nej,Nej
regionsrådsvalg,K. Kristendemokraterne,"Nils-Erik Thorborg Mulvad, Randers",0,Region Midtjylland,Nej,Nej
regionsrådsvalg,K. Kristendemokraterne,"Palle B. Rosenkilde, Aarhus",0,Region Midtjylland,Nej,Nej
regionsrådsvalg,K. Kristendemokraterne,"Peter Øhrstrøm, Aalborg",0,Region Nordjylland,Nej,Nej
regionsrådsvalg,K. Kristendemokraterne,"Simon Overby Kristensen, Horsens",0,Region Midtjylland,Nej,Nej
regionsrådsvalg,K. Kristendemokraterne,"Sven-Erik Jørgensen, Hinnerup",0,Region Midtjylland,Nej,Nej
regionsrådsvalg,L. Bylisten,Abaz Sabani,0,Region Østdanmark,Nej,Nej
regionsrådsvalg,L. Bylisten,Carsten Bardy Aaen,0,Region Østdanmark,Nej,Nej
regionsrådsvalg,L. Bylisten,Ditte Sieling Emanuel,0,Region Østdanmark,Nej,Nej
regionsrådsvalg,L. Bylisten,Don Winther,0,Region Østdanmark,Nej,Nej
regionsrådsvalg,L. Bylisten,Imad Daher,0,Region Østdanmark,Nej,Nej
regionsrådsvalg,L. Bylisten,Lars Thomsen,0,Region Østdanmark,Nej,Nej
regionsrådsvalg,L. Bylisten,Lise-Lotte Dahlgaard Mortensen,0,Region Østdanmark,Nej,Nej
regionsrådsvalg,L. Bylisten,Listestemmer,0,Region Østdanmark,Nej,Nej
regionsrådsvalg,L. Bylisten,Mette Strange Hagen,0,Region Østdanmark,Nej,Nej
regionsrådsvalg,L. Bylisten,Nicolai Otto Mønsted Hermansen,0,Region Østdanmark,Nej,Nej
regionsrådsvalg,L. Bylisten,Sabine Lind,0,Region Østdanmark,Nej,Nej
regionsrådsvalg,L. Vendelbo-Listen,Anita Storgaard,0,Region Nordjylland,Nej,Nej
regionsrådsvalg,L. Vendelbo-Listen,Anne V. Lauritsen,0,Region Nordjylland,Nej,Nej
regionsrådsvalg,L. Vendelbo-Listen,Asger Trier,0,Region Nordjylland,Nej,Nej
regionsrådsvalg,L. Vendelbo-Listen,Erik Høgh-Sørensen,0,Region Nordjylland,Nej,Nej
regionsrådsvalg,L. Vendelbo-Listen,Frank Jørgensen,0,Region Nordjylland,Nej,Nej
regionsrådsvalg,L. Vendelbo-Listen,Jesper Riis Hansen,0,Region Nordjylland,Nej,Nej
regionsrådsvalg,L. Vendelbo-Listen,John Bjerg,0,Region Nordjylland,Nej,Nej
regionsrådsvalg,L. Vendelbo-Listen,Lindhardt Højen,0,Region Nordjylland,Nej,Nej
regionsrådsvalg,L. Vendelbo-Listen,Listestemmer,0,Region Nordjylland,Nej,Nej
regionsrådsvalg,L. Vendelbo-Listen,Marthin Stadsvold,0,Region Nordjylland,Nej,Nej
regionsrådsvalg,L. Vendelbo-Listen,Ove Birk,0,Region Nordjylland,Nej,Nej
regionsrådsvalg,L. Vendelbo-Listen,Søren Pagh Albers,0,Region Nordjylland,Nej,Nej
regionsrådsvalg,L. Vendelbo-Listen,Tania Lange,0,Region Nordjylland,Nej,Nej
regionsrådsvalg,M. Moderaterne,Abdinoor Adam Hassan,0,Region Syddanmark,Nej,Nej
regionsrådsvalg,M. Moderaterne,Allan Sørensen,0,Region Syddanmark,Nej,Nej
regionsrådsvalg,M. Moderaterne,Andreas Lausen,0,Region Syddanmark,Nej,Nej
regionsrådsvalg,M. Moderaterne,Andreas Møller,0,Region Syddanmark,Nej,Nej
regionsrådsvalg,M. Moderaterne,"Andreas Raben, København",0,Region Østdanmark,Nej,Nej
regionsrådsvalg,M. Moderaterne,Andreas Simonsen Sinding,0,Region Syddanmark,Nej,Nej
regionsrådsvalg,M. Moderaterne,Bent Olsen,0,Region Syddanmark,Nej,Nej
regionsrådsvalg,M. Moderaterne,"Bergur Løkke Rasmussen, Helsingør",0,Region Østdanmark,Nej,Nej
regionsrådsvalg,M. Moderaterne,Bjarne Block,0,Region Syddanmark,Nej,Nej
regionsrådsvalg,M. Moderaterne,Camilla Schuster Nygaard,0,Region Syddanmark,Nej,Nej
regionsrådsvalg,M. Moderaterne,"Charlotte Bagge, Stege",0,Region Østdanmark,Nej,Nej
regionsrådsvalg,M. Moderaterne,"Deniz Kücükavci, Herlev",0,Region Østdanmark,Nej,Nej
regionsrådsvalg,M. Moderaterne,Dennis Soleymani,0,Region Syddanmark,Nej,Nej
regionsrådsvalg,M. Moderaterne,Ditte Ravn Kaagaard,0,Region Nordjylland,Nej,Nej
regionsrådsvalg,M. Moderaterne,"Dorthe Beck-Nyling, København",0,Region Østdanmark,Nej,Nej
regionsrådsvalg,M. Moderaterne,"Emin Bülent Kaya, Køge",0,Region Østdanmark,Nej,Nej
regionsrådsvalg,M. Moderaterne,"Erik Moesby Nordstrøm, Furesø",0,Region Østdanmark,Nej,Nej
regionsrådsvalg,M. Moderaterne,Evis Sadikaj,0,Region Syddanmark,Nej,Nej
regionsrådsvalg,M. Moderaterne,Flemming Jahns,0,Region Syddanmark,Nej,Nej
regionsrådsvalg,M. Moderaterne,Hans-Jørgen Jagd,0,Region Syddanmark,Nej,Nej
regionsrådsvalg,M. Moderaterne,Henrik Rejnholt Andersen,0,Region Midtjylland,Nej,Nej
regionsrådsvalg,M. Moderaterne,Ida Lildballe,0,Region Syddanmark,Nej,Nej
regionsrådsvalg,M. Moderaterne,Ivar Nørlund,0,Region Syddanmark,Nej,Nej
regionsrådsvalg,M. Moderaterne,"Jan Carlsen, Roskilde",0,Region Østdanmark,Nej,Nej
regionsrådsvalg,M. Moderaterne,"Jeanette Vedelstjerne, Lyngby-Taarbæk",0,Region Østdanmark,Nej,Nej
regionsrådsvalg,M. Moderaterne,Jens Winther,0,Region Midtjylland,Nej,Nej
regionsrådsvalg,M. Moderaterne,Jeppe von Berg,0,Region Midtjylland,Nej,Nej
regionsrådsvalg,M. Moderaterne,Johnni Winther,0,Region Nordjylland,Nej,Nej
regionsrådsvalg,M. Moderaterne,"Josée Linnemann, Fredensborg",0,Region Østdanmark,Nej,Nej
regionsrådsvalg,M. Moderaterne,Jørgen Steen Hansen,0,Region Syddanmark,Nej,Nej
regionsrådsvalg,M. Moderaterne,Kamila Holt,0,Region Syddanmark,Nej,Nej
regionsrådsvalg,M. Moderaterne,Karl Peter Warming,0,Region Syddanmark,Nej,Nej
regionsrådsvalg,M. Moderaterne,Kasper-Peder Von Bach,0,Region Syddanmark,Nej,Nej
regionsrådsvalg,M. Moderaterne,"Klavs A. Holm, Hellerup",0,Region Østdanmark,Nej,Nej
regionsrådsvalg,M. Moderaterne,"Kurt Pii, Frederiksberg",0,Region Østdanmark,Nej,Nej
regionsrådsvalg,M. Moderaterne,"Lars Lindskov, Roskilde",0,Region Østdanmark,Nej,Nej
regionsrådsvalg,M. Moderaterne,Laura Jensen,0,Region Nordjylland,Nej,Nej
regionsrådsvalg,M. Moderaterne,Lene Bach Nørgaard,0,Region Midtjylland,Nej,Nej
regionsrådsvalg,M. Moderaterne,"Lisbeth Dam Larsen, Dragør",0,Region Østdanmark,Nej,Nej
regionsrådsvalg,M. Moderaterne,Listestemmer,0,Region Nordjylland,Nej,Nej
regionsrådsvalg,M. Moderaterne,Lone Hansen,0,Region Syddanmark,Nej,Nej
regionsrådsvalg,M. Moderaterne,"Mads Søe Daugaard, Kalundborg",0,Region Østdanmark,Nej,Nej
regionsrådsvalg,M. Moderaterne,Maria Falk Røjsmose,0,Region Syddanmark,Nej,Nej
regionsrådsvalg,M. Moderaterne,"Mia Linda Møller, Næstved",0,Region Østdanmark,Nej,Nej
regionsrådsvalg,M. Moderaterne,Morten Arvidsson,0,Region Nordjylland,Nej,Nej
regionsrådsvalg,M. Moderaterne,Morten Hell,0,Region Syddanmark,Nej,Nej
regionsrådsvalg,M. Moderaterne,Nikolaj C. Andersen,0,Region Nordjylland,Nej,Nej
regionsrådsvalg,M. Moderaterne,Ole J. J. Jensen,0,Region Syddanmark,Nej,Nej
regionsrådsvalg,M. Moderaterne,Paw Rytter,0,Region Nordjylland,Nej,Nej
regionsrådsvalg,M. Moderaterne,Poul Holm Christensen,0,Region Midtjylland,Nej,Nej
regionsrådsvalg,M. Moderaterne,Preben Thorsen,0,Region Syddanmark,Nej,Nej
regionsrådsvalg,M. Moderaterne,"Rasmus Abrahamsen, Greve",0,Region Østdanmark,Nej,Nej
regionsrådsvalg,M. Moderaterne,"Rasmus Lund-Nielsen, Gladsaxe",0,Region Østdanmark,Nej,Nej
regionsrådsvalg,M. Moderaterne,"Rasmus Meggele Stein, Stevns",0,Region Østdanmark,Nej,Nej
regionsrådsvalg,M. Moderaterne,"René Arnt, Taastrup",0,Region Østdanmark,Nej,Nej
regionsrådsvalg,M. Moderaterne,Rikke Kirstine Lomholt,0,Region Nordjylland,Nej,Nej
regionsrådsvalg,M. Moderaterne,Smita Salagare,0,Region Syddanmark,Nej,Nej
regionsrådsvalg,M. Moderaterne,Sten Larsen,0,Region Midtjylland,Nej,Nej
regionsrådsvalg,M. Moderaterne,Søren Boje Arvidsen,0,Region Midtjylland,Nej,Nej
regionsrådsvalg,M. Moderaterne,"Søren Hyldgaard, Rudersdal",0,Region Østdanmark,Nej,Nej
regionsrådsvalg,M. Moderaterne,Søren Vanting,0,Region Midtjylland,Nej,Nej
regionsrådsvalg,M. Moderaterne,Thomas Kramer,0,Region Syddanmark,Nej,Nej
regionsrådsvalg,M. Moderaterne,Thue Uhre Lauridsen,0,Region Syddanmark,Nej,Nej
regionsrådsvalg,M. Moderaterne,Uffe Bie,0,Region Midtjylland,Nej,Nej
regionsrådsvalg,M. Moderaterne,Vibeke Henriksen,0,Region Syddanmark,Nej,Nej
regionsrådsvalg,M. Moderaterne,"Zishan Ali, Ballerup",0,Region Østdanmark,Nej,Nej
regionsrådsvalg,N. Nyt Sjælland,"Annelise Madsen, Ishøj",0,Region Østdanmark,Nej,Nej
regionsrådsvalg,N. Nyt Sjælland,"Bachir Belmajdoub, København",0,Region Østdanmark,Nej,Nej
regionsrådsvalg,N. Nyt Sjælland,"Benny Hansen, Ishøj",0,Region Østdanmark,Nej,Nej
regionsrådsvalg,N. Nyt Sjælland,"Eva Fotland, København",0,Region Østdanmark,Nej,Nej
regionsrådsvalg,N. Nyt Sjælland,"Katrine Ehlern, København",0,Region Østdanmark,Nej,Nej
regionsrådsvalg,N. Nyt Sjælland,"Knud Rasmussen, Solrød",0,Region Østdanmark,Nej,Nej
regionsrådsvalg,N. Nyt Sjælland,"Liselott Blixt, Greve",0,Region Østdanmark,Nej,Nej
regionsrådsvalg,N. Nyt Sjælland,Listestemmer,0,Region Østdanmark,Nej,Nej
regionsrådsvalg,N. Nyt Sjælland,"Malene Holm, København",0,Region Østdanmark,Nej,Nej
regionsrådsvalg,O. Dansk Folkeparti,Allan Blak,0,Region Østdanmark,Nej,Nej
regionsrådsvalg,O. Dansk Folkeparti,"Allan Svendsen, Tønder",0,Region Syddanmark,Nej,Nej
regionsrådsvalg,O. Dansk Folkeparti,Allan Øster Steensen,0,Region Østdanmark,Nej,Nej
regionsrådsvalg,O. Dansk Folkeparti,Anette Skafte,0,Region Østdanmark,Nej,Nej
regionsrådsvalg,O. Dansk Folkeparti,"Anne Mette Mortensen, Aalborg",0,Region Nordjylland,Nej,Nej
regionsrådsvalg,O. Dansk Folkeparti,"Anne Møllegaard Mortensen, Faaborg-Midtfyn",0,Region Syddanmark,Nej,Nej
regionsrådsvalg,O. Dansk Folkeparti,"Arne Hyldgaard, Hjørring",0,Region Nordjylland,Nej,Nej
regionsrådsvalg,O. Dansk Folkeparti,Auli Romanow,0,Region Østdanmark,Nej,Nej
regionsrådsvalg,O. Dansk Folkeparti,"Beatrice W. Korsholm, Horsens",0,Region Midtjylland,Nej,Nej
regionsrådsvalg,O. Dansk Folkeparti,"Bo H. Hollænder, Bramming",0,Region Syddanmark,Nej,Nej
regionsrådsvalg,O. Dansk Folkeparti,"Bodil Lilliegaard, Rudkøbing",0,Region Syddanmark,Nej,Nej
regionsrådsvalg,O. Dansk Folkeparti,"Carsten Sørensen, Odense",0,Region Syddanmark,Nej,Nej
regionsrådsvalg,O. Dansk Folkeparti,"Charlotte Aaby, Silkeborg",0,Region Midtjylland,Nej,Nej
regionsrådsvalg,O. Dansk Folkeparti,"Danny Rosenkilde, Flauenskjold",0,Region Nordjylland,Nej,Nej
regionsrådsvalg,O. Dansk Folkeparti,David Gerschwald,0,Region Østdanmark,Nej,Nej
regionsrådsvalg,O. Dansk Folkeparti,"Elsebeth Bertignol, Varde",0,Region Syddanmark,Nej,Nej
regionsrådsvalg,O. Dansk Folkeparti,"Emely Wind Thomsen, Gråsten",0,Region Syddanmark,Nej,Nej
regionsrådsvalg,O. Dansk Folkeparti,"Emma Houe Mølgaard, Hobro",0,Region Nordjylland,Nej,Nej
regionsrådsvalg,O. Dansk Folkeparti,"Eva Terndrup, Lindelse",0,Region Syddanmark,Nej,Nej
regionsrådsvalg,O. Dansk Folkeparti,"Finn Brostrup, Ikast-Brande",0,Region Midtjylland,Nej,Nej
regionsrådsvalg,O. Dansk Folkeparti,"Frank Mikkelsen, Grindsted",0,Region Syddanmark,Nej,Nej
regionsrådsvalg,O. Dansk Folkeparti,"Frank Rune Kristensen Nielsen, Skanderborg",0,Region Midtjylland,Nej,Nej
regionsrådsvalg,O. Dansk Folkeparti,"Frode Larsen, Vrå",0,Region Nordjylland,Nej,Nej
regionsrådsvalg,O. Dansk Folkeparti,Gert Løfgren,0,Region Østdanmark,Nej,Nej
regionsrådsvalg,O. Dansk Folkeparti,Githa Nelander,0,Region Østdanmark,Nej,Nej
regionsrådsvalg,O. Dansk Folkeparti,"Hans-Christian Gjerlevsen, Aabenraa",0,Region Syddanmark,Nej,Nej
regionsrådsvalg,O. Dansk Folkeparti,"Henrik Ræder Clausen, Aarhus",0,Region Midtjylland,Nej,Nej
regionsrådsvalg,O. Dansk Folkeparti,"Ib Madsen, Brovst",0,Region Nordjylland,Nej,Nej
regionsrådsvalg,O. Dansk Folkeparti,"Ib Poulsen, Thisted",0,Region Nordjylland,Nej,Nej
regionsrådsvalg,O. Dansk Folkeparti,"Ib Østenkær, Hjørring",0,Region Nordjylland,Nej,Nej
regionsrådsvalg,O. Dansk Folkeparti,Jan Erik Messmann,0,Region Østdanmark,Nej,Nej
regionsrådsvalg,O. Dansk Folkeparti,Jan Herskov,0,Region Østdanmark,Nej,Nej
regionsrådsvalg,O. Dansk Folkeparti,"Jens Kannegaard Lundager, Djursland",0,Region Midtjylland,Nej,Nej
regionsrådsvalg,O. Dansk Folkeparti,"Jensi Tharsika Thangarajah, Aarhus",0,Region Midtjylland,Nej,Nej
regionsrådsvalg,O. Dansk Folkeparti,"Jesper Flensted, Hedensted",0,Region Midtjylland,Nej,Nej
regionsrådsvalg,O. Dansk Folkeparti,"Jette Julius Kristiansen, Aabenraa",0,Region Syddanmark,Nej,Nej
regionsrådsvalg,O. Dansk Folkeparti,Jette Juul,0,Region Østdanmark,Nej,Nej
regionsrådsvalg,O. Dansk Folkeparti,"Jim Zakaria, Vejen",0,Region Syddanmark,Nej,Nej
regionsrådsvalg,O. Dansk Folkeparti,John Vind,0,Region Østdanmark,Nej,Nej
regionsrådsvalg,O. Dansk Folkeparti,"Johnny Christensen, Nibe",0,Region Nordjylland,Nej,Nej
regionsrådsvalg,O. Dansk Folkeparti,"Josephine Alstrup Kofod, Haderslev",0,Region Syddanmark,Nej,Nej
regionsrådsvalg,O. Dansk Folkeparti,Julie Jacobsen,0,Region Østdanmark,Nej,Nej
regionsrådsvalg,O. Dansk Folkeparti,"Jørgen Hammer Sørensen, Hobro",0,Region Nordjylland,Nej,Nej
regionsrådsvalg,O. Dansk Folkeparti,"Kent Larsen, Nyborg",0,Region Syddanmark,Nej,Nej
regionsrådsvalg,O. Dansk Folkeparti,"Kim Andkjær Doberck, Kruså",0,Region Syddanmark,Nej,Nej
regionsrådsvalg,O. Dansk Folkeparti,"Kirsten Gaulshøj, Esbjerg",0,Region Syddanmark,Nej,Nej
regionsrådsvalg,O. Dansk Folkeparti,"Knud Nielsen, Herning",0,Region Midtjylland,Nej,Nej
regionsrådsvalg,O. Dansk Folkeparti,Kristian Tørning,0,Region Østdanmark,Nej,Nej
regionsrådsvalg,O. Dansk Folkeparti,"Lars Kolling, Assens",0,Region Syddanmark,Nej,Nej
regionsrådsvalg,O. Dansk Folkeparti,Listestemmer,0,Region Nordjylland,Nej,Nej
regionsrådsvalg,O. Dansk Folkeparti,"Lone Kiilerich, Kerteminde",0,Region Syddanmark,Nej,Nej
regionsrådsvalg,O. Dansk Folkeparti,"Lone Langballe, Viborg",0,Region Midtjylland,Nej,Nej
regionsrådsvalg,O. Dansk Folkeparti,"Majbritt Birkholm, Holstebro",0,Region Midtjylland,Nej,Nej
regionsrådsvalg,O. Dansk Folkeparti,"Maria Weisbjerg, Faaborg",0,Region Syddanmark,Nej,Nej
regionsrådsvalg,O. Dansk Folkeparti,"Marianne Jäger, Nørre Højrup",0,Region Syddanmark,Nej,Nej
regionsrådsvalg,O. Dansk Folkeparti,"Marianne Mix, Svendborg",0,Region Syddanmark,Nej,Nej
regionsrådsvalg,O. Dansk Folkeparti,Martin Rosbjørn,0,Region Østdanmark,Nej,Nej
regionsrådsvalg,O. Dansk Folkeparti,Mikkel Hartwich,0,Region Østdanmark,Nej,Nej
regionsrådsvalg,O. Dansk Folkeparti,Nana Harring,0,Region Østdanmark,Nej,Nej
regionsrådsvalg,O. Dansk Folkeparti,"Natascha Strüwing, Tønder",0,Region Syddanmark,Nej,Nej
regionsrådsvalg,O. Dansk Folkeparti,Nickolai Hamann,0,Region Østdanmark,Nej,Nej
regionsrådsvalg,O. Dansk Folkeparti,"Nicolai Estrup, Randers",0,Region Midtjylland,Nej,Nej
regionsrådsvalg,O. Dansk Folkeparti,"Per Hyldig, Hjørring",0,Region Nordjylland,Nej,Nej
regionsrådsvalg,O. Dansk Folkeparti,"Pernille Mai Brylle, Tønder",0,Region Syddanmark,Nej,Nej
regionsrådsvalg,O. Dansk Folkeparti,"Peter Kofod, Haderslev",0,Region Syddanmark,Nej,Nej
regionsrådsvalg,O. Dansk Folkeparti,"Peter Mousten, Skive",0,Region Midtjylland,Nej,Nej
regionsrådsvalg,O. Dansk Folkeparti,Pia Kjærsgaard,0,Region Østdanmark,Nej,Nej
regionsrådsvalg,O. Dansk Folkeparti,René Danielsson,0,Region Østdanmark,Nej,Nej
regionsrådsvalg,O. Dansk Folkeparti,"Rune Bønnelykke, Vejle",0,Region Syddanmark,Nej,Nej
regionsrådsvalg,O. Dansk Folkeparti,"Signe Vedersø Keldorff, Odense",0,Region Syddanmark,Nej,Nej
regionsrådsvalg,O. Dansk Folkeparti,Steen Løfstrøm,0,Region Østdanmark,Nej,Nej
regionsrådsvalg,O. Dansk Folkeparti,"Steffen Daugaard, Middelfart",0,Region Syddanmark,Nej,Nej
regionsrådsvalg,O. Dansk Folkeparti,"Susanne Eilersen, Fredericia",0,Region Syddanmark,Nej,Nej
regionsrådsvalg,O. Dansk Folkeparti,"Søren Boel Olesen, Holstebro",0,Region Midtjylland,Nej,Nej
regionsrådsvalg,O. Dansk Folkeparti,Søren Lund Hansen,0,Region Østdanmark,Nej,Nej
regionsrådsvalg,O. Dansk Folkeparti,"Søren Rasmussen, Kolding",0,Region Syddanmark,Nej,Nej
regionsrådsvalg,O. Dansk Folkeparti,Søsser Grønnegård,0,Region Østdanmark,Nej,Nej
regionsrådsvalg,O. Dansk Folkeparti,"Tenna Røberg, Aarhus",0,Region Midtjylland,Nej,Nej
regionsrådsvalg,O. Dansk Folkeparti,"Thies Mathiasen, Haderslev",0,Region Syddanmark,Nej,Nej
regionsrådsvalg,O. Dansk Folkeparti,"Thomas Hjort, Frederikshavn",0,Region Nordjylland,Nej,Nej
regionsrådsvalg,O. Dansk Folkeparti,"Thomas Kastrup Christensen, Aarhus",0,Region Midtjylland,Nej,Nej
regionsrådsvalg,O. Dansk Folkeparti,"Thomas Storm, Tårs",0,Region Nordjylland,Nej,Nej
regionsrådsvalg,O. Dansk Folkeparti,"Tina Ostersen, Brande",0,Region Midtjylland,Nej,Nej
regionsrådsvalg,O. Dansk Folkeparti,"Tobias Brus Mikkelsen, Sønderborg",0,Region Syddanmark,Nej,Nej
regionsrådsvalg,P. DKP - Kommunisterne,B. Tscherning,0,Region Østdanmark,Nej,Nej
regionsrådsvalg,P. DKP - Kommunisterne,Hans Nielsen,0,Region Østdanmark,Nej,Nej
regionsrådsvalg,P. DKP - Kommunisterne,Kim W. Bilfeldt,0,Region Østdanmark,Nej,Nej
regionsrådsvalg,P. DKP - Kommunisterne,Lars Emanuel,0,Region Østdanmark,Nej,Nej
regionsrådsvalg,P. DKP - Kommunisterne,Listestemmer,0,Region Østdanmark,Nej,Nej
regionsrådsvalg,P. DKP - Kommunisterne,Rikke Galina Frydensbjerg Carlsson,0,Region Østdanmark,Nej,Nej
regionsrådsvalg,P. DKP - Kommunisterne,Sine Bilfeldt,0,Region Østdanmark,Nej,Nej
regionsrådsvalg,P. Psykiatri-Listen,"Colin Bradley, Lystrup",0,Region Midtjylland,Nej,Nej
regionsrådsvalg,P. Psykiatri-Listen,"Knud Kristensen, Risskov",0,Region Midtjylland,Nej,Nej
regionsrådsvalg,P. Psykiatri-Listen,"Lea Grey Haller, Åbyhøj",0,Region Midtjylland,Nej,Nej
regionsrådsvalg,P. Psykiatri-Listen,Listestemmer,0,Region Midtjylland,Nej,Nej
regionsrådsvalg,P. Psykiatri-Listen,"Rose-Marie Mollerup, Hjortshøj",0,Region Midtjylland,Nej,Nej
regionsrådsvalg,P. Psykiatri-Listen,"Tine Holm, Aarhus N",0,Region Midtjylland,Nej,Nej
regionsrådsvalg,R. Folkelisten for fred og velfærd,"Emil Boost, Aarhus",0,Region Midtjylland,Nej,Nej
regionsrådsvalg,R. Folkelisten for fred og velfærd,"Heidi Rud, Herning",0,Region Midtjylland,Nej,Nej
regionsrådsvalg,R. Folkelisten for fred og velfærd,"Henrik Stamer Hedin, Ry",0,Region Midtjylland,Nej,Nej
regionsrådsvalg,R. Folkelisten for fred og velfærd,"Inge Høgh, Silkeborg",0,Region Midtjylland,Nej,Nej
regionsrådsvalg,R. Folkelisten for fred og velfærd,"Jacob Olesen, Herning",0,Region Midtjylland,Nej,Nej
regionsrådsvalg,R. Folkelisten for fred og velfærd,"Jan Sylvest Andersen, Aarhus",0,Region Midtjylland,Nej,Nej
regionsrådsvalg,R. Folkelisten for fred og velfærd,"Johannes Pilgaard, Struer",0,Region Midtjylland,Nej,Nej
regionsrådsvalg,R. Folkelisten for fred og velfærd,"Karina Dammand, Aarhus",0,Region Midtjylland,Nej,Nej
regionsrådsvalg,R. Folkelisten for fred og velfærd,Listestemmer,0,Region Midtjylland,Nej,Nej
regionsrådsvalg,R. Folkelisten for fred og velfærd,"Per Møller Jacobsen, Herning",0,Region Midtjylland,Nej,Nej
regionsrådsvalg,R. Folkelisten for fred og velfærd,"Per Nielsen, Aarhus",0,Region Midtjylland,Nej,Nej
regionsrådsvalg,R. Folkelisten for fred og velfærd,"Sie Grubbe, Ry",0,Region Midtjylland,Nej,Nej
regionsrådsvalg,R. Folkelisten for fred og velfærd,"Tommy Christensen, Struer",0,Region Midtjylland,Nej,Nej
regionsrådsvalg,R. Kommunistisk Parti,Angus Skov Axelsen,0,Region Syddanmark,Nej,Nej
regionsrådsvalg,R. Kommunistisk Parti,Baltser Andersen,0,Region Syddanmark,Nej,Nej
regionsrådsvalg,R. Kommunistisk Parti,Christian Træholt,0,Region Syddanmark,Nej,Nej
regionsrådsvalg,R. Kommunistisk Parti,"Claus Carlsen, Roskilde",0,Region Østdanmark,Nej,Nej
regionsrådsvalg,R. Kommunistisk Parti,"Kim Lykkegaard, København N",0,Region Østdanmark,Nej,Nej
regionsrådsvalg,R. Kommunistisk Parti,"Klara Poder, Rødovre",0,Region Østdanmark,Nej,Nej
regionsrådsvalg,R. Kommunistisk Parti,Listestemmer,0,Region Syddanmark,Nej,Nej
regionsrådsvalg,R. Kommunistisk Parti,"Magnus Mørk, Hårlev",0,Region Østdanmark,Nej,Nej
regionsrådsvalg,R. Kommunistisk Parti,Mathias Rothausen,0,Region Syddanmark,Nej,Nej
regionsrådsvalg,R. Kommunistisk Parti,"Niklas Svenningsen, Nivå",0,Region Østdanmark,Nej,Nej
regionsrådsvalg,R. Kommunistisk Parti,"Ravin Gomei, Roskilde",0,Region Østdanmark,Nej,Nej
regionsrådsvalg,R. Kommunistisk Parti,"Rosa Mørch Jørgensen, København S",0,Region Østdanmark,Nej,Nej
regionsrådsvalg,R. Kommunistisk Parti,"Rune Jørgensen, København Ø",0,Region Østdanmark,Nej,Nej
regionsrådsvalg,R. Kommunistisk Parti,Tobias Christensen,0,Region Syddanmark,Nej,Nej
regionsrådsvalg,R. Kommunistisk Parti,Troels Lillegaard,0,Region Syddanmark,Nej,Nej
regionsrådsvalg,T. Sydhavslisten,Karen Esmark Hansen,0,Region Østdanmark,Nej,Nej
regionsrådsvalg,T. Sydhavslisten,Kasper Ibsen,0,Region Østdanmark,Nej,Nej
regionsrådsvalg,T. Sydhavslisten,Listestemmer,0,Region Østdanmark,Nej,Nej
regionsrådsvalg,"U. Alliancen for Børnene, Ungdommen og Fremtiden",Flemming Blicher,0,Region Østdanmark,Nej,Nej
regionsrådsvalg,"U. Alliancen for Børnene, Ungdommen og Fremtiden",Henrik Vendelbo Petersen,0,Region Østdanmark,Nej,Nej
regionsrådsvalg,"U. Alliancen for Børnene, Ungdommen og Fremtiden",Listestemmer,0,Region Østdanmark,Nej,Nej
regionsrådsvalg,"U. Alliancen for Børnene, Ungdommen og Fremtiden",Markus Hvass,0,Region Østdanmark,Nej,Nej
regionsrådsvalg,"V. Venstre, Danmarks Liberale Parti","Allan Emiliussen, Haderslev",0,Region Syddanmark,Nej,Nej
regionsrådsvalg,"V. Venstre, Danmarks Liberale Parti","Anders G. Christensen, Favrskov",0,Region Midtjylland,Nej,Nej
regionsrådsvalg,"V. Venstre, Danmarks Liberale Parti","Anders Koefoed, Slagelse",0,Region Østdanmark,Nej,Nej
regionsrådsvalg,"V. Venstre, Danmarks Liberale Parti","Anders Rydahl-Jensen, Hjørring",0,Region Nordjylland,Nej,Nej
regionsrådsvalg,"V. Venstre, Danmarks Liberale Parti","Anja Lund, Nordfyn",0,Region Syddanmark,Nej,Nej
regionsrådsvalg,"V. Venstre, Danmarks Liberale Parti","Anne Honoré Østergaard, Aalborg Kommune",0,Region Nordjylland,Nej,Nej
regionsrådsvalg,"V. Venstre, Danmarks Liberale Parti","Annette Bolvig, Hedensted",0,Region Midtjylland,Nej,Nej
regionsrådsvalg,"V. Venstre, Danmarks Liberale Parti","Annette Lundgaard, Billund",0,Region Syddanmark,Nej,Nej
regionsrådsvalg,"V. Venstre, Danmarks Liberale Parti","Arne Lægaard, Skanderborg",0,Region Midtjylland,Nej,Nej
regionsrådsvalg,"V. Venstre, Danmarks Liberale Parti","Bent B. Graversen, Lemvig",0,Region Midtjylland,Nej,Nej
regionsrådsvalg,"V. Venstre, Danmarks Liberale Parti","Bent Jensen, Silkeborg",0,Region Midtjylland,Nej,Nej
regionsrådsvalg,"V. Venstre, Danmarks Liberale Parti","Bent Jørgensen, Roskilde",0,Region Østdanmark,Nej,Nej
regionsrådsvalg,"V. Venstre, Danmarks Liberale Parti","Bente Bendix, Varde",0,Region Syddanmark,Nej,Nej
regionsrådsvalg,"V. Venstre, Danmarks Liberale Parti","Betina Dich Skipper, Assens",0,Region Syddanmark,Nej,Nej
regionsrådsvalg,"V. Venstre, Danmarks Liberale Parti","Birte Markfoged, Skive",0,Region Midtjylland,Nej,Nej
regionsrådsvalg,"V. Venstre, Danmarks Liberale Parti","Birthe Skovgård, Faaborg-Midtfyn",0,Region Syddanmark,Nej,Nej
regionsrådsvalg,"V. Venstre, Danmarks Liberale Parti","Bjarne Kongsted, Holbæk",0,Region Østdanmark,Nej,Nej
regionsrådsvalg,"V. Venstre, Danmarks Liberale Parti","Bo Libergren, Odense",0,Region Syddanmark,Nej,Nej
regionsrådsvalg,"V. Venstre, Danmarks Liberale Parti","Brian Vittrup, Kolding",0,Region Syddanmark,Nej,Nej
regionsrådsvalg,"V. Venstre, Danmarks Liberale Parti","Bruno Hansen, Herning",0,Region Midtjylland,Nej,Nej
regionsrådsvalg,"V. Venstre, Danmarks Liberale Parti","Camilla Eva Hallenberg, Vejle",0,Region Syddanmark,Nej,Nej
regionsrådsvalg,"V. Venstre, Danmarks Liberale Parti","Camilla Hove Lund, Holbæk",0,Region Østdanmark,Nej,Nej
regionsrådsvalg,"V. Venstre, Danmarks Liberale Parti","Caroline Amena Lauritsen, Odense",0,Region Syddanmark,Nej,Nej
regionsrådsvalg,"V. Venstre, Danmarks Liberale Parti","Christian Wikström, Hørsholm",0,Region Østdanmark,Nej,Nej
regionsrådsvalg,"V. Venstre, Danmarks Liberale Parti","Christine Dal Thrane, Lyngby-Taarbæk",0,Region Østdanmark,Nej,Nej
regionsrådsvalg,"V. Venstre, Danmarks Liberale Parti","Cille Egholm, København",0,Region Østdanmark,Nej,Nej
regionsrådsvalg,"V. Venstre, Danmarks Liberale Parti","Claus Bakke, Vordingborg",0,Region Østdanmark,Nej,Nej
regionsrådsvalg,"V. Venstre, Danmarks Liberale Parti","Claus Buch, København NV",0,Region Østdanmark,Nej,Nej
regionsrådsvalg,"V. Venstre, Danmarks Liberale Parti","Claus Ljungberg Jørgensen, København",0,Region Østdanmark,Nej,Nej
regionsrådsvalg,"V. Venstre, Danmarks Liberale Parti","Claus Rasmussen, Albertslund",0,Region Østdanmark,Nej,Nej
regionsrådsvalg,"V. Venstre, Danmarks Liberale Parti","Diana Kjærulff, Aalborg",0,Region Nordjylland,Nej,Nej
regionsrådsvalg,"V. Venstre, Danmarks Liberale Parti","Dorte Holm Hansen, Odsherred",0,Region Østdanmark,Nej,Nej
regionsrådsvalg,"V. Venstre, Danmarks Liberale Parti","Dorthe Adelsbech, Faxe",0,Region Østdanmark,Nej,Nej
regionsrådsvalg,"V. Venstre, Danmarks Liberale Parti","Emil Hoffmann Madsen, Fanø",0,Region Syddanmark,Nej,Nej
regionsrådsvalg,"V. Venstre, Danmarks Liberale Parti","Emil M.D. Christensen, Aarhus",0,Region Midtjylland,Nej,Nej
regionsrådsvalg,"V. Venstre, Danmarks Liberale Parti","Flemming Damgaard Larsen, Lejre",0,Region Østdanmark,Nej,Nej
regionsrådsvalg,"V. Venstre, Danmarks Liberale Parti","Frederik Edelskov, Sønderborg",0,Region Syddanmark,Nej,Nej
regionsrådsvalg,"V. Venstre, Danmarks Liberale Parti","Frits Danielsen, Dronninglund",0,Region Nordjylland,Nej,Nej
regionsrådsvalg,"V. Venstre, Danmarks Liberale Parti","Gert Biilmann, Herlev",0,Region Østdanmark,Nej,Nej
regionsrådsvalg,"V. Venstre, Danmarks Liberale Parti","Gert Jensen, Glostrup",0,Region Østdanmark,Nej,Nej
regionsrådsvalg,"V. Venstre, Danmarks Liberale Parti","Gitte Frederiksen, Vejle",0,Region Syddanmark,Nej,Nej
regionsrådsvalg,"V. Venstre, Danmarks Liberale Parti","Gunnar Sumberg, Gladsaxe",0,Region Østdanmark,Nej,Nej
regionsrådsvalg,"V. Venstre, Danmarks Liberale Parti","Hans Mortensen, Esbjerg",0,Region Syddanmark,Nej,Nej
regionsrådsvalg,"V. Venstre, Danmarks Liberale Parti","Hans Skou, Aarhus",0,Region Midtjylland,Nej,Nej
regionsrådsvalg,"V. Venstre, Danmarks Liberale Parti","Helle Barth, Dragør",0,Region Østdanmark,Nej,Nej
regionsrådsvalg,"V. Venstre, Danmarks Liberale Parti","Helle Lausten, Aabenraa",0,Region Syddanmark,Nej,Nej
regionsrådsvalg,"V. Venstre, Danmarks Liberale Parti","Henrik Engedahl, Ikast-Brande",0,Region Midtjylland,Nej,Nej
regionsrådsvalg,"V. Venstre, Danmarks Liberale Parti","Henrik Hjortshøj, Aarhus",0,Region Midtjylland,Nej,Nej
regionsrådsvalg,"V. Venstre, Danmarks Liberale Parti","Ib Bjerregaard, Viborg",0,Region Midtjylland,Nej,Nej
regionsrådsvalg,"V. Venstre, Danmarks Liberale Parti","Iben Krog, København",0,Region Østdanmark,Nej,Nej
regionsrådsvalg,"V. Venstre, Danmarks Liberale Parti","Ilka Daniel, Norddjurs",0,Region Midtjylland,Nej,Nej
regionsrådsvalg,"V. Venstre, Danmarks Liberale Parti","Jakob Dyrman, Vesthimmerland",0,Region Nordjylland,Nej,Nej
regionsrådsvalg,"V. Venstre, Danmarks Liberale Parti","Jan Andersen, Mariagerfjord",0,Region Nordjylland,Nej,Nej
regionsrådsvalg,"V. Venstre, Danmarks Liberale Parti","Jan Buus Larsen, Randers",0,Region Midtjylland,Nej,Nej
regionsrådsvalg,"V. Venstre, Danmarks Liberale Parti","Jan Lagoni, Esbjerg",0,Region Syddanmark,Nej,Nej
regionsrådsvalg,"V. Venstre, Danmarks Liberale Parti","Jan Strandhave, Svendborg",0,Region Syddanmark,Nej,Nej
regionsrådsvalg,"V. Venstre, Danmarks Liberale Parti","Jens Kristian Hedegaard, Holstebro",0,Region Midtjylland,Nej,Nej
regionsrådsvalg,"V. Venstre, Danmarks Liberale Parti","Jens Wistoft, Aabenraa",0,Region Syddanmark,Nej,Nej
regionsrådsvalg,"V. Venstre, Danmarks Liberale Parti","Jens-Kristian Lütken, København",0,Region Østdanmark,Nej,Nej
regionsrådsvalg,"V. Venstre, Danmarks Liberale Parti","Jesper Hammer, Fredensborg",0,Region Østdanmark,Nej,Nej
regionsrådsvalg,"V. Venstre, Danmarks Liberale Parti","Jess V. Laursen, Mariagerfjord",0,Region Nordjylland,Nej,Nej
regionsrådsvalg,"V. Venstre, Danmarks Liberale Parti","Jette Tibert, Herning",0,Region Midtjylland,Nej,Nej
regionsrådsvalg,"V. Venstre, Danmarks Liberale Parti","Johanne Poulstrup, Aalborg Kommune",0,Region Nordjylland,Nej,Nej
regionsrådsvalg,"V. Venstre, Danmarks Liberale Parti","John Madsen, Viborg",0,Region Midtjylland,Nej,Nej
regionsrådsvalg,"V. Venstre, Danmarks Liberale Parti","John Schmidt Andersen, Frederikssund",0,Region Østdanmark,Nej,Nej
regionsrådsvalg,"V. Venstre, Danmarks Liberale Parti","Jonas Pullich, Odense",0,Region Syddanmark,Nej,Nej
regionsrådsvalg,"V. Venstre, Danmarks Liberale Parti","Josefine Paaske, Køge",0,Region Østdanmark,Nej,Nej
regionsrådsvalg,"V. Venstre, Danmarks Liberale Parti","Julie Bruus Jensen, Odense",0,Region Syddanmark,Nej,Nej
regionsrådsvalg,"V. Venstre, Danmarks Liberale Parti","Jørgen Johannsen, Odder",0,Region Midtjylland,Nej,Nej
regionsrådsvalg,"V. Venstre, Danmarks Liberale Parti","Kaj Refslund, Nyborg",0,Region Syddanmark,Nej,Nej
regionsrådsvalg,"V. Venstre, Danmarks Liberale Parti","Karin Nødgaard, Ringsted",0,Region Østdanmark,Nej,Nej
regionsrådsvalg,"V. Venstre, Danmarks Liberale Parti","Karina Aamann, Horsens",0,Region Midtjylland,Nej,Nej
regionsrådsvalg,"V. Venstre, Danmarks Liberale Parti","Ken Guldberg Jespersen, Kerteminde",0,Region Syddanmark,Nej,Nej
regionsrådsvalg,"V. Venstre, Danmarks Liberale Parti","Kent Mosgård, Middelfart",0,Region Syddanmark,Nej,Nej
regionsrådsvalg,"V. Venstre, Danmarks Liberale Parti","Kristian Ahle, Ringkøbing-Skjern",0,Region Midtjylland,Nej,Nej
regionsrådsvalg,"V. Venstre, Danmarks Liberale Parti","Kristina Kongsted, Helsingør",0,Region Østdanmark,Nej,Nej
regionsrådsvalg,"V. Venstre, Danmarks Liberale Parti","Kåre Spliid, Sorø",0,Region Østdanmark,Nej,Nej
regionsrådsvalg,"V. Venstre, Danmarks Liberale Parti","Lars Erik Hornemann, Langeland",0,Region Syddanmark,Nej,Nej
regionsrådsvalg,"V. Venstre, Danmarks Liberale Parti","Lasse Rich Henningsen, Aalborg",0,Region Nordjylland,Nej,Nej
regionsrådsvalg,"V. Venstre, Danmarks Liberale Parti","Laurids Schack, Bramming",0,Region Syddanmark,Nej,Nej
regionsrådsvalg,"V. Venstre, Danmarks Liberale Parti","Leif Christensen, Sæby",0,Region Nordjylland,Nej,Nej
regionsrådsvalg,"V. Venstre, Danmarks Liberale Parti","Lennarth Hansen, Kolding",0,Region Syddanmark,Nej,Nej
regionsrådsvalg,"V. Venstre, Danmarks Liberale Parti","Lina Hundebøll Jespersen, Thisted",0,Region Nordjylland,Nej,Nej
regionsrådsvalg,"V. Venstre, Danmarks Liberale Parti","Lisa Jonasson, Sønderborg",0,Region Syddanmark,Nej,Nej
regionsrådsvalg,"V. Venstre, Danmarks Liberale Parti","Lisbeth Kjærholt, Høje-Taastrup",0,Region Østdanmark,Nej,Nej
regionsrådsvalg,"V. Venstre, Danmarks Liberale Parti","Lisbeth Skov, Allerød",0,Region Østdanmark,Nej,Nej
regionsrådsvalg,"V. Venstre, Danmarks Liberale Parti",Listestemmer,0,Region Nordjylland,Nej,Nej
regionsrådsvalg,"V. Venstre, Danmarks Liberale Parti","Lone Lundsgaard, Horsens",0,Region Midtjylland,Nej,Nej
regionsrådsvalg,"V. Venstre, Danmarks Liberale Parti","Lone Mortensen, Greve",0,Region Østdanmark,Nej,Nej
regionsrådsvalg,"V. Venstre, Danmarks Liberale Parti","Lone Olsen, Hjørring",0,Region Nordjylland,Nej,Nej
regionsrådsvalg,"V. Venstre, Danmarks Liberale Parti","Louise Høeg, Randers",0,Region Midtjylland,Nej,Nej
regionsrådsvalg,"V. Venstre, Danmarks Liberale Parti","Louise Theilade Thomsen, København",0,Region Østdanmark,Nej,Nej
regionsrådsvalg,"V. Venstre, Danmarks Liberale Parti","Lærke Holm Sø, Aalborg",0,Region Nordjylland,Nej,Nej
regionsrådsvalg,"V. Venstre, Danmarks Liberale Parti","Mads Duedahl, Aalborg",0,Region Nordjylland,Nej,Nej
regionsrådsvalg,"V. Venstre, Danmarks Liberale Parti","Mads Justsen, Gentofte",0,Region Østdanmark,Nej,Nej
regionsrådsvalg,"V. Venstre, Danmarks Liberale Parti","Malou Skeel, Jammerbugt",0,Region Nordjylland,Nej,Nej
regionsrådsvalg,"V. Venstre, Danmarks Liberale Parti","Malthe Broe, Silkeborg",0,Region Midtjylland,Nej,Nej
regionsrådsvalg,"V. Venstre, Danmarks Liberale Parti","Marianne Kirkegaard, Syddjurs",0,Region Midtjylland,Nej,Nej
regionsrådsvalg,"V. Venstre, Danmarks Liberale Parti","Marie Tvergaard, Rebild",0,Region Nordjylland,Nej,Nej
regionsrådsvalg,"V. Venstre, Danmarks Liberale Parti","Mark Bjerre Ebbesen, Køge",0,Region Østdanmark,Nej,Nej
regionsrådsvalg,"V. Venstre, Danmarks Liberale Parti","Martin Boye, Vejen",0,Region Syddanmark,Nej,Nej
regionsrådsvalg,"V. Venstre, Danmarks Liberale Parti","Martin Brag, Hjørring",0,Region Nordjylland,Nej,Nej
regionsrådsvalg,"V. Venstre, Danmarks Liberale Parti","Martin Grønkjær, Brøndby",0,Region Østdanmark,Nej,Nej
regionsrådsvalg,"V. Venstre, Danmarks Liberale Parti","Mette Bossen Linnet, Tønder",0,Region Syddanmark,Nej,Nej
regionsrådsvalg,"V. Venstre, Danmarks Liberale Parti","Mette Hardam, Frederikshavn Kommune",0,Region Nordjylland,Nej,Nej
regionsrådsvalg,"V. Venstre, Danmarks Liberale Parti","Mette Marie Thomsen, Holstebro",0,Region Midtjylland,Nej,Nej
regionsrådsvalg,"V. Venstre, Danmarks Liberale Parti","Mikkel Dam Christensen, Holstebro",0,Region Midtjylland,Nej,Nej
regionsrådsvalg,"V. Venstre, Danmarks Liberale Parti","Mikkel Strube-Weber, Aarhus",0,Region Midtjylland,Nej,Nej
regionsrådsvalg,"V. Venstre, Danmarks Liberale Parti","Mogens Gade, Jammerbugt",0,Region Nordjylland,Nej,Nej
regionsrådsvalg,"V. Venstre, Danmarks Liberale Parti","Morten Bak Josefsen, Aarhus",0,Region Midtjylland,Nej,Nej
regionsrådsvalg,"V. Venstre, Danmarks Liberale Parti","Morten Bille, Ullerød",0,Region Østdanmark,Nej,Nej
regionsrådsvalg,"V. Venstre, Danmarks Liberale Parti","Morten Nørgaard Hald, Brønderslev",0,Region Nordjylland,Nej,Nej
regionsrådsvalg,"V. Venstre, Danmarks Liberale Parti","Nanna Marie Muhlig, Aarhus",0,Region Midtjylland,Nej,Nej
regionsrådsvalg,"V. Venstre, Danmarks Liberale Parti","Niels H. Bünemann, Skagen",0,Region Nordjylland,Nej,Nej
regionsrådsvalg,"V. Venstre, Danmarks Liberale Parti","Niels Hörup, Solrød Strand",0,Region Østdanmark,Nej,Nej
regionsrådsvalg,"V. Venstre, Danmarks Liberale Parti","Nina Skaarup, Måløv",0,Region Østdanmark,Nej,Nej
regionsrådsvalg,"V. Venstre, Danmarks Liberale Parti","Noah B. Bandholm, Vejle",0,Region Syddanmark,Nej,Nej
regionsrådsvalg,"V. Venstre, Danmarks Liberale Parti","Ole Gregersen, Thisted",0,Region Nordjylland,Nej,Nej
regionsrådsvalg,"V. Venstre, Danmarks Liberale Parti","Ole Holm Petersen, Ærø",0,Region Syddanmark,Nej,Nej
regionsrådsvalg,"V. Venstre, Danmarks Liberale Parti","Ole Nør Pedersen, Nibe",0,Region Nordjylland,Nej,Nej
regionsrådsvalg,"V. Venstre, Danmarks Liberale Parti","Paul Thomsen, Farum",0,Region Østdanmark,Nej,Nej
regionsrådsvalg,"V. Venstre, Danmarks Liberale Parti","Per Bisgaard, Vesthimmerland",0,Region Nordjylland,Nej,Nej
regionsrådsvalg,"V. Venstre, Danmarks Liberale Parti","Per Henrik Dålfogt, Rebild",0,Region Nordjylland,Nej,Nej
regionsrådsvalg,"V. Venstre, Danmarks Liberale Parti","Per Roswall, Gribskov",0,Region Østdanmark,Nej,Nej
regionsrådsvalg,"V. Venstre, Danmarks Liberale Parti","Pernelle Jensen, Fredericia",0,Region Syddanmark,Nej,Nej
regionsrådsvalg,"V. Venstre, Danmarks Liberale Parti","Peter Therkildsen, Morsø",0,Region Nordjylland,Nej,Nej
regionsrådsvalg,"V. Venstre, Danmarks Liberale Parti","Phillip Sperling, Aalborg",0,Region Nordjylland,Nej,Nej
regionsrådsvalg,"V. Venstre, Danmarks Liberale Parti","Pia Skourup, Ishøj",0,Region Østdanmark,Nej,Nej
regionsrådsvalg,"V. Venstre, Danmarks Liberale Parti","Poul Berggreen, Silkeborg",0,Region Midtjylland,Nej,Nej
regionsrådsvalg,"V. Venstre, Danmarks Liberale Parti","Preben Friis-Hauge, Varde",0,Region Syddanmark,Nej,Nej
regionsrådsvalg,"V. Venstre, Danmarks Liberale Parti","Randi Mondorf, Rudersdal",0,Region Østdanmark,Nej,Nej
regionsrådsvalg,"V. Venstre, Danmarks Liberale Parti","Rikke Engelbrecht Andersen, Næstved",0,Region Østdanmark,Nej,Nej
regionsrådsvalg,"V. Venstre, Danmarks Liberale Parti","Sebastian Sandgaard, Herning",0,Region Midtjylland,Nej,Nej
regionsrådsvalg,"V. Venstre, Danmarks Liberale Parti","Sigurd Andersen, Nørresundby",0,Region Nordjylland,Nej,Nej
regionsrådsvalg,"V. Venstre, Danmarks Liberale Parti","Steen Jakobsen, Struer",0,Region Midtjylland,Nej,Nej
regionsrådsvalg,"V. Venstre, Danmarks Liberale Parti","Søren Vang Fischer, Kalundborg",0,Region Østdanmark,Nej,Nej
regionsrådsvalg,"V. Venstre, Danmarks Liberale Parti","Søren Wiese, Samsø",0,Region Midtjylland,Nej,Nej
regionsrådsvalg,"V. Venstre, Danmarks Liberale Parti","Tage Petersen, Sønderborg",0,Region Syddanmark,Nej,Nej
regionsrådsvalg,"V. Venstre, Danmarks Liberale Parti","Thomas Møller, Thisted",0,Region Nordjylland,Nej,Nej
regionsrådsvalg,"V. Venstre, Danmarks Liberale Parti","Thomas Rahbek Sloth, Ringkøbing-Skjern",0,Region Midtjylland,Nej,Nej
regionsrådsvalg,"V. Venstre, Danmarks Liberale Parti","Thomas Skov Rasmussen, Egedal",0,Region Østdanmark,Nej,Nej
regionsrådsvalg,"V. Venstre, Danmarks Liberale Parti","Torben Skytte Raahede, København",0,Region Østdanmark,Nej,Nej
regionsrådsvalg,"V. Venstre, Danmarks Liberale Parti","Victoria P. Jørgensen, Odense",0,Region Syddanmark,Nej,Nej
regionsrådsvalg,Y. Velfærdsdemokraterne,Birthe Harritz,0,Region Midtjylland,Nej,Nej
regionsrådsvalg,Y. Velfærdsdemokraterne,Katrine Johanne Ørnebjerg Larsen,0,Region Midtjylland,Nej,Nej
regionsrådsvalg,Y. Velfærdsdemokraterne,Listestemmer,0,Region Midtjylland,Nej,Nej
regionsrådsvalg,Y. Velfærdsdemokraterne,Mette Nielsen,0,Region Midtjylland,Nej,Nej
regionsrådsvalg,Y. Velfærdsdemokraterne,Rikke Cramer Christiansen,0,Region Midtjylland,Nej,Nej
regionsrådsvalg,Å. Alternativet,"Anette Jensen Smith, Hobro",0,Region Nordjylland,Nej,Nej
regionsrådsvalg,Å. Alternativet,"Ann-Sophie Christensen, Odense C",0,Region Syddanmark,Nej,Nej
regionsrådsvalg,Å. Alternativet,"Anne-Marie Hemmeth, Aalborg",0,Region Nordjylland,Nej,Nej
regionsrådsvalg,Å. Alternativet,"Astrid Fogh, Fredericia",0,Region Syddanmark,Nej,Nej
regionsrådsvalg,Å. Alternativet,"Birgitte Kehler Holst, København",0,Region Østdanmark,Nej,Nej
regionsrådsvalg,Å. Alternativet,"Bo Nielsen, Holsted",0,Region Syddanmark,Nej,Nej
regionsrådsvalg,Å. Alternativet,"Bodil Helbo, Odense C",0,Region Syddanmark,Nej,Nej
regionsrådsvalg,Å. Alternativet,"Coco Kjærgaard, Børkop",0,Region Syddanmark,Nej,Nej
regionsrådsvalg,Å. Alternativet,"Hans Biering Fonsbøl, Vejle",0,Region Syddanmark,Nej,Nej
regionsrådsvalg,Å. Alternativet,"Jeppe Spure Nielsen, Aarhus C",0,Region Midtjylland,Nej,Nej
regionsrådsvalg,Å. Alternativet,"Kim Hjerrild, Frederiksberg",0,Region Østdanmark,Nej,Nej
regionsrådsvalg,Å. Alternativet,"Kristian Flindt Dyrkjøb, København V",0,Region Østdanmark,Nej,Nej
regionsrådsvalg,Å. Alternativet,"Liselotte Katarina Rotfeld, Næstved",0,Region Østdanmark,Nej,Nej
regionsrådsvalg,Å. Alternativet,Listestemmer,0,Region Nordjylland,Nej,Nej
regionsrådsvalg,Å. Alternativet,"Mads Damgaard Mortensen, Hedensted",0,Region Midtjylland,Nej,Nej
regionsrådsvalg,Å. Alternativet,"Maria Dalum, Odense",0,Region Syddanmark,Nej,Nej
regionsrådsvalg,Å. Alternativet,"Mariann Hansen, Greve",0,Region Østdanmark,Nej,Nej
regionsrådsvalg,Å. Alternativet,"Martin Kjærulff, København NV",0,Region Østdanmark,Nej,Nej
regionsrådsvalg,Å. Alternativet,"Mette Bram, Frederiksberg",0,Region Østdanmark,Nej,Nej
regionsrådsvalg,Å. Alternativet,"Mette Friis, Nyrup",0,Region Østdanmark,Nej,Nej
regionsrådsvalg,Å. Alternativet,"Michael Monberg, Køge",0,Region Østdanmark,Nej,Nej
regionsrådsvalg,Å. Alternativet,"Mikael Winther, Haderslev",0,Region Syddanmark,Nej,Nej
regionsrådsvalg,Å. Alternativet,"Nana L. Buttenschøn, Glostrup",0,Region Østdanmark,Nej,Nej
regionsrådsvalg,Å. Alternativet,"Nanna Høyrup, Hundested",0,Region Østdanmark,Nej,Nej
regionsrådsvalg,Å. Alternativet,"Nikoline Erbs Hillers-Bendtsen, Aarhus C",0,Region Midtjylland,Nej,Nej
regionsrådsvalg,Å. Alternativet,"Nilas Bay-Foged, Aarhus",0,Region Midtjylland,Nej,Nej
regionsrådsvalg,Å. Alternativet,"Ole Dupont Kofod, Glamsbjerg",0,Region Syddanmark,Nej,Nej
regionsrådsvalg,Å. Alternativet,"Per Fabricius Ramsing, København",0,Region Østdanmark,Nej,Nej
regionsrådsvalg,Å. Alternativet,"Qasam Nazir Ahmad, Frederiksværk",0,Region Østdanmark,Nej,Nej
regionsrådsvalg,Å. Alternativet,"Simon Nyborg Jensen, Odense",0,Region Syddanmark,Nej,Nej
regionsrådsvalg,Å. Alternativet,"Simon Rigét, Gribskov",0,Region Østdanmark,Nej,Nej
regionsrådsvalg,Å. Alternativet,"Stine Isaksen, Viborg",0,Region Midtjylland,Nej,Nej
regionsrådsvalg,Å. Alternativet,"Tenna Duch Schaldemose, Aarhus C",0,Region Midtjylland,Nej,Nej
regionsrådsvalg,Å. Alternativet,"Thomas Anker, København",0,Region Østdanmark,Nej,Nej
regionsrådsvalg,Å. Alternativet,"Thor C. Jonasen, Aarhus N",0,Region Midtjylland,Nej,Nej
regionsrådsvalg,Å. Alternativet,"Yurdal Cicek, Næstved",0,Region Østdanmark,Nej,Nej
regionsrådsvalg,Æ. Danmarksdemokraterne - Inger Støjberg,"Andreas Huus Andersen, Hjørring",0,Region Nordjylland,Nej,Nej
regionsrådsvalg,Æ. Danmarksdemokraterne - Inger Støjberg,"Anja Busch, Faaborg-Midtfyn",0,Region Syddanmark,Nej,Nej
regionsrådsvalg,Æ. Danmarksdemokraterne - Inger Støjberg,"Anna Spindler, Holbæk",0,Region Østdanmark,Nej,Nej
regionsrådsvalg,Æ. Danmarksdemokraterne - Inger Støjberg,"Arne Bo Nissen, Odense",0,Region Syddanmark,Nej,Nej
regionsrådsvalg,Æ. Danmarksdemokraterne - Inger Støjberg,"Arne Olsen, Sorø",0,Region Østdanmark,Nej,Nej
regionsrådsvalg,Æ. Danmarksdemokraterne - Inger Støjberg,"Arne Otto Ditlevsen, Kerteminde",0,Region Syddanmark,Nej,Nej
regionsrådsvalg,Æ. Danmarksdemokraterne - Inger Støjberg,"Arne Raaballe, Vejle",0,Region Syddanmark,Nej,Nej
regionsrådsvalg,Æ. Danmarksdemokraterne - Inger Støjberg,"Arne S. Hansen, Tårnby",0,Region Østdanmark,Nej,Nej
regionsrådsvalg,Æ. Danmarksdemokraterne - Inger Støjberg,"Astrid Barslund, Lejre",0,Region Østdanmark,Nej,Nej
regionsrådsvalg,Æ. Danmarksdemokraterne - Inger Støjberg,"Benny Bindslev, Tårnby",0,Region Østdanmark,Nej,Nej
regionsrådsvalg,Æ. Danmarksdemokraterne - Inger Støjberg,"Benny Damgaard, Lolland",0,Region Østdanmark,Nej,Nej
regionsrådsvalg,Æ. Danmarksdemokraterne - Inger Støjberg,"Bente Abrahamsen, Faxe",0,Region Østdanmark,Nej,Nej
regionsrådsvalg,Æ. Danmarksdemokraterne - Inger Støjberg,"Bente Bjerremann Larsen, Syddjurs",0,Region Midtjylland,Nej,Nej
regionsrådsvalg,Æ. Danmarksdemokraterne - Inger Støjberg,"Betina Bugge, Skive",0,Region Midtjylland,Nej,Nej
regionsrådsvalg,Æ. Danmarksdemokraterne - Inger Støjberg,"Birgitte Sørensen, Vesthimmerland",0,Region Nordjylland,Nej,Nej
regionsrådsvalg,Æ. Danmarksdemokraterne - Inger Støjberg,"Bo Leander Gylling, Horsens",0,Region Midtjylland,Nej,Nej
regionsrådsvalg,Æ. Danmarksdemokraterne - Inger Støjberg,"Bo Sand Kristensen, Ikast-Brande",0,Region Midtjylland,Nej,Nej
regionsrådsvalg,Æ. Danmarksdemokraterne - Inger Støjberg,"Bob Richard Nielsen, Guldborgsund",0,Region Østdanmark,Nej,Nej
regionsrådsvalg,Æ. Danmarksdemokraterne - Inger Støjberg,"Brian Mørch, Solrød",0,Region Østdanmark,Nej,Nej
regionsrådsvalg,Æ. Danmarksdemokraterne - Inger Støjberg,"Brian Winther, Læsø",0,Region Nordjylland,Nej,Nej
regionsrådsvalg,Æ. Danmarksdemokraterne - Inger Støjberg,"Carsten Ullmann Andersen, Brønderslev",0,Region Nordjylland,Nej,Nej
regionsrådsvalg,Æ. Danmarksdemokraterne - Inger Støjberg,"Charlotte Aabye, Ærø",0,Region Syddanmark,Nej,Nej
regionsrådsvalg,Æ. Danmarksdemokraterne - Inger Støjberg,"Christian Martens, Billund",0,Region Syddanmark,Nej,Nej
regionsrådsvalg,Æ. Danmarksdemokraterne - Inger Støjberg,"Daniel Juhl, Faaborg-Midtfyn",0,Region Syddanmark,Nej,Nej
regionsrådsvalg,Æ. Danmarksdemokraterne - Inger Støjberg,"Diana Therese Mikkelsen, Norddjurs",0,Region Midtjylland,Nej,Nej
regionsrådsvalg,Æ. Danmarksdemokraterne - Inger Støjberg,"Dina Person, Slagelse",0,Region Østdanmark,Nej,Nej
regionsrådsvalg,Æ. Danmarksdemokraterne - Inger Støjberg,"Dorthe Mehlberg, Sønderborg",0,Region Syddanmark,Nej,Nej
regionsrådsvalg,Æ. Danmarksdemokraterne - Inger Støjberg,"Edvard Aas, Furesø",0,Region Østdanmark,Nej,Nej
regionsrådsvalg,Æ. Danmarksdemokraterne - Inger Støjberg,"Frederik Storm, Aalborg",0,Region Nordjylland,Nej,Nej
regionsrådsvalg,Æ. Danmarksdemokraterne - Inger Støjberg,"Gitte Bundgaard, Rebild",0,Region Nordjylland,Nej,Nej
regionsrådsvalg,Æ. Danmarksdemokraterne - Inger Støjberg,"Gitte Svendsdatter, Odsherred",0,Region Østdanmark,Nej,Nej
regionsrådsvalg,Æ. Danmarksdemokraterne - Inger Støjberg,"Glenn Hansen, Vordingborg",0,Region Østdanmark,Nej,Nej
regionsrådsvalg,Æ. Danmarksdemokraterne - Inger Støjberg,"Hans Henrik Sørensen, Mariagerfjord",0,Region Nordjylland,Nej,Nej
regionsrådsvalg,Æ. Danmarksdemokraterne - Inger Støjberg,"Helle Jørgensen, Glostrup",0,Region Østdanmark,Nej,Nej
regionsrådsvalg,Æ. Danmarksdemokraterne - Inger Støjberg,"Henning Engelhardt Simonsen, Horsens",0,Region Midtjylland,Nej,Nej
regionsrådsvalg,Æ. Danmarksdemokraterne - Inger Støjberg,"Henrik Grøn, Lemvig",0,Region Midtjylland,Nej,Nej
regionsrådsvalg,Æ. Danmarksdemokraterne - Inger Støjberg,"Henrik Mielke Ravn, Haderslev",0,Region Syddanmark,Nej,Nej
regionsrådsvalg,Æ. Danmarksdemokraterne - Inger Støjberg,"Ida Smed, Aabenraa",0,Region Syddanmark,Nej,Nej
regionsrådsvalg,Æ. Danmarksdemokraterne - Inger Støjberg,"Jakob Kjærsgaard, Herning",0,Region Midtjylland,Nej,Nej
regionsrådsvalg,Æ. Danmarksdemokraterne - Inger Støjberg,"Jakob Svendsen, Viborg",0,Region Midtjylland,Nej,Nej
regionsrådsvalg,Æ. Danmarksdemokraterne - Inger Støjberg,"Jakob Søgaard Clausen, Aarhus",0,Region Midtjylland,Nej,Nej
regionsrådsvalg,Æ. Danmarksdemokraterne - Inger Støjberg,"Jamie Voldby, Brønderslev",0,Region Nordjylland,Nej,Nej
regionsrådsvalg,Æ. Danmarksdemokraterne - Inger Støjberg,"Jeanne Blum, Ringsted",0,Region Østdanmark,Nej,Nej
regionsrådsvalg,Æ. Danmarksdemokraterne - Inger Støjberg,"Jens Nygaard, Frederikshavn",0,Region Nordjylland,Nej,Nej
regionsrådsvalg,Æ. Danmarksdemokraterne - Inger Støjberg,"Jette Wied Weiss, Stevns",0,Region Østdanmark,Nej,Nej
regionsrådsvalg,Æ. Danmarksdemokraterne - Inger Støjberg,"John Haarup Laursen, Skanderborg",0,Region Midtjylland,Nej,Nej
regionsrådsvalg,Æ. Danmarksdemokraterne - Inger Støjberg,"Jonas Lee  Jeppesen, Vejen",0,Region Syddanmark,Nej,Nej
regionsrådsvalg,Æ. Danmarksdemokraterne - Inger Støjberg,"Jonas Nørgaard, Odsherred",0,Region Østdanmark,Nej,Nej
regionsrådsvalg,Æ. Danmarksdemokraterne - Inger Støjberg,"Jonas René Jensen, Middelfart",0,Region Syddanmark,Nej,Nej
regionsrådsvalg,Æ. Danmarksdemokraterne - Inger Støjberg,"Kaj Meng Petersen, Ringkøbing-Skjern",0,Region Midtjylland,Nej,Nej
regionsrådsvalg,Æ. Danmarksdemokraterne - Inger Støjberg,"Kasper Cederholm, København",0,Region Østdanmark,Nej,Nej
regionsrådsvalg,Æ. Danmarksdemokraterne - Inger Støjberg,"Katrine Schiller, Halsnæs",0,Region Østdanmark,Nej,Nej
regionsrådsvalg,Æ. Danmarksdemokraterne - Inger Støjberg,"Ken Riberholt-Rischel, Gribskov",0,Region Østdanmark,Nej,Nej
regionsrådsvalg,Æ. Danmarksdemokraterne - Inger Støjberg,"Kim B. Nielsen, Roskilde",0,Region Østdanmark,Nej,Nej
regionsrådsvalg,Æ. Danmarksdemokraterne - Inger Støjberg,"Kim Edberg Andersen, Rebild",0,Region Nordjylland,Nej,Nej
regionsrådsvalg,Æ. Danmarksdemokraterne - Inger Støjberg,"Kim Lund, Middelfart",0,Region Syddanmark,Nej,Nej
regionsrådsvalg,Æ. Danmarksdemokraterne - Inger Støjberg,"Kirsten Sander Iversen, Hedensted",0,Region Midtjylland,Nej,Nej
regionsrådsvalg,Æ. Danmarksdemokraterne - Inger Støjberg,"Kjeld Jeggesen, Fredericia",0,Region Syddanmark,Nej,Nej
regionsrådsvalg,Æ. Danmarksdemokraterne - Inger Støjberg,"Klaus Kjelstrup, Køge",0,Region Østdanmark,Nej,Nej
regionsrådsvalg,Æ. Danmarksdemokraterne - Inger Støjberg,"Kuno F. Danielsen, Silkeborg",0,Region Midtjylland,Nej,Nej
regionsrådsvalg,Æ. Danmarksdemokraterne - Inger Støjberg,"Laila Poulsen, Vejen",0,Region Syddanmark,Nej,Nej
regionsrådsvalg,Æ. Danmarksdemokraterne - Inger Støjberg,"Lars Findsen, Nyborg",0,Region Syddanmark,Nej,Nej
regionsrådsvalg,Æ. Danmarksdemokraterne - Inger Støjberg,"Lars Mejsner, Middelfart",0,Region Syddanmark,Nej,Nej
regionsrådsvalg,Æ. Danmarksdemokraterne - Inger Støjberg,"Linda Lund Lauridsen, Esbjerg",0,Region Syddanmark,Nej,Nej
regionsrådsvalg,Æ. Danmarksdemokraterne - Inger Støjberg,"Liselotte Tranekær Fjellø-Jensen, Svendborg",0,Region Syddanmark,Nej,Nej
regionsrådsvalg,Æ. Danmarksdemokraterne - Inger Støjberg,Listestemmer,0,Region Nordjylland,Nej,Nej
regionsrådsvalg,Æ. Danmarksdemokraterne - Inger Støjberg,"Lone Glarbo, Favrskov",0,Region Midtjylland,Nej,Nej
regionsrådsvalg,Æ. Danmarksdemokraterne - Inger Støjberg,"Maibritt Nielsen, Frederikssund",0,Region Østdanmark,Nej,Nej
regionsrådsvalg,Æ. Danmarksdemokraterne - Inger Støjberg,"Marcus Juul Grønbæk, Ringkøbing-Skjern",0,Region Midtjylland,Nej,Nej
regionsrådsvalg,Æ. Danmarksdemokraterne - Inger Støjberg,"Marie Hansen, Kalundborg",0,Region Østdanmark,Nej,Nej
regionsrådsvalg,Æ. Danmarksdemokraterne - Inger Støjberg,"Martin Ludvigsen, Kerteminde",0,Region Syddanmark,Nej,Nej
regionsrådsvalg,Æ. Danmarksdemokraterne - Inger Støjberg,"Meiner Nørgaard, Morsø",0,Region Nordjylland,Nej,Nej
regionsrådsvalg,Æ. Danmarksdemokraterne - Inger Støjberg,"Michael Hendriksen, Bornholm",0,Region Østdanmark,Nej,Nej
regionsrådsvalg,Æ. Danmarksdemokraterne - Inger Støjberg,"Michael Rosenmark, Ringsted",0,Region Østdanmark,Nej,Nej
regionsrådsvalg,Æ. Danmarksdemokraterne - Inger Støjberg,"Mikkel Sommer, Struer",0,Region Midtjylland,Nej,Nej
regionsrådsvalg,Æ. Danmarksdemokraterne - Inger Støjberg,"Nina Røntved Krog, Thisted",0,Region Nordjylland,Nej,Nej
regionsrådsvalg,Æ. Danmarksdemokraterne - Inger Støjberg,"Palle Kristiansen, Slagelse",0,Region Østdanmark,Nej,Nej
regionsrådsvalg,Æ. Danmarksdemokraterne - Inger Støjberg,"Per Salling, Jammerbugt",0,Region Nordjylland,Nej,Nej
regionsrådsvalg,Æ. Danmarksdemokraterne - Inger Støjberg,"Per de Fries, Mariagerfjord",0,Region Nordjylland,Nej,Nej
regionsrådsvalg,Æ. Danmarksdemokraterne - Inger Støjberg,"Peter Wallenskog, Frederikshavn",0,Region Nordjylland,Nej,Nej
regionsrådsvalg,Æ. Danmarksdemokraterne - Inger Støjberg,"Ronald Kongstad, Fredericia",0,Region Syddanmark,Nej,Nej
regionsrådsvalg,Æ. Danmarksdemokraterne - Inger Støjberg,"Susanne Damsgaard, Gladsaxe",0,Region Østdanmark,Nej,Nej
regionsrådsvalg,Æ. Danmarksdemokraterne - Inger Støjberg,"Susanne Dyreborg, Esbjerg",0,Region Syddanmark,Nej,Nej
regionsrådsvalg,Æ. Danmarksdemokraterne - Inger Støjberg,"Therese Skaarup, Gentofte",0,Region Østdanmark,Nej,Nej
regionsrådsvalg,Æ. Danmarksdemokraterne - Inger Støjberg,"Thomas Majgaard Byrsing, Kolding",0,Region Syddanmark,Nej,Nej
regionsrådsvalg,Æ. Danmarksdemokraterne - Inger Støjberg,"Torben Thrue, Randers",0,Region Midtjylland,Nej,Nej
regionsrådsvalg,Æ. Danmarksdemokraterne - Inger Støjberg,"Torbjørn Fristed, Varde",0,Region Syddanmark,Nej,Nej
regionsrådsvalg,Æ. Danmarksdemokraterne - Inger Støjberg,"Vivi Altenburg, Ringkøbing-Skjern",0,Region Midtjylland,Nej,Nej
regionsrådsvalg,Æ. Danmarksdemokraterne - Inger Støjberg,"Vivian Lindberg Larsen, Assens",0,Region Syddanmark,Nej,Nej
regionsrådsvalg,Ø. Enhedslisten - De Rød-Grønne,"Agnethe Clemmensen, Herning",0,Region Midtjylland,Nej,Nej
regionsrådsvalg,Ø. Enhedslisten - De Rød-Grønne,"Aksel Rosager Johansen, Viborg",0,Region Midtjylland,Nej,Nej
regionsrådsvalg,Ø. Enhedslisten - De Rød-Grønne,"Amanda Amadea Badu, Lejre",0,Region Østdanmark,Nej,Nej
regionsrådsvalg,Ø. Enhedslisten - De Rød-Grønne,"Annemette Chemnitz Eilers, Brønderslev",0,Region Nordjylland,Nej,Nej
regionsrådsvalg,Ø. Enhedslisten - De Rød-Grønne,"Annemette Leth Nielsen, Kværndrup",0,Region Syddanmark,Nej,Nej
regionsrådsvalg,Ø. Enhedslisten - De Rød-Grønne,"Annie Hagel, Gilleleje",0,Region Østdanmark,Nej,Nej
regionsrådsvalg,Ø. Enhedslisten - De Rød-Grønne,"Arne Würgler, Gribskov",0,Region Østdanmark,Nej,Nej
regionsrådsvalg,Ø. Enhedslisten - De Rød-Grønne,"Bent Skovgaard Olsen, Skørping",0,Region Nordjylland,Nej,Nej
regionsrådsvalg,Ø. Enhedslisten - De Rød-Grønne,"Bente Lerche-Thomsen, Guldborgsund",0,Region Østdanmark,Nej,Nej
regionsrådsvalg,Ø. Enhedslisten - De Rød-Grønne,"Birgit Gedionsen, Solrød",0,Region Østdanmark,Nej,Nej
regionsrådsvalg,Ø. Enhedslisten - De Rød-Grønne,"Birgit Jensen Hamming, Holbæk",0,Region Østdanmark,Nej,Nej
regionsrådsvalg,Ø. Enhedslisten - De Rød-Grønne,"Birthe Oesterling Andersen, Løjt Kirkeby",0,Region Syddanmark,Nej,Nej
regionsrådsvalg,Ø. Enhedslisten - De Rød-Grønne,"Bruno Jerup, Næstved",0,Region Østdanmark,Nej,Nej
regionsrådsvalg,Ø. Enhedslisten - De Rød-Grønne,"Børge Bondeven Frederiksen, Skagen",0,Region Nordjylland,Nej,Nej
regionsrådsvalg,Ø. Enhedslisten - De Rød-Grønne,"Carli Hækkerup, Ringsted",0,Region Østdanmark,Nej,Nej
regionsrådsvalg,Ø. Enhedslisten - De Rød-Grønne,"Cecilie Roed Schultz, Fredericia",0,Region Syddanmark,Nej,Nej
regionsrådsvalg,Ø. Enhedslisten - De Rød-Grønne,"Christian Wegener Jørgensen, København",0,Region Østdanmark,Nej,Nej
regionsrådsvalg,Ø. Enhedslisten - De Rød-Grønne,"Christina Eilers, Brønderslev",0,Region Nordjylland,Nej,Nej
regionsrådsvalg,Ø. Enhedslisten - De Rød-Grønne,"Christina Hedegaard Hansen, Horsens",0,Region Midtjylland,Nej,Nej
regionsrådsvalg,Ø. Enhedslisten - De Rød-Grønne,"Christopher Ammentorp, Vissenbjerg",0,Region Syddanmark,Nej,Nej
regionsrådsvalg,Ø. Enhedslisten - De Rød-Grønne,"Claus Græsholm, Hedensted",0,Region Midtjylland,Nej,Nej
regionsrådsvalg,Ø. Enhedslisten - De Rød-Grønne,"Dan Kiving, Sorø",0,Region Østdanmark,Nej,Nej
regionsrådsvalg,Ø. Enhedslisten - De Rød-Grønne,"Dennis Munk Lionett, Randers",0,Region Midtjylland,Nej,Nej
regionsrådsvalg,Ø. Enhedslisten - De Rød-Grønne,"Dirk Müller, Bogense",0,Region Syddanmark,Nej,Nej
regionsrådsvalg,Ø. Enhedslisten - De Rød-Grønne,"Else Kayser, Århus",0,Region Midtjylland,Nej,Nej
regionsrådsvalg,Ø. Enhedslisten - De Rød-Grønne,"Esther Daugaard, Århus",0,Region Midtjylland,Nej,Nej
regionsrådsvalg,Ø. Enhedslisten - De Rød-Grønne,"Gert Petersen, Roskilde",0,Region Østdanmark,Nej,Nej
regionsrådsvalg,Ø. Enhedslisten - De Rød-Grønne,"Gül Øzcan, Glostrup",0,Region Østdanmark,Nej,Nej
regionsrådsvalg,Ø. Enhedslisten - De Rød-Grønne,"Harald Viuff, København SV",0,Region Østdanmark,Nej,Nej
regionsrådsvalg,Ø. Enhedslisten - De Rød-Grønne,"Helena Hedegaard Udsen, København",0,Region Østdanmark,Nej,Nej
regionsrådsvalg,Ø. Enhedslisten - De Rød-Grønne,"Helene Vadsten, Sorø",0,Region Østdanmark,Nej,Nej
regionsrådsvalg,Ø. Enhedslisten - De Rød-Grønne,"Helle Nørgaard Lundsby, Skive",0,Region Midtjylland,Nej,Nej
regionsrådsvalg,Ø. Enhedslisten - De Rød-Grønne,"Helle Nørregaard, Vordingborg",0,Region Østdanmark,Nej,Nej
regionsrådsvalg,Ø. Enhedslisten - De Rød-Grønne,"Henning Bo Madsen, Ringkøbing",0,Region Midtjylland,Nej,Nej
regionsrådsvalg,Ø. Enhedslisten - De Rød-Grønne,"Henrik Qvist, Skanderborg",0,Region Midtjylland,Nej,Nej
regionsrådsvalg,Ø. Enhedslisten - De Rød-Grønne,"Jacob Conrad, Aars",0,Region Nordjylland,Nej,Nej
regionsrådsvalg,Ø. Enhedslisten - De Rød-Grønne,"Jan Erik Abildskov Nielsen, Lolland",0,Region Østdanmark,Nej,Nej
regionsrådsvalg,Ø. Enhedslisten - De Rød-Grønne,"Jan Kjærgaard, Faxe",0,Region Østdanmark,Nej,Nej
regionsrådsvalg,Ø. Enhedslisten - De Rød-Grønne,"Janus Balleby Rønbach, Brøndby",0,Region Østdanmark,Nej,Nej
regionsrådsvalg,Ø. Enhedslisten - De Rød-Grønne,"Jenny Rørbæk, Aalborg Øst",0,Region Nordjylland,Nej,Nej
regionsrådsvalg,Ø. Enhedslisten - De Rød-Grønne,"Jens Lindved, Århus",0,Region Midtjylland,Nej,Nej
regionsrådsvalg,Ø. Enhedslisten - De Rød-Grønne,"Jeppe Lynge Ravn, Odsherred",0,Region Østdanmark,Nej,Nej
regionsrådsvalg,Ø. Enhedslisten - De Rød-Grønne,"Jeppe Mariager, Svendborg",0,Region Syddanmark,Nej,Nej
regionsrådsvalg,Ø. Enhedslisten - De Rød-Grønne,"Jette Manthey Søgaard, Samsø",0,Region Midtjylland,Nej,Nej
regionsrådsvalg,Ø. Enhedslisten - De Rød-Grønne,"Johanna-Maria Precht, Sønderborg",0,Region Syddanmark,Nej,Nej
regionsrådsvalg,Ø. Enhedslisten - De Rød-Grønne,"Johannes Jacobsen, Køge",0,Region Østdanmark,Nej,Nej
regionsrådsvalg,Ø. Enhedslisten - De Rød-Grønne,"John Søndergaard, Frederikshavn",0,Region Nordjylland,Nej,Nej
regionsrådsvalg,Ø. Enhedslisten - De Rød-Grønne,"John Ørtoft, Vejgaard",0,Region Nordjylland,Nej,Nej
regionsrådsvalg,Ø. Enhedslisten - De Rød-Grønne,"Jørgen Madsen, Silkeborg",0,Region Midtjylland,Nej,Nej
regionsrådsvalg,Ø. Enhedslisten - De Rød-Grønne,"Jørgen Olsson, Birkelse",0,Region Nordjylland,Nej,Nej
regionsrådsvalg,Ø. Enhedslisten - De Rød-Grønne,"Kim Larsen, Kastrup",0,Region Østdanmark,Nej,Nej
regionsrådsvalg,Ø. Enhedslisten - De Rød-Grønne,"Kim Ries Jensen, Lemvig",0,Region Midtjylland,Nej,Nej
regionsrådsvalg,Ø. Enhedslisten - De Rød-Grønne,"Klavs Bryld, Grenaa",0,Region Midtjylland,Nej,Nej
regionsrådsvalg,Ø. Enhedslisten - De Rød-Grønne,"Kristjar Skajaa, Malling",0,Region Midtjylland,Nej,Nej
regionsrådsvalg,Ø. Enhedslisten - De Rød-Grønne,"Lars Dohn, Herning",0,Region Midtjylland,Nej,Nej
regionsrådsvalg,Ø. Enhedslisten - De Rød-Grønne,"Lars Mogensen, Esbjerg",0,Region Syddanmark,Nej,Nej
regionsrådsvalg,Ø. Enhedslisten - De Rød-Grønne,"Lasse Mejer Petersen, Brønderslev",0,Region Nordjylland,Nej,Nej
regionsrådsvalg,Ø. Enhedslisten - De Rød-Grønne,"Leif Gjørtz, Odder",0,Region Midtjylland,Nej,Nej
regionsrådsvalg,Ø. Enhedslisten - De Rød-Grønne,"Linda Nørgaard, Thy",0,Region Nordjylland,Nej,Nej
regionsrådsvalg,Ø. Enhedslisten - De Rød-Grønne,Listestemmer,0,Region Nordjylland,Nej,Nej
regionsrådsvalg,Ø. Enhedslisten - De Rød-Grønne,"Luise Bak, Vallensbæk",0,Region Østdanmark,Nej,Nej
regionsrådsvalg,Ø. Enhedslisten - De Rød-Grønne,"Mai Jensen, Brønderslev",0,Region Nordjylland,Nej,Nej
regionsrådsvalg,Ø. Enhedslisten - De Rød-Grønne,"Marianne Bentsen, Holstebro",0,Region Midtjylland,Nej,Nej
regionsrådsvalg,Ø. Enhedslisten - De Rød-Grønne,"Marianne Dithmer, Herlev",0,Region Østdanmark,Nej,Nej
regionsrådsvalg,Ø. Enhedslisten - De Rød-Grønne,"Marianne Pacarada, Svendborg",0,Region Syddanmark,Nej,Nej
regionsrådsvalg,Ø. Enhedslisten - De Rød-Grønne,"Martin Buhl, Frederiksberg",0,Region Østdanmark,Nej,Nej
regionsrådsvalg,Ø. Enhedslisten - De Rød-Grønne,"Martin Schmidt Konradsen, Odense",0,Region Syddanmark,Nej,Nej
regionsrådsvalg,Ø. Enhedslisten - De Rød-Grønne,"Mathias D. Christiansen, Sydbyen i Haderslev",0,Region Syddanmark,Nej,Nej
regionsrådsvalg,Ø. Enhedslisten - De Rød-Grønne,"Mathias Skrydstrup Kristensen, Aalborg",0,Region Nordjylland,Nej,Nej
regionsrådsvalg,Ø. Enhedslisten - De Rød-Grønne,"Mette Bang Larsen, Frederiksberg",0,Region Østdanmark,Nej,Nej
regionsrådsvalg,Ø. Enhedslisten - De Rød-Grønne,"Michael Hemming Nielsen, Gribskov",0,Region Østdanmark,Nej,Nej
regionsrådsvalg,Ø. Enhedslisten - De Rød-Grønne,"Mikkel Fahlstrøm, Fanø",0,Region Syddanmark,Nej,Nej
regionsrådsvalg,Ø. Enhedslisten - De Rød-Grønne,"Morten Hjort, Stege",0,Region Østdanmark,Nej,Nej
regionsrådsvalg,Ø. Enhedslisten - De Rød-Grønne,"Morten Pabst Petersen, Middelfart",0,Region Syddanmark,Nej,Nej
regionsrådsvalg,Ø. Enhedslisten - De Rød-Grønne,"Morten Stig Pedersen, Holbæk",0,Region Østdanmark,Nej,Nej
regionsrådsvalg,Ø. Enhedslisten - De Rød-Grønne,"Niels Bjarne Lund, Bogense",0,Region Syddanmark,Nej,Nej
regionsrådsvalg,Ø. Enhedslisten - De Rød-Grønne,"Niels Erik Danielsen, Høng",0,Region Østdanmark,Nej,Nej
regionsrådsvalg,Ø. Enhedslisten - De Rød-Grønne,"Ove Abildgaard, Beder",0,Region Midtjylland,Nej,Nej
regionsrådsvalg,Ø. Enhedslisten - De Rød-Grønne,"Palle Eghjort, Vordingborg",0,Region Østdanmark,Nej,Nej
regionsrådsvalg,Ø. Enhedslisten - De Rød-Grønne,"Per Guldbrandsen, Århus",0,Region Midtjylland,Nej,Nej
regionsrådsvalg,Ø. Enhedslisten - De Rød-Grønne,"Pernille Andreasen, Arentsminde",0,Region Nordjylland,Nej,Nej
regionsrådsvalg,Ø. Enhedslisten - De Rød-Grønne,"Peter Roswall, Stevns",0,Region Østdanmark,Nej,Nej
regionsrådsvalg,Ø. Enhedslisten - De Rød-Grønne,"Peter la Cour, Hvidovre",0,Region Østdanmark,Nej,Nej
regionsrådsvalg,Ø. Enhedslisten - De Rød-Grønne,"Preben Rasmussen, Aabenraa",0,Region Syddanmark,Nej,Nej
regionsrådsvalg,Ø. Enhedslisten - De Rød-Grønne,"Randi Lund Jepsen, Syddjurs",0,Region Midtjylland,Nej,Nej
regionsrådsvalg,Ø. Enhedslisten - De Rød-Grønne,"Rasmus Petersen, Frederikssund",0,Region Østdanmark,Nej,Nej
regionsrådsvalg,Ø. Enhedslisten - De Rød-Grønne,"Runa Friis Hansen, Hjørring",0,Region Nordjylland,Nej,Nej
regionsrådsvalg,Ø. Enhedslisten - De Rød-Grønne,"Sanne Friborg, Bornholm",0,Region Østdanmark,Nej,Nej
regionsrådsvalg,Ø. Enhedslisten - De Rød-Grønne,"Sarah Nørris, Esbjerg",0,Region Syddanmark,Nej,Nej
regionsrådsvalg,Ø. Enhedslisten - De Rød-Grønne,"Susanne Flydtkjær, Aalborg",0,Region Nordjylland,Nej,Nej
regionsrådsvalg,Ø. Enhedslisten - De Rød-Grønne,"Susanne Pahlmann, Greve",0,Region Østdanmark,Nej,Nej
regionsrådsvalg,Ø. Enhedslisten - De Rød-Grønne,"Søren B. Andersen, Aalborg",0,Region Nordjylland,Nej,Nej
regionsrådsvalg,Ø. Enhedslisten - De Rød-Grønne,"Søren Rasmussen, Vangede",0,Region Østdanmark,Nej,Nej
regionsrådsvalg,Ø. Enhedslisten - De Rød-Grønne,"Søren Thomsen, Silkeborg",0,Region Midtjylland,Nej,Nej
regionsrådsvalg,Ø. Enhedslisten - De Rød-Grønne,"Thake Fogh Cordt, Favrskov",0,Region Midtjylland,Nej,Nej
regionsrådsvalg,Ø. Enhedslisten - De Rød-Grønne,"Thomas Skov Jensen, Odense",0,Region Syddanmark,Nej,Nej
regionsrådsvalg,Ø. Enhedslisten - De Rød-Grønne,"Thomas Søndergaard Ammons, Vejle",0,Region Syddanmark,Nej,Nej
regionsrådsvalg,Ø. Enhedslisten - De Rød-Grønne,"Thue Christian Thann Nikolajsen, København NV",0,Region Østdanmark,Nej,Nej
regionsrådsvalg,Ø. Enhedslisten - De Rød-Grønne,"Torben Conrad, København N",0,Region Østdanmark,Nej,Nej
regionsrådsvalg,Ø. Enhedslisten - De Rød-Grønne,"Tormod Olsen, København",0,Region Østdanmark,Nej,Nej
regionsrådsvalg,Ø. Enhedslisten - De Rød-Grønne,"Åge Skovrind, Roskilde",0,Region Østdanmark,Nej,Nej
